timestamp,Value (celsius),name
18:14:43.245,22.000000,System Temp
18:14:43.745,22.000000,System Temp
18:14:44.245,22.000000,System Temp
18:14:44.745,22.000000,System Temp
18:14:45.245,22.000000,System Temp
18:14:45.745,22.000000,System Temp
18:14:46.245,22.000000,System Temp
18:14:46.745,22.000000,System Temp
18:14:47.245,22.000000,System Temp
18:14:47.745,22.000000,System Temp
18:14:48.245,22.000000,System Temp
18:14:48.745,22.000000,System Temp
18:14:49.245,22.000000,System Temp
18:14:49.745,22.000000,System Temp
18:14:50.245,22.000000,System Temp
18:14:50.745,22.000000,System Temp
18:14:51.245,22.000000,System Temp
18:14:51.745,22.000000,System Temp
18:14:52.245,22.000000,System Temp
18:14:52.745,22.000000,System Temp
18:14:53.245,22.000000,System Temp
18:14:43.245,39.000000,Peripheral Temp
18:14:43.745,39.000000,Peripheral Temp
18:14:44.245,39.000000,Peripheral Temp
18:14:44.745,39.000000,Peripheral Temp
18:14:45.245,39.000000,Peripheral Temp
18:14:45.745,39.000000,Peripheral Temp
18:14:46.245,39.000000,Peripheral Temp
18:14:46.745,39.000000,Peripheral Temp
18:14:47.245,39.000000,Peripheral Temp
18:14:47.745,39.000000,Peripheral Temp
18:14:48.245,39.000000,Peripheral Temp
18:14:48.745,39.000000,Peripheral Temp
18:14:49.245,39.000000,Peripheral Temp
18:14:49.745,39.000000,Peripheral Temp
18:14:50.245,39.000000,Peripheral Temp
18:14:50.745,39.000000,Peripheral Temp
18:14:51.245,39.000000,Peripheral Temp
18:14:51.745,39.000000,Peripheral Temp
18:14:52.245,39.000000,Peripheral Temp
18:14:52.745,39.000000,Peripheral Temp
18:14:53.245,39.000000,Peripheral Temp
18:14:43.245,50.000000,AOC_NIC2 Temp
18:14:43.745,50.000000,AOC_NIC2 Temp
18:14:44.245,50.000000,AOC_NIC2 Temp
18:14:44.745,50.000000,AOC_NIC2 Temp
18:14:45.245,50.000000,AOC_NIC2 Temp
18:14:45.745,50.000000,AOC_NIC2 Temp
18:14:46.245,50.000000,AOC_NIC2 Temp
18:14:46.745,50.000000,AOC_NIC2 Temp
18:14:47.245,50.000000,AOC_NIC2 Temp
18:14:47.745,50.000000,AOC_NIC2 Temp
18:14:48.245,50.000000,AOC_NIC2 Temp
18:14:48.745,50.000000,AOC_NIC2 Temp
18:14:49.245,50.000000,AOC_NIC2 Temp
18:14:49.745,50.000000,AOC_NIC2 Temp
18:14:50.245,50.000000,AOC_NIC2 Temp
18:14:50.745,50.000000,AOC_NIC2 Temp
18:14:51.245,50.000000,AOC_NIC2 Temp
18:14:51.745,50.000000,AOC_NIC2 Temp
18:14:52.245,50.000000,AOC_NIC2 Temp
18:14:52.745,50.000000,AOC_NIC2 Temp
18:14:53.245,50.000000,AOC_NIC2 Temp
18:14:43.245,28.000000,NVMe_SSDA Temp 
18:14:43.745,28.000000,NVMe_SSDA Temp 
18:14:44.245,28.000000,NVMe_SSDA Temp 
18:14:44.745,28.000000,NVMe_SSDA Temp 
18:14:45.245,28.000000,NVMe_SSDA Temp 
18:14:45.745,28.000000,NVMe_SSDA Temp 
18:14:46.245,28.000000,NVMe_SSDA Temp 
18:14:46.745,28.000000,NVMe_SSDA Temp 
18:14:47.245,28.000000,NVMe_SSDA Temp 
18:14:47.745,28.000000,NVMe_SSDA Temp 
18:14:48.245,28.000000,NVMe_SSDA Temp 
18:14:48.745,28.000000,NVMe_SSDA Temp 
18:14:49.245,28.000000,NVMe_SSDA Temp 
18:14:49.745,28.000000,NVMe_SSDA Temp 
18:14:50.245,28.000000,NVMe_SSDA Temp 
18:14:50.745,28.000000,NVMe_SSDA Temp 
18:14:51.245,28.000000,NVMe_SSDA Temp 
18:14:51.745,28.000000,NVMe_SSDA Temp 
18:14:52.245,28.000000,NVMe_SSDA Temp 
18:14:52.745,28.000000,NVMe_SSDA Temp 
18:14:53.245,28.000000,NVMe_SSDA Temp 
18:14:43.245,67.000000,NIC Temp
18:14:43.745,67.000000,NIC Temp
18:14:44.245,67.000000,NIC Temp
18:14:44.745,67.000000,NIC Temp
18:14:45.245,67.000000,NIC Temp
18:14:45.745,67.000000,NIC Temp
18:14:46.245,67.000000,NIC Temp
18:14:46.745,67.000000,NIC Temp
18:14:47.245,67.000000,NIC Temp
18:14:47.745,67.000000,NIC Temp
18:14:48.245,67.000000,NIC Temp
18:14:48.745,67.000000,NIC Temp
18:14:49.245,67.000000,NIC Temp
18:14:49.745,67.000000,NIC Temp
18:14:50.245,67.000000,NIC Temp
18:14:50.745,67.000000,NIC Temp
18:14:51.245,67.000000,NIC Temp
18:14:51.745,67.000000,NIC Temp
18:14:52.245,67.000000,NIC Temp
18:14:52.745,67.000000,NIC Temp
18:14:53.245,67.000000,NIC Temp
18:14:43.245,29.000000,CPU_VRM0 Temp
18:14:43.745,29.000000,CPU_VRM0 Temp
18:14:44.245,29.000000,CPU_VRM0 Temp
18:14:44.745,29.000000,CPU_VRM0 Temp
18:14:45.245,29.000000,CPU_VRM0 Temp
18:14:45.745,29.000000,CPU_VRM0 Temp
18:14:46.245,29.000000,CPU_VRM0 Temp
18:14:46.745,29.000000,CPU_VRM0 Temp
18:14:47.245,29.000000,CPU_VRM0 Temp
18:14:47.745,29.000000,CPU_VRM0 Temp
18:14:48.245,29.000000,CPU_VRM0 Temp
18:14:48.745,29.000000,CPU_VRM0 Temp
18:14:49.245,29.000000,CPU_VRM0 Temp
18:14:49.745,29.000000,CPU_VRM0 Temp
18:14:50.245,29.000000,CPU_VRM0 Temp
18:14:50.745,29.000000,CPU_VRM0 Temp
18:14:51.245,29.000000,CPU_VRM0 Temp
18:14:51.745,29.000000,CPU_VRM0 Temp
18:14:52.245,29.000000,CPU_VRM0 Temp
18:14:52.745,29.000000,CPU_VRM0 Temp
18:14:53.245,29.000000,CPU_VRM0 Temp
18:14:43.245,48.000000,CPU Temp
18:14:43.745,48.000000,CPU Temp
18:14:44.245,48.000000,CPU Temp
18:14:44.745,48.000000,CPU Temp
18:14:45.245,48.000000,CPU Temp
18:14:45.745,48.000000,CPU Temp
18:14:46.245,48.000000,CPU Temp
18:14:46.745,48.000000,CPU Temp
18:14:47.245,48.000000,CPU Temp
18:14:47.745,48.000000,CPU Temp
18:14:48.245,48.000000,CPU Temp
18:14:48.745,48.000000,CPU Temp
18:14:49.245,48.000000,CPU Temp
18:14:49.745,48.000000,CPU Temp
18:14:50.245,48.000000,CPU Temp
18:14:50.745,48.000000,CPU Temp
18:14:51.245,48.000000,CPU Temp
18:14:51.745,48.000000,CPU Temp
18:14:52.245,48.000000,CPU Temp
18:14:52.745,48.000000,CPU Temp
18:14:53.245,48.000000,CPU Temp
18:14:43.245,45.000000,CPU_VRM1 Temp
18:14:43.745,45.000000,CPU_VRM1 Temp
18:14:44.245,45.000000,CPU_VRM1 Temp
18:14:44.745,45.000000,CPU_VRM1 Temp
18:14:45.245,45.000000,CPU_VRM1 Temp
18:14:45.745,45.000000,CPU_VRM1 Temp
18:14:46.245,45.000000,CPU_VRM1 Temp
18:14:46.745,45.000000,CPU_VRM1 Temp
18:14:47.245,45.000000,CPU_VRM1 Temp
18:14:47.745,45.000000,CPU_VRM1 Temp
18:14:48.245,45.000000,CPU_VRM1 Temp
18:14:48.745,45.000000,CPU_VRM1 Temp
18:14:49.245,45.000000,CPU_VRM1 Temp
18:14:49.745,45.000000,CPU_VRM1 Temp
18:14:50.245,45.000000,CPU_VRM1 Temp
18:14:50.745,45.000000,CPU_VRM1 Temp
18:14:51.245,45.000000,CPU_VRM1 Temp
18:14:51.745,45.000000,CPU_VRM1 Temp
18:14:52.245,45.000000,CPU_VRM1 Temp
18:14:52.745,45.000000,CPU_VRM1 Temp
18:14:53.245,45.000000,CPU_VRM1 Temp
18:14:43.245,32.000000,SOC_VRM Temp
18:14:43.745,32.000000,SOC_VRM Temp
18:14:44.245,32.000000,SOC_VRM Temp
18:14:44.745,32.000000,SOC_VRM Temp
18:14:45.245,32.000000,SOC_VRM Temp
18:14:45.745,32.000000,SOC_VRM Temp
18:14:46.245,32.000000,SOC_VRM Temp
18:14:46.745,32.000000,SOC_VRM Temp
18:14:47.245,32.000000,SOC_VRM Temp
18:14:47.745,32.000000,SOC_VRM Temp
18:14:48.245,32.000000,SOC_VRM Temp
18:14:48.745,32.000000,SOC_VRM Temp
18:14:49.245,32.000000,SOC_VRM Temp
18:14:49.745,32.000000,SOC_VRM Temp
18:14:50.245,32.000000,SOC_VRM Temp
18:14:50.745,32.000000,SOC_VRM Temp
18:14:51.245,32.000000,SOC_VRM Temp
18:14:51.745,32.000000,SOC_VRM Temp
18:14:52.245,32.000000,SOC_VRM Temp
18:14:52.745,32.000000,SOC_VRM Temp
18:14:53.245,32.000000,SOC_VRM Temp
18:14:43.245,45.000000,VDDIO_VRM Temp
18:14:43.745,45.000000,VDDIO_VRM Temp
18:14:44.245,45.000000,VDDIO_VRM Temp
18:14:44.745,45.000000,VDDIO_VRM Temp
18:14:45.245,45.000000,VDDIO_VRM Temp
18:14:45.745,45.000000,VDDIO_VRM Temp
18:14:46.245,45.000000,VDDIO_VRM Temp
18:14:46.745,45.000000,VDDIO_VRM Temp
18:14:47.245,45.000000,VDDIO_VRM Temp
18:14:47.745,45.000000,VDDIO_VRM Temp
18:14:48.245,45.000000,VDDIO_VRM Temp
18:14:48.745,45.000000,VDDIO_VRM Temp
18:14:49.245,45.000000,VDDIO_VRM Temp
18:14:49.745,45.000000,VDDIO_VRM Temp
18:14:50.245,45.000000,VDDIO_VRM Temp
18:14:50.745,45.000000,VDDIO_VRM Temp
18:14:51.245,45.000000,VDDIO_VRM Temp
18:14:51.745,45.000000,VDDIO_VRM Temp
18:14:52.245,45.000000,VDDIO_VRM Temp
18:14:52.745,45.000000,VDDIO_VRM Temp
18:14:53.245,45.000000,VDDIO_VRM Temp
18:14:43.245,28.000000,DIMMA~C Temp
18:14:43.745,28.000000,DIMMA~C Temp
18:14:44.245,28.000000,DIMMA~C Temp
18:14:44.745,28.000000,DIMMA~C Temp
18:14:45.245,28.000000,DIMMA~C Temp
18:14:45.745,28.000000,DIMMA~C Temp
18:14:46.245,28.000000,DIMMA~C Temp
18:14:46.745,28.000000,DIMMA~C Temp
18:14:47.245,28.000000,DIMMA~C Temp
18:14:47.745,28.000000,DIMMA~C Temp
18:14:48.245,28.000000,DIMMA~C Temp
18:14:48.745,28.000000,DIMMA~C Temp
18:14:49.245,28.000000,DIMMA~C Temp
18:14:49.745,28.000000,DIMMA~C Temp
18:14:50.245,28.000000,DIMMA~C Temp
18:14:50.745,28.000000,DIMMA~C Temp
18:14:51.245,28.000000,DIMMA~C Temp
18:14:51.745,28.000000,DIMMA~C Temp
18:14:52.245,28.000000,DIMMA~C Temp
18:14:52.745,28.000000,DIMMA~C Temp
18:14:53.245,28.000000,DIMMA~C Temp
18:14:43.245,31.000000,DIMMD~F Temp
18:14:43.745,31.000000,DIMMD~F Temp
18:14:44.245,31.000000,DIMMD~F Temp
18:14:44.745,31.000000,DIMMD~F Temp
18:14:45.245,31.000000,DIMMD~F Temp
18:14:45.745,31.000000,DIMMD~F Temp
18:14:46.245,31.000000,DIMMD~F Temp
18:14:46.745,31.000000,DIMMD~F Temp
18:14:47.245,31.000000,DIMMD~F Temp
18:14:47.745,31.000000,DIMMD~F Temp
18:14:48.245,31.000000,DIMMD~F Temp
18:14:48.745,31.000000,DIMMD~F Temp
18:14:49.245,31.000000,DIMMD~F Temp
18:14:49.745,31.000000,DIMMD~F Temp
18:14:50.245,31.000000,DIMMD~F Temp
18:14:50.745,31.000000,DIMMD~F Temp
18:14:51.245,31.000000,DIMMD~F Temp
18:14:51.745,31.000000,DIMMD~F Temp
18:14:52.245,31.000000,DIMMD~F Temp
18:14:52.745,31.000000,DIMMD~F Temp
18:14:53.245,31.000000,DIMMD~F Temp
18:14:43.245,26.000000,Inlet Temp
18:14:43.745,26.000000,Inlet Temp
18:14:44.245,26.000000,Inlet Temp
18:14:44.745,26.000000,Inlet Temp
18:14:45.245,26.000000,Inlet Temp
18:14:45.745,26.000000,Inlet Temp
18:14:46.245,26.000000,Inlet Temp
18:14:46.745,26.000000,Inlet Temp
18:14:47.245,26.000000,Inlet Temp
18:14:47.745,26.000000,Inlet Temp
18:14:48.245,26.000000,Inlet Temp
18:14:48.745,26.000000,Inlet Temp
18:14:49.245,26.000000,Inlet Temp
18:14:49.745,26.000000,Inlet Temp
18:14:50.245,26.000000,Inlet Temp
18:14:50.745,26.000000,Inlet Temp
18:14:51.245,26.000000,Inlet Temp
18:14:51.745,26.000000,Inlet Temp
18:14:52.245,26.000000,Inlet Temp
18:14:52.745,26.000000,Inlet Temp
18:14:53.245,26.000000,Inlet Temp
18:14:43.171,22.000000,System Temp
18:14:43.671,22.000000,System Temp
18:14:44.171,22.000000,System Temp
18:14:44.671,22.000000,System Temp
18:14:45.171,22.000000,System Temp
18:14:45.671,22.000000,System Temp
18:14:46.171,22.000000,System Temp
18:14:46.671,22.000000,System Temp
18:14:47.171,22.000000,System Temp
18:14:47.671,22.000000,System Temp
18:14:48.171,22.000000,System Temp
18:14:48.671,22.000000,System Temp
18:14:49.171,22.000000,System Temp
18:14:49.671,22.000000,System Temp
18:14:50.171,22.000000,System Temp
18:14:50.671,22.000000,System Temp
18:14:51.171,22.000000,System Temp
18:14:51.671,22.000000,System Temp
18:14:52.171,22.000000,System Temp
18:14:52.671,22.000000,System Temp
18:14:53.171,22.000000,System Temp
18:14:53.671,22.000000,System Temp
18:14:43.171,39.000000,Peripheral Temp
18:14:43.671,39.000000,Peripheral Temp
18:14:44.171,39.000000,Peripheral Temp
18:14:44.671,39.000000,Peripheral Temp
18:14:45.171,39.000000,Peripheral Temp
18:14:45.671,39.000000,Peripheral Temp
18:14:46.171,39.000000,Peripheral Temp
18:14:46.671,39.000000,Peripheral Temp
18:14:47.171,39.000000,Peripheral Temp
18:14:47.671,39.000000,Peripheral Temp
18:14:48.171,39.000000,Peripheral Temp
18:14:48.671,39.000000,Peripheral Temp
18:14:49.171,39.000000,Peripheral Temp
18:14:49.671,39.000000,Peripheral Temp
18:14:50.171,39.000000,Peripheral Temp
18:14:50.671,39.000000,Peripheral Temp
18:14:51.171,39.000000,Peripheral Temp
18:14:51.671,39.000000,Peripheral Temp
18:14:52.171,39.000000,Peripheral Temp
18:14:52.671,39.000000,Peripheral Temp
18:14:53.171,39.000000,Peripheral Temp
18:14:53.671,39.000000,Peripheral Temp
18:14:43.171,50.000000,AOC_NIC2 Temp
18:14:43.671,50.000000,AOC_NIC2 Temp
18:14:44.171,50.000000,AOC_NIC2 Temp
18:14:44.671,50.000000,AOC_NIC2 Temp
18:14:45.171,50.000000,AOC_NIC2 Temp
18:14:45.671,50.000000,AOC_NIC2 Temp
18:14:46.171,50.000000,AOC_NIC2 Temp
18:14:46.671,50.000000,AOC_NIC2 Temp
18:14:47.171,50.000000,AOC_NIC2 Temp
18:14:47.671,50.000000,AOC_NIC2 Temp
18:14:48.171,50.000000,AOC_NIC2 Temp
18:14:48.671,50.000000,AOC_NIC2 Temp
18:14:49.171,50.000000,AOC_NIC2 Temp
18:14:49.671,50.000000,AOC_NIC2 Temp
18:14:50.171,50.000000,AOC_NIC2 Temp
18:14:50.671,50.000000,AOC_NIC2 Temp
18:14:51.171,50.000000,AOC_NIC2 Temp
18:14:51.671,50.000000,AOC_NIC2 Temp
18:14:52.171,50.000000,AOC_NIC2 Temp
18:14:52.671,50.000000,AOC_NIC2 Temp
18:14:53.171,50.000000,AOC_NIC2 Temp
18:14:53.671,50.000000,AOC_NIC2 Temp
18:14:43.171,28.000000,NVMe_SSDA Temp 
18:14:43.671,28.000000,NVMe_SSDA Temp 
18:14:44.171,28.000000,NVMe_SSDA Temp 
18:14:44.671,28.000000,NVMe_SSDA Temp 
18:14:45.171,28.000000,NVMe_SSDA Temp 
18:14:45.671,28.000000,NVMe_SSDA Temp 
18:14:46.171,28.000000,NVMe_SSDA Temp 
18:14:46.671,28.000000,NVMe_SSDA Temp 
18:14:47.171,28.000000,NVMe_SSDA Temp 
18:14:47.671,28.000000,NVMe_SSDA Temp 
18:14:48.171,28.000000,NVMe_SSDA Temp 
18:14:48.671,28.000000,NVMe_SSDA Temp 
18:14:49.171,28.000000,NVMe_SSDA Temp 
18:14:49.671,28.000000,NVMe_SSDA Temp 
18:14:50.171,28.000000,NVMe_SSDA Temp 
18:14:50.671,28.000000,NVMe_SSDA Temp 
18:14:51.171,28.000000,NVMe_SSDA Temp 
18:14:51.671,28.000000,NVMe_SSDA Temp 
18:14:52.171,28.000000,NVMe_SSDA Temp 
18:14:52.671,28.000000,NVMe_SSDA Temp 
18:14:53.171,28.000000,NVMe_SSDA Temp 
18:14:53.671,28.000000,NVMe_SSDA Temp 
18:14:43.171,67.000000,NIC Temp
18:14:43.671,67.000000,NIC Temp
18:14:44.171,67.000000,NIC Temp
18:14:44.671,67.000000,NIC Temp
18:14:45.171,67.000000,NIC Temp
18:14:45.671,67.000000,NIC Temp
18:14:46.171,67.000000,NIC Temp
18:14:46.671,67.000000,NIC Temp
18:14:47.171,67.000000,NIC Temp
18:14:47.671,67.000000,NIC Temp
18:14:48.171,67.000000,NIC Temp
18:14:48.671,67.000000,NIC Temp
18:14:49.171,67.000000,NIC Temp
18:14:49.671,67.000000,NIC Temp
18:14:50.171,67.000000,NIC Temp
18:14:50.671,67.000000,NIC Temp
18:14:51.171,67.000000,NIC Temp
18:14:51.671,67.000000,NIC Temp
18:14:52.171,67.000000,NIC Temp
18:14:52.671,67.000000,NIC Temp
18:14:53.171,67.000000,NIC Temp
18:14:53.671,67.000000,NIC Temp
18:14:43.171,29.000000,CPU_VRM0 Temp
18:14:43.671,29.000000,CPU_VRM0 Temp
18:14:44.171,29.000000,CPU_VRM0 Temp
18:14:44.671,29.000000,CPU_VRM0 Temp
18:14:45.171,29.000000,CPU_VRM0 Temp
18:14:45.671,29.000000,CPU_VRM0 Temp
18:14:46.171,29.000000,CPU_VRM0 Temp
18:14:46.671,29.000000,CPU_VRM0 Temp
18:14:47.171,29.000000,CPU_VRM0 Temp
18:14:47.671,29.000000,CPU_VRM0 Temp
18:14:48.171,29.000000,CPU_VRM0 Temp
18:14:48.671,29.000000,CPU_VRM0 Temp
18:14:49.171,29.000000,CPU_VRM0 Temp
18:14:49.671,29.000000,CPU_VRM0 Temp
18:14:50.171,29.000000,CPU_VRM0 Temp
18:14:50.671,29.000000,CPU_VRM0 Temp
18:14:51.171,29.000000,CPU_VRM0 Temp
18:14:51.671,29.000000,CPU_VRM0 Temp
18:14:52.171,29.000000,CPU_VRM0 Temp
18:14:52.671,29.000000,CPU_VRM0 Temp
18:14:53.171,29.000000,CPU_VRM0 Temp
18:14:53.671,29.000000,CPU_VRM0 Temp
18:14:43.171,48.000000,CPU Temp
18:14:43.671,48.000000,CPU Temp
18:14:44.171,48.000000,CPU Temp
18:14:44.671,48.000000,CPU Temp
18:14:45.171,48.000000,CPU Temp
18:14:45.671,48.000000,CPU Temp
18:14:46.171,48.000000,CPU Temp
18:14:46.671,48.000000,CPU Temp
18:14:47.171,48.000000,CPU Temp
18:14:47.671,48.000000,CPU Temp
18:14:48.171,48.000000,CPU Temp
18:14:48.671,48.000000,CPU Temp
18:14:49.171,48.000000,CPU Temp
18:14:49.671,48.000000,CPU Temp
18:14:50.171,48.000000,CPU Temp
18:14:50.671,48.000000,CPU Temp
18:14:51.171,48.000000,CPU Temp
18:14:51.671,48.000000,CPU Temp
18:14:52.171,48.000000,CPU Temp
18:14:52.671,48.000000,CPU Temp
18:14:53.171,48.000000,CPU Temp
18:14:53.671,48.000000,CPU Temp
18:14:43.171,45.000000,CPU_VRM1 Temp
18:14:43.671,45.000000,CPU_VRM1 Temp
18:14:44.171,45.000000,CPU_VRM1 Temp
18:14:44.671,45.000000,CPU_VRM1 Temp
18:14:45.171,45.000000,CPU_VRM1 Temp
18:14:45.671,45.000000,CPU_VRM1 Temp
18:14:46.171,45.000000,CPU_VRM1 Temp
18:14:46.671,45.000000,CPU_VRM1 Temp
18:14:47.171,45.000000,CPU_VRM1 Temp
18:14:47.671,45.000000,CPU_VRM1 Temp
18:14:48.171,45.000000,CPU_VRM1 Temp
18:14:48.671,45.000000,CPU_VRM1 Temp
18:14:49.171,45.000000,CPU_VRM1 Temp
18:14:49.671,45.000000,CPU_VRM1 Temp
18:14:50.171,45.000000,CPU_VRM1 Temp
18:14:50.671,45.000000,CPU_VRM1 Temp
18:14:51.171,45.000000,CPU_VRM1 Temp
18:14:51.671,45.000000,CPU_VRM1 Temp
18:14:52.171,45.000000,CPU_VRM1 Temp
18:14:52.671,45.000000,CPU_VRM1 Temp
18:14:53.171,45.000000,CPU_VRM1 Temp
18:14:53.671,45.000000,CPU_VRM1 Temp
18:14:43.171,32.000000,SOC_VRM Temp
18:14:43.671,32.000000,SOC_VRM Temp
18:14:44.171,32.000000,SOC_VRM Temp
18:14:44.671,32.000000,SOC_VRM Temp
18:14:45.171,32.000000,SOC_VRM Temp
18:14:45.671,32.000000,SOC_VRM Temp
18:14:46.171,32.000000,SOC_VRM Temp
18:14:46.671,32.000000,SOC_VRM Temp
18:14:47.171,32.000000,SOC_VRM Temp
18:14:47.671,32.000000,SOC_VRM Temp
18:14:48.171,32.000000,SOC_VRM Temp
18:14:48.671,32.000000,SOC_VRM Temp
18:14:49.171,32.000000,SOC_VRM Temp
18:14:49.671,32.000000,SOC_VRM Temp
18:14:50.171,32.000000,SOC_VRM Temp
18:14:50.671,32.000000,SOC_VRM Temp
18:14:51.171,32.000000,SOC_VRM Temp
18:14:51.671,32.000000,SOC_VRM Temp
18:14:52.171,32.000000,SOC_VRM Temp
18:14:52.671,32.000000,SOC_VRM Temp
18:14:53.171,32.000000,SOC_VRM Temp
18:14:53.671,32.000000,SOC_VRM Temp
18:14:43.171,45.000000,VDDIO_VRM Temp
18:14:43.671,45.000000,VDDIO_VRM Temp
18:14:44.171,45.000000,VDDIO_VRM Temp
18:14:44.671,45.000000,VDDIO_VRM Temp
18:14:45.171,45.000000,VDDIO_VRM Temp
18:14:45.671,45.000000,VDDIO_VRM Temp
18:14:46.171,45.000000,VDDIO_VRM Temp
18:14:46.671,45.000000,VDDIO_VRM Temp
18:14:47.171,45.000000,VDDIO_VRM Temp
18:14:47.671,45.000000,VDDIO_VRM Temp
18:14:48.171,45.000000,VDDIO_VRM Temp
18:14:48.671,45.000000,VDDIO_VRM Temp
18:14:49.171,45.000000,VDDIO_VRM Temp
18:14:49.671,45.000000,VDDIO_VRM Temp
18:14:50.171,45.000000,VDDIO_VRM Temp
18:14:50.671,45.000000,VDDIO_VRM Temp
18:14:51.171,45.000000,VDDIO_VRM Temp
18:14:51.671,45.000000,VDDIO_VRM Temp
18:14:52.171,45.000000,VDDIO_VRM Temp
18:14:52.671,45.000000,VDDIO_VRM Temp
18:14:53.171,45.000000,VDDIO_VRM Temp
18:14:53.671,45.000000,VDDIO_VRM Temp
18:14:43.171,28.000000,DIMMA~C Temp
18:14:43.671,28.000000,DIMMA~C Temp
18:14:44.171,28.000000,DIMMA~C Temp
18:14:44.671,28.000000,DIMMA~C Temp
18:14:45.171,28.000000,DIMMA~C Temp
18:14:45.671,28.000000,DIMMA~C Temp
18:14:46.171,28.000000,DIMMA~C Temp
18:14:46.671,28.000000,DIMMA~C Temp
18:14:47.171,28.000000,DIMMA~C Temp
18:14:47.671,28.000000,DIMMA~C Temp
18:14:48.171,28.000000,DIMMA~C Temp
18:14:48.671,28.000000,DIMMA~C Temp
18:14:49.171,28.000000,DIMMA~C Temp
18:14:49.671,28.000000,DIMMA~C Temp
18:14:50.171,28.000000,DIMMA~C Temp
18:14:50.671,28.000000,DIMMA~C Temp
18:14:51.171,28.000000,DIMMA~C Temp
18:14:51.671,28.000000,DIMMA~C Temp
18:14:52.171,28.000000,DIMMA~C Temp
18:14:52.671,28.000000,DIMMA~C Temp
18:14:53.171,28.000000,DIMMA~C Temp
18:14:53.671,28.000000,DIMMA~C Temp
18:14:43.171,31.000000,DIMMD~F Temp
18:14:43.671,31.000000,DIMMD~F Temp
18:14:44.171,31.000000,DIMMD~F Temp
18:14:44.671,31.000000,DIMMD~F Temp
18:14:45.171,31.000000,DIMMD~F Temp
18:14:45.671,31.000000,DIMMD~F Temp
18:14:46.171,31.000000,DIMMD~F Temp
18:14:46.671,31.000000,DIMMD~F Temp
18:14:47.171,31.000000,DIMMD~F Temp
18:14:47.671,31.000000,DIMMD~F Temp
18:14:48.171,31.000000,DIMMD~F Temp
18:14:48.671,31.000000,DIMMD~F Temp
18:14:49.171,31.000000,DIMMD~F Temp
18:14:49.671,31.000000,DIMMD~F Temp
18:14:50.171,31.000000,DIMMD~F Temp
18:14:50.671,31.000000,DIMMD~F Temp
18:14:51.171,31.000000,DIMMD~F Temp
18:14:51.671,31.000000,DIMMD~F Temp
18:14:52.171,31.000000,DIMMD~F Temp
18:14:52.671,31.000000,DIMMD~F Temp
18:14:53.171,31.000000,DIMMD~F Temp
18:14:53.671,31.000000,DIMMD~F Temp
18:14:43.171,26.000000,Inlet Temp
18:14:43.671,26.000000,Inlet Temp
18:14:44.171,26.000000,Inlet Temp
18:14:44.671,26.000000,Inlet Temp
18:14:45.171,26.000000,Inlet Temp
18:14:45.671,26.000000,Inlet Temp
18:14:46.171,26.000000,Inlet Temp
18:14:46.671,26.000000,Inlet Temp
18:14:47.171,26.000000,Inlet Temp
18:14:47.671,26.000000,Inlet Temp
18:14:48.171,26.000000,Inlet Temp
18:14:48.671,26.000000,Inlet Temp
18:14:49.171,26.000000,Inlet Temp
18:14:49.671,26.000000,Inlet Temp
18:14:50.171,26.000000,Inlet Temp
18:14:50.671,26.000000,Inlet Temp
18:14:51.171,26.000000,Inlet Temp
18:14:51.671,26.000000,Inlet Temp
18:14:52.171,26.000000,Inlet Temp
18:14:52.671,26.000000,Inlet Temp
18:14:53.171,26.000000,Inlet Temp
18:14:53.671,26.000000,Inlet Temp
18:14:43.243,22.000000,System Temp
18:14:43.743,22.000000,System Temp
18:14:44.243,22.000000,System Temp
18:14:44.743,22.000000,System Temp
18:14:45.243,22.000000,System Temp
18:14:45.743,22.000000,System Temp
18:14:46.243,22.000000,System Temp
18:14:46.743,22.000000,System Temp
18:14:47.243,22.000000,System Temp
18:14:47.743,22.000000,System Temp
18:14:48.243,22.000000,System Temp
18:14:48.743,22.000000,System Temp
18:14:49.243,22.000000,System Temp
18:14:49.743,22.000000,System Temp
18:14:50.243,22.000000,System Temp
18:14:50.743,22.000000,System Temp
18:14:51.243,22.000000,System Temp
18:14:51.743,22.000000,System Temp
18:14:52.243,22.000000,System Temp
18:14:52.743,22.000000,System Temp
18:14:53.243,22.000000,System Temp
18:14:53.743,22.000000,System Temp
18:14:43.243,39.000000,Peripheral Temp
18:14:43.743,39.000000,Peripheral Temp
18:14:44.243,39.000000,Peripheral Temp
18:14:44.743,39.000000,Peripheral Temp
18:14:45.243,39.000000,Peripheral Temp
18:14:45.743,39.000000,Peripheral Temp
18:14:46.243,39.000000,Peripheral Temp
18:14:46.743,39.000000,Peripheral Temp
18:14:47.243,39.000000,Peripheral Temp
18:14:47.743,39.000000,Peripheral Temp
18:14:48.243,39.000000,Peripheral Temp
18:14:48.743,39.000000,Peripheral Temp
18:14:49.243,39.000000,Peripheral Temp
18:14:49.743,39.000000,Peripheral Temp
18:14:50.243,39.000000,Peripheral Temp
18:14:50.743,39.000000,Peripheral Temp
18:14:51.243,39.000000,Peripheral Temp
18:14:51.743,39.000000,Peripheral Temp
18:14:52.243,39.000000,Peripheral Temp
18:14:52.743,39.000000,Peripheral Temp
18:14:53.243,39.000000,Peripheral Temp
18:14:53.743,39.000000,Peripheral Temp
18:14:43.243,50.000000,AOC_NIC2 Temp
18:14:43.743,50.000000,AOC_NIC2 Temp
18:14:44.243,50.000000,AOC_NIC2 Temp
18:14:44.743,50.000000,AOC_NIC2 Temp
18:14:45.243,50.000000,AOC_NIC2 Temp
18:14:45.743,50.000000,AOC_NIC2 Temp
18:14:46.243,50.000000,AOC_NIC2 Temp
18:14:46.743,50.000000,AOC_NIC2 Temp
18:14:47.243,50.000000,AOC_NIC2 Temp
18:14:47.743,50.000000,AOC_NIC2 Temp
18:14:48.243,50.000000,AOC_NIC2 Temp
18:14:48.743,50.000000,AOC_NIC2 Temp
18:14:49.243,50.000000,AOC_NIC2 Temp
18:14:49.743,50.000000,AOC_NIC2 Temp
18:14:50.243,50.000000,AOC_NIC2 Temp
18:14:50.743,50.000000,AOC_NIC2 Temp
18:14:51.243,50.000000,AOC_NIC2 Temp
18:14:51.743,50.000000,AOC_NIC2 Temp
18:14:52.243,50.000000,AOC_NIC2 Temp
18:14:52.743,50.000000,AOC_NIC2 Temp
18:14:53.243,50.000000,AOC_NIC2 Temp
18:14:53.743,50.000000,AOC_NIC2 Temp
18:14:43.243,28.000000,NVMe_SSDA Temp 
18:14:43.743,28.000000,NVMe_SSDA Temp 
18:14:44.243,28.000000,NVMe_SSDA Temp 
18:14:44.743,28.000000,NVMe_SSDA Temp 
18:14:45.243,28.000000,NVMe_SSDA Temp 
18:14:45.743,28.000000,NVMe_SSDA Temp 
18:14:46.243,28.000000,NVMe_SSDA Temp 
18:14:46.743,28.000000,NVMe_SSDA Temp 
18:14:47.243,28.000000,NVMe_SSDA Temp 
18:14:47.743,28.000000,NVMe_SSDA Temp 
18:14:48.243,28.000000,NVMe_SSDA Temp 
18:14:48.743,28.000000,NVMe_SSDA Temp 
18:14:49.243,28.000000,NVMe_SSDA Temp 
18:14:49.743,28.000000,NVMe_SSDA Temp 
18:14:50.243,28.000000,NVMe_SSDA Temp 
18:14:50.743,28.000000,NVMe_SSDA Temp 
18:14:51.243,28.000000,NVMe_SSDA Temp 
18:14:51.743,28.000000,NVMe_SSDA Temp 
18:14:52.243,28.000000,NVMe_SSDA Temp 
18:14:52.743,28.000000,NVMe_SSDA Temp 
18:14:53.243,28.000000,NVMe_SSDA Temp 
18:14:53.743,28.000000,NVMe_SSDA Temp 
18:14:43.243,67.000000,NIC Temp
18:14:43.743,67.000000,NIC Temp
18:14:44.243,67.000000,NIC Temp
18:14:44.743,67.000000,NIC Temp
18:14:45.243,67.000000,NIC Temp
18:14:45.743,67.000000,NIC Temp
18:14:46.243,67.000000,NIC Temp
18:14:46.743,67.000000,NIC Temp
18:14:47.243,67.000000,NIC Temp
18:14:47.743,67.000000,NIC Temp
18:14:48.243,67.000000,NIC Temp
18:14:48.743,67.000000,NIC Temp
18:14:49.243,67.000000,NIC Temp
18:14:49.743,67.000000,NIC Temp
18:14:50.243,67.000000,NIC Temp
18:14:50.743,67.000000,NIC Temp
18:14:51.243,67.000000,NIC Temp
18:14:51.743,67.000000,NIC Temp
18:14:52.243,67.000000,NIC Temp
18:14:52.743,67.000000,NIC Temp
18:14:53.243,67.000000,NIC Temp
18:14:53.743,67.000000,NIC Temp
18:14:43.243,29.000000,CPU_VRM0 Temp
18:14:43.743,29.000000,CPU_VRM0 Temp
18:14:44.243,29.000000,CPU_VRM0 Temp
18:14:44.743,29.000000,CPU_VRM0 Temp
18:14:45.243,29.000000,CPU_VRM0 Temp
18:14:45.743,29.000000,CPU_VRM0 Temp
18:14:46.243,29.000000,CPU_VRM0 Temp
18:14:46.743,29.000000,CPU_VRM0 Temp
18:14:47.243,29.000000,CPU_VRM0 Temp
18:14:47.743,29.000000,CPU_VRM0 Temp
18:14:48.243,29.000000,CPU_VRM0 Temp
18:14:48.743,29.000000,CPU_VRM0 Temp
18:14:49.243,29.000000,CPU_VRM0 Temp
18:14:49.743,29.000000,CPU_VRM0 Temp
18:14:50.243,29.000000,CPU_VRM0 Temp
18:14:50.743,29.000000,CPU_VRM0 Temp
18:14:51.243,29.000000,CPU_VRM0 Temp
18:14:51.743,29.000000,CPU_VRM0 Temp
18:14:52.243,29.000000,CPU_VRM0 Temp
18:14:52.743,29.000000,CPU_VRM0 Temp
18:14:53.243,29.000000,CPU_VRM0 Temp
18:14:53.743,29.000000,CPU_VRM0 Temp
18:14:43.243,48.000000,CPU Temp
18:14:43.743,48.000000,CPU Temp
18:14:44.243,48.000000,CPU Temp
18:14:44.743,48.000000,CPU Temp
18:14:45.243,48.000000,CPU Temp
18:14:45.743,48.000000,CPU Temp
18:14:46.243,48.000000,CPU Temp
18:14:46.743,48.000000,CPU Temp
18:14:47.243,48.000000,CPU Temp
18:14:47.743,48.000000,CPU Temp
18:14:48.243,48.000000,CPU Temp
18:14:48.743,48.000000,CPU Temp
18:14:49.243,48.000000,CPU Temp
18:14:49.743,48.000000,CPU Temp
18:14:50.243,48.000000,CPU Temp
18:14:50.743,48.000000,CPU Temp
18:14:51.243,48.000000,CPU Temp
18:14:51.743,48.000000,CPU Temp
18:14:52.243,48.000000,CPU Temp
18:14:52.743,48.000000,CPU Temp
18:14:53.243,48.000000,CPU Temp
18:14:53.743,48.000000,CPU Temp
18:14:43.243,45.000000,CPU_VRM1 Temp
18:14:43.743,45.000000,CPU_VRM1 Temp
18:14:44.243,45.000000,CPU_VRM1 Temp
18:14:44.743,45.000000,CPU_VRM1 Temp
18:14:45.243,45.000000,CPU_VRM1 Temp
18:14:45.743,45.000000,CPU_VRM1 Temp
18:14:46.243,45.000000,CPU_VRM1 Temp
18:14:46.743,45.000000,CPU_VRM1 Temp
18:14:47.243,45.000000,CPU_VRM1 Temp
18:14:47.743,45.000000,CPU_VRM1 Temp
18:14:48.243,45.000000,CPU_VRM1 Temp
18:14:48.743,45.000000,CPU_VRM1 Temp
18:14:49.243,45.000000,CPU_VRM1 Temp
18:14:49.743,45.000000,CPU_VRM1 Temp
18:14:50.243,45.000000,CPU_VRM1 Temp
18:14:50.743,45.000000,CPU_VRM1 Temp
18:14:51.243,45.000000,CPU_VRM1 Temp
18:14:51.743,45.000000,CPU_VRM1 Temp
18:14:52.243,45.000000,CPU_VRM1 Temp
18:14:52.743,45.000000,CPU_VRM1 Temp
18:14:53.243,45.000000,CPU_VRM1 Temp
18:14:53.743,45.000000,CPU_VRM1 Temp
18:14:43.243,32.000000,SOC_VRM Temp
18:14:43.743,32.000000,SOC_VRM Temp
18:14:44.243,32.000000,SOC_VRM Temp
18:14:44.743,32.000000,SOC_VRM Temp
18:14:45.243,32.000000,SOC_VRM Temp
18:14:45.743,32.000000,SOC_VRM Temp
18:14:46.243,32.000000,SOC_VRM Temp
18:14:46.743,32.000000,SOC_VRM Temp
18:14:47.243,32.000000,SOC_VRM Temp
18:14:47.743,32.000000,SOC_VRM Temp
18:14:48.243,32.000000,SOC_VRM Temp
18:14:48.743,32.000000,SOC_VRM Temp
18:14:49.243,32.000000,SOC_VRM Temp
18:14:49.743,32.000000,SOC_VRM Temp
18:14:50.243,32.000000,SOC_VRM Temp
18:14:50.743,32.000000,SOC_VRM Temp
18:14:51.243,32.000000,SOC_VRM Temp
18:14:51.743,32.000000,SOC_VRM Temp
18:14:52.243,32.000000,SOC_VRM Temp
18:14:52.743,32.000000,SOC_VRM Temp
18:14:53.243,32.000000,SOC_VRM Temp
18:14:53.743,32.000000,SOC_VRM Temp
18:14:43.243,45.000000,VDDIO_VRM Temp
18:14:43.743,45.000000,VDDIO_VRM Temp
18:14:44.243,45.000000,VDDIO_VRM Temp
18:14:44.743,45.000000,VDDIO_VRM Temp
18:14:45.243,45.000000,VDDIO_VRM Temp
18:14:45.743,45.000000,VDDIO_VRM Temp
18:14:46.243,45.000000,VDDIO_VRM Temp
18:14:46.743,45.000000,VDDIO_VRM Temp
18:14:47.243,45.000000,VDDIO_VRM Temp
18:14:47.743,45.000000,VDDIO_VRM Temp
18:14:48.243,45.000000,VDDIO_VRM Temp
18:14:48.743,45.000000,VDDIO_VRM Temp
18:14:49.243,45.000000,VDDIO_VRM Temp
18:14:49.743,45.000000,VDDIO_VRM Temp
18:14:50.243,45.000000,VDDIO_VRM Temp
18:14:50.743,45.000000,VDDIO_VRM Temp
18:14:51.243,45.000000,VDDIO_VRM Temp
18:14:51.743,45.000000,VDDIO_VRM Temp
18:14:52.243,45.000000,VDDIO_VRM Temp
18:14:52.743,45.000000,VDDIO_VRM Temp
18:14:53.243,45.000000,VDDIO_VRM Temp
18:14:53.743,45.000000,VDDIO_VRM Temp
18:14:43.243,28.000000,DIMMA~C Temp
18:14:43.743,28.000000,DIMMA~C Temp
18:14:44.243,28.000000,DIMMA~C Temp
18:14:44.743,28.000000,DIMMA~C Temp
18:14:45.243,28.000000,DIMMA~C Temp
18:14:45.743,28.000000,DIMMA~C Temp
18:14:46.243,28.000000,DIMMA~C Temp
18:14:46.743,28.000000,DIMMA~C Temp
18:14:47.243,28.000000,DIMMA~C Temp
18:14:47.743,28.000000,DIMMA~C Temp
18:14:48.243,28.000000,DIMMA~C Temp
18:14:48.743,28.000000,DIMMA~C Temp
18:14:49.243,28.000000,DIMMA~C Temp
18:14:49.743,28.000000,DIMMA~C Temp
18:14:50.243,28.000000,DIMMA~C Temp
18:14:50.743,28.000000,DIMMA~C Temp
18:14:51.243,28.000000,DIMMA~C Temp
18:14:51.743,28.000000,DIMMA~C Temp
18:14:52.243,28.000000,DIMMA~C Temp
18:14:52.743,28.000000,DIMMA~C Temp
18:14:53.243,28.000000,DIMMA~C Temp
18:14:53.743,28.000000,DIMMA~C Temp
18:14:43.243,31.000000,DIMMD~F Temp
18:14:43.743,31.000000,DIMMD~F Temp
18:14:44.243,31.000000,DIMMD~F Temp
18:14:44.743,31.000000,DIMMD~F Temp
18:14:45.243,31.000000,DIMMD~F Temp
18:14:45.743,31.000000,DIMMD~F Temp
18:14:46.243,31.000000,DIMMD~F Temp
18:14:46.743,31.000000,DIMMD~F Temp
18:14:47.243,31.000000,DIMMD~F Temp
18:14:47.743,31.000000,DIMMD~F Temp
18:14:48.243,31.000000,DIMMD~F Temp
18:14:48.743,31.000000,DIMMD~F Temp
18:14:49.243,31.000000,DIMMD~F Temp
18:14:49.743,31.000000,DIMMD~F Temp
18:14:50.243,31.000000,DIMMD~F Temp
18:14:50.743,31.000000,DIMMD~F Temp
18:14:51.243,31.000000,DIMMD~F Temp
18:14:51.743,31.000000,DIMMD~F Temp
18:14:52.243,31.000000,DIMMD~F Temp
18:14:52.743,31.000000,DIMMD~F Temp
18:14:53.243,31.000000,DIMMD~F Temp
18:14:53.743,31.000000,DIMMD~F Temp
18:14:43.243,26.000000,Inlet Temp
18:14:43.743,26.000000,Inlet Temp
18:14:44.243,26.000000,Inlet Temp
18:14:44.743,26.000000,Inlet Temp
18:14:45.243,26.000000,Inlet Temp
18:14:45.743,26.000000,Inlet Temp
18:14:46.243,26.000000,Inlet Temp
18:14:46.743,26.000000,Inlet Temp
18:14:47.243,26.000000,Inlet Temp
18:14:47.743,26.000000,Inlet Temp
18:14:48.243,26.000000,Inlet Temp
18:14:48.743,26.000000,Inlet Temp
18:14:49.243,26.000000,Inlet Temp
18:14:49.743,26.000000,Inlet Temp
18:14:50.243,26.000000,Inlet Temp
18:14:50.743,26.000000,Inlet Temp
18:14:51.243,26.000000,Inlet Temp
18:14:51.743,26.000000,Inlet Temp
18:14:52.243,26.000000,Inlet Temp
18:14:52.743,26.000000,Inlet Temp
18:14:53.243,26.000000,Inlet Temp
18:14:53.743,26.000000,Inlet Temp
18:14:43.247,22.000000,System Temp
18:14:43.747,22.000000,System Temp
18:14:44.247,22.000000,System Temp
18:14:44.747,22.000000,System Temp
18:14:45.247,22.000000,System Temp
18:14:45.747,22.000000,System Temp
18:14:46.247,22.000000,System Temp
18:14:46.747,22.000000,System Temp
18:14:47.247,22.000000,System Temp
18:14:47.747,22.000000,System Temp
18:14:48.247,22.000000,System Temp
18:14:48.747,22.000000,System Temp
18:14:49.247,22.000000,System Temp
18:14:49.747,22.000000,System Temp
18:14:50.247,22.000000,System Temp
18:14:50.747,22.000000,System Temp
18:14:51.247,22.000000,System Temp
18:14:51.747,22.000000,System Temp
18:14:52.247,22.000000,System Temp
18:14:52.747,22.000000,System Temp
18:14:53.247,22.000000,System Temp
18:14:53.747,22.000000,System Temp
18:14:54.247,22.000000,System Temp
18:14:54.747,22.000000,System Temp
18:14:43.247,39.000000,Peripheral Temp
18:14:43.747,39.000000,Peripheral Temp
18:14:44.247,39.000000,Peripheral Temp
18:14:44.747,39.000000,Peripheral Temp
18:14:45.247,39.000000,Peripheral Temp
18:14:45.747,39.000000,Peripheral Temp
18:14:46.247,39.000000,Peripheral Temp
18:14:46.747,39.000000,Peripheral Temp
18:14:47.247,39.000000,Peripheral Temp
18:14:47.747,39.000000,Peripheral Temp
18:14:48.247,39.000000,Peripheral Temp
18:14:48.747,39.000000,Peripheral Temp
18:14:49.247,39.000000,Peripheral Temp
18:14:49.747,39.000000,Peripheral Temp
18:14:50.247,39.000000,Peripheral Temp
18:14:50.747,39.000000,Peripheral Temp
18:14:51.247,39.000000,Peripheral Temp
18:14:51.747,39.000000,Peripheral Temp
18:14:52.247,39.000000,Peripheral Temp
18:14:52.747,39.000000,Peripheral Temp
18:14:53.247,39.000000,Peripheral Temp
18:14:53.747,39.000000,Peripheral Temp
18:14:54.247,39.000000,Peripheral Temp
18:14:54.747,39.000000,Peripheral Temp
18:14:43.247,50.000000,AOC_NIC2 Temp
18:14:43.747,50.000000,AOC_NIC2 Temp
18:14:44.247,50.000000,AOC_NIC2 Temp
18:14:44.747,50.000000,AOC_NIC2 Temp
18:14:45.247,50.000000,AOC_NIC2 Temp
18:14:45.747,50.000000,AOC_NIC2 Temp
18:14:46.247,50.000000,AOC_NIC2 Temp
18:14:46.747,50.000000,AOC_NIC2 Temp
18:14:47.247,50.000000,AOC_NIC2 Temp
18:14:47.747,50.000000,AOC_NIC2 Temp
18:14:48.247,50.000000,AOC_NIC2 Temp
18:14:48.747,50.000000,AOC_NIC2 Temp
18:14:49.247,50.000000,AOC_NIC2 Temp
18:14:49.747,50.000000,AOC_NIC2 Temp
18:14:50.247,50.000000,AOC_NIC2 Temp
18:14:50.747,50.000000,AOC_NIC2 Temp
18:14:51.247,50.000000,AOC_NIC2 Temp
18:14:51.747,50.000000,AOC_NIC2 Temp
18:14:52.247,50.000000,AOC_NIC2 Temp
18:14:52.747,50.000000,AOC_NIC2 Temp
18:14:53.247,50.000000,AOC_NIC2 Temp
18:14:53.747,50.000000,AOC_NIC2 Temp
18:14:54.247,50.000000,AOC_NIC2 Temp
18:14:54.747,50.000000,AOC_NIC2 Temp
18:14:43.247,28.000000,NVMe_SSDA Temp 
18:14:43.747,28.000000,NVMe_SSDA Temp 
18:14:44.247,28.000000,NVMe_SSDA Temp 
18:14:44.747,28.000000,NVMe_SSDA Temp 
18:14:45.247,28.000000,NVMe_SSDA Temp 
18:14:45.747,28.000000,NVMe_SSDA Temp 
18:14:46.247,28.000000,NVMe_SSDA Temp 
18:14:46.747,28.000000,NVMe_SSDA Temp 
18:14:47.247,28.000000,NVMe_SSDA Temp 
18:14:47.747,28.000000,NVMe_SSDA Temp 
18:14:48.247,28.000000,NVMe_SSDA Temp 
18:14:48.747,28.000000,NVMe_SSDA Temp 
18:14:49.247,28.000000,NVMe_SSDA Temp 
18:14:49.747,28.000000,NVMe_SSDA Temp 
18:14:50.247,28.000000,NVMe_SSDA Temp 
18:14:50.747,28.000000,NVMe_SSDA Temp 
18:14:51.247,28.000000,NVMe_SSDA Temp 
18:14:51.747,28.000000,NVMe_SSDA Temp 
18:14:52.247,28.000000,NVMe_SSDA Temp 
18:14:52.747,28.000000,NVMe_SSDA Temp 
18:14:53.247,28.000000,NVMe_SSDA Temp 
18:14:53.747,28.000000,NVMe_SSDA Temp 
18:14:54.247,28.000000,NVMe_SSDA Temp 
18:14:54.747,28.000000,NVMe_SSDA Temp 
18:14:43.247,67.000000,NIC Temp
18:14:43.747,67.000000,NIC Temp
18:14:44.247,67.000000,NIC Temp
18:14:44.747,67.000000,NIC Temp
18:14:45.247,67.000000,NIC Temp
18:14:45.747,67.000000,NIC Temp
18:14:46.247,67.000000,NIC Temp
18:14:46.747,67.000000,NIC Temp
18:14:47.247,67.000000,NIC Temp
18:14:47.747,67.000000,NIC Temp
18:14:48.247,67.000000,NIC Temp
18:14:48.747,67.000000,NIC Temp
18:14:49.247,67.000000,NIC Temp
18:14:49.747,67.000000,NIC Temp
18:14:50.247,67.000000,NIC Temp
18:14:50.747,67.000000,NIC Temp
18:14:51.247,67.000000,NIC Temp
18:14:51.747,67.000000,NIC Temp
18:14:52.247,67.000000,NIC Temp
18:14:52.747,67.000000,NIC Temp
18:14:53.247,67.000000,NIC Temp
18:14:53.747,67.000000,NIC Temp
18:14:54.247,67.000000,NIC Temp
18:14:54.747,67.000000,NIC Temp
18:14:43.247,29.000000,CPU_VRM0 Temp
18:14:43.747,29.000000,CPU_VRM0 Temp
18:14:44.247,29.000000,CPU_VRM0 Temp
18:14:44.747,29.000000,CPU_VRM0 Temp
18:14:45.247,29.000000,CPU_VRM0 Temp
18:14:45.747,29.000000,CPU_VRM0 Temp
18:14:46.247,29.000000,CPU_VRM0 Temp
18:14:46.747,29.000000,CPU_VRM0 Temp
18:14:47.247,29.000000,CPU_VRM0 Temp
18:14:47.747,29.000000,CPU_VRM0 Temp
18:14:48.247,29.000000,CPU_VRM0 Temp
18:14:48.747,29.000000,CPU_VRM0 Temp
18:14:49.247,29.000000,CPU_VRM0 Temp
18:14:49.747,29.000000,CPU_VRM0 Temp
18:14:50.247,29.000000,CPU_VRM0 Temp
18:14:50.747,29.000000,CPU_VRM0 Temp
18:14:51.247,29.000000,CPU_VRM0 Temp
18:14:51.747,29.000000,CPU_VRM0 Temp
18:14:52.247,29.000000,CPU_VRM0 Temp
18:14:52.747,29.000000,CPU_VRM0 Temp
18:14:53.247,29.000000,CPU_VRM0 Temp
18:14:53.747,29.000000,CPU_VRM0 Temp
18:14:54.247,29.000000,CPU_VRM0 Temp
18:14:54.747,29.000000,CPU_VRM0 Temp
18:14:43.247,48.000000,CPU Temp
18:14:43.747,48.000000,CPU Temp
18:14:44.247,48.000000,CPU Temp
18:14:44.747,48.000000,CPU Temp
18:14:45.247,48.000000,CPU Temp
18:14:45.747,48.000000,CPU Temp
18:14:46.247,48.000000,CPU Temp
18:14:46.747,48.000000,CPU Temp
18:14:47.247,48.000000,CPU Temp
18:14:47.747,48.000000,CPU Temp
18:14:48.247,48.000000,CPU Temp
18:14:48.747,48.000000,CPU Temp
18:14:49.247,48.000000,CPU Temp
18:14:49.747,48.000000,CPU Temp
18:14:50.247,48.000000,CPU Temp
18:14:50.747,48.000000,CPU Temp
18:14:51.247,48.000000,CPU Temp
18:14:51.747,48.000000,CPU Temp
18:14:52.247,48.000000,CPU Temp
18:14:52.747,48.000000,CPU Temp
18:14:53.247,48.000000,CPU Temp
18:14:53.747,48.000000,CPU Temp
18:14:54.247,48.000000,CPU Temp
18:14:54.747,48.000000,CPU Temp
18:14:43.247,45.000000,CPU_VRM1 Temp
18:14:43.747,45.000000,CPU_VRM1 Temp
18:14:44.247,45.000000,CPU_VRM1 Temp
18:14:44.747,45.000000,CPU_VRM1 Temp
18:14:45.247,45.000000,CPU_VRM1 Temp
18:14:45.747,45.000000,CPU_VRM1 Temp
18:14:46.247,45.000000,CPU_VRM1 Temp
18:14:46.747,45.000000,CPU_VRM1 Temp
18:14:47.247,45.000000,CPU_VRM1 Temp
18:14:47.747,45.000000,CPU_VRM1 Temp
18:14:48.247,45.000000,CPU_VRM1 Temp
18:14:48.747,45.000000,CPU_VRM1 Temp
18:14:49.247,45.000000,CPU_VRM1 Temp
18:14:49.747,45.000000,CPU_VRM1 Temp
18:14:50.247,45.000000,CPU_VRM1 Temp
18:14:50.747,45.000000,CPU_VRM1 Temp
18:14:51.247,45.000000,CPU_VRM1 Temp
18:14:51.747,45.000000,CPU_VRM1 Temp
18:14:52.247,45.000000,CPU_VRM1 Temp
18:14:52.747,45.000000,CPU_VRM1 Temp
18:14:53.247,45.000000,CPU_VRM1 Temp
18:14:53.747,45.000000,CPU_VRM1 Temp
18:14:54.247,45.000000,CPU_VRM1 Temp
18:14:54.747,45.000000,CPU_VRM1 Temp
18:14:43.247,32.000000,SOC_VRM Temp
18:14:43.747,32.000000,SOC_VRM Temp
18:14:44.247,32.000000,SOC_VRM Temp
18:14:44.747,32.000000,SOC_VRM Temp
18:14:45.247,32.000000,SOC_VRM Temp
18:14:45.747,32.000000,SOC_VRM Temp
18:14:46.247,32.000000,SOC_VRM Temp
18:14:46.747,32.000000,SOC_VRM Temp
18:14:47.247,32.000000,SOC_VRM Temp
18:14:47.747,32.000000,SOC_VRM Temp
18:14:48.247,32.000000,SOC_VRM Temp
18:14:48.747,32.000000,SOC_VRM Temp
18:14:49.247,32.000000,SOC_VRM Temp
18:14:49.747,32.000000,SOC_VRM Temp
18:14:50.247,32.000000,SOC_VRM Temp
18:14:50.747,32.000000,SOC_VRM Temp
18:14:51.247,32.000000,SOC_VRM Temp
18:14:51.747,32.000000,SOC_VRM Temp
18:14:52.247,32.000000,SOC_VRM Temp
18:14:52.747,32.000000,SOC_VRM Temp
18:14:53.247,32.000000,SOC_VRM Temp
18:14:53.747,32.000000,SOC_VRM Temp
18:14:54.247,32.000000,SOC_VRM Temp
18:14:54.747,32.000000,SOC_VRM Temp
18:14:43.247,45.000000,VDDIO_VRM Temp
18:14:43.747,45.000000,VDDIO_VRM Temp
18:14:44.247,45.000000,VDDIO_VRM Temp
18:14:44.747,45.000000,VDDIO_VRM Temp
18:14:45.247,45.000000,VDDIO_VRM Temp
18:14:45.747,45.000000,VDDIO_VRM Temp
18:14:46.247,45.000000,VDDIO_VRM Temp
18:14:46.747,45.000000,VDDIO_VRM Temp
18:14:47.247,45.000000,VDDIO_VRM Temp
18:14:47.747,45.000000,VDDIO_VRM Temp
18:14:48.247,45.000000,VDDIO_VRM Temp
18:14:48.747,45.000000,VDDIO_VRM Temp
18:14:49.247,45.000000,VDDIO_VRM Temp
18:14:49.747,45.000000,VDDIO_VRM Temp
18:14:50.247,45.000000,VDDIO_VRM Temp
18:14:50.747,45.000000,VDDIO_VRM Temp
18:14:51.247,45.000000,VDDIO_VRM Temp
18:14:51.747,45.000000,VDDIO_VRM Temp
18:14:52.247,45.000000,VDDIO_VRM Temp
18:14:52.747,45.000000,VDDIO_VRM Temp
18:14:53.247,45.000000,VDDIO_VRM Temp
18:14:53.747,45.000000,VDDIO_VRM Temp
18:14:54.247,45.000000,VDDIO_VRM Temp
18:14:54.747,45.000000,VDDIO_VRM Temp
18:14:43.247,28.000000,DIMMA~C Temp
18:14:43.747,28.000000,DIMMA~C Temp
18:14:44.247,28.000000,DIMMA~C Temp
18:14:44.747,28.000000,DIMMA~C Temp
18:14:45.247,28.000000,DIMMA~C Temp
18:14:45.747,28.000000,DIMMA~C Temp
18:14:46.247,28.000000,DIMMA~C Temp
18:14:46.747,28.000000,DIMMA~C Temp
18:14:47.247,28.000000,DIMMA~C Temp
18:14:47.747,28.000000,DIMMA~C Temp
18:14:48.247,28.000000,DIMMA~C Temp
18:14:48.747,28.000000,DIMMA~C Temp
18:14:49.247,28.000000,DIMMA~C Temp
18:14:49.747,28.000000,DIMMA~C Temp
18:14:50.247,28.000000,DIMMA~C Temp
18:14:50.747,28.000000,DIMMA~C Temp
18:14:51.247,28.000000,DIMMA~C Temp
18:14:51.747,28.000000,DIMMA~C Temp
18:14:52.247,28.000000,DIMMA~C Temp
18:14:52.747,28.000000,DIMMA~C Temp
18:14:53.247,28.000000,DIMMA~C Temp
18:14:53.747,28.000000,DIMMA~C Temp
18:14:54.247,28.000000,DIMMA~C Temp
18:14:54.747,28.000000,DIMMA~C Temp
18:14:43.247,31.000000,DIMMD~F Temp
18:14:43.747,31.000000,DIMMD~F Temp
18:14:44.247,31.000000,DIMMD~F Temp
18:14:44.747,31.000000,DIMMD~F Temp
18:14:45.247,31.000000,DIMMD~F Temp
18:14:45.747,31.000000,DIMMD~F Temp
18:14:46.247,31.000000,DIMMD~F Temp
18:14:46.747,31.000000,DIMMD~F Temp
18:14:47.247,31.000000,DIMMD~F Temp
18:14:47.747,31.000000,DIMMD~F Temp
18:14:48.247,31.000000,DIMMD~F Temp
18:14:48.747,31.000000,DIMMD~F Temp
18:14:49.247,31.000000,DIMMD~F Temp
18:14:49.747,31.000000,DIMMD~F Temp
18:14:50.247,31.000000,DIMMD~F Temp
18:14:50.747,31.000000,DIMMD~F Temp
18:14:51.247,31.000000,DIMMD~F Temp
18:14:51.747,31.000000,DIMMD~F Temp
18:14:52.247,31.000000,DIMMD~F Temp
18:14:52.747,31.000000,DIMMD~F Temp
18:14:53.247,31.000000,DIMMD~F Temp
18:14:53.747,31.000000,DIMMD~F Temp
18:14:54.247,31.000000,DIMMD~F Temp
18:14:54.747,31.000000,DIMMD~F Temp
18:14:43.247,26.000000,Inlet Temp
18:14:43.747,26.000000,Inlet Temp
18:14:44.247,26.000000,Inlet Temp
18:14:44.747,26.000000,Inlet Temp
18:14:45.247,26.000000,Inlet Temp
18:14:45.747,26.000000,Inlet Temp
18:14:46.247,26.000000,Inlet Temp
18:14:46.747,26.000000,Inlet Temp
18:14:47.247,26.000000,Inlet Temp
18:14:47.747,26.000000,Inlet Temp
18:14:48.247,26.000000,Inlet Temp
18:14:48.747,26.000000,Inlet Temp
18:14:49.247,26.000000,Inlet Temp
18:14:49.747,26.000000,Inlet Temp
18:14:50.247,26.000000,Inlet Temp
18:14:50.747,26.000000,Inlet Temp
18:14:51.247,26.000000,Inlet Temp
18:14:51.747,26.000000,Inlet Temp
18:14:52.247,26.000000,Inlet Temp
18:14:52.747,26.000000,Inlet Temp
18:14:53.247,26.000000,Inlet Temp
18:14:53.747,26.000000,Inlet Temp
18:14:54.247,26.000000,Inlet Temp
18:14:54.747,26.000000,Inlet Temp
18:14:45.145,22.000000,System Temp
18:14:45.645,22.000000,System Temp
18:14:46.145,22.000000,System Temp
18:14:46.645,22.000000,System Temp
18:14:47.145,22.000000,System Temp
18:14:47.645,22.000000,System Temp
18:14:48.145,22.000000,System Temp
18:14:48.645,22.000000,System Temp
18:14:49.145,22.000000,System Temp
18:14:49.645,22.000000,System Temp
18:14:50.145,22.000000,System Temp
18:14:50.645,22.000000,System Temp
18:14:51.145,22.000000,System Temp
18:14:51.645,22.000000,System Temp
18:14:52.145,22.000000,System Temp
18:14:52.645,22.000000,System Temp
18:14:53.145,22.000000,System Temp
18:14:53.645,22.000000,System Temp
18:14:54.145,22.000000,System Temp
18:14:54.645,22.000000,System Temp
18:14:55.145,22.000000,System Temp
18:14:55.645,22.000000,System Temp
18:14:45.145,39.000000,Peripheral Temp
18:14:45.645,39.000000,Peripheral Temp
18:14:46.145,39.000000,Peripheral Temp
18:14:46.645,39.000000,Peripheral Temp
18:14:47.145,39.000000,Peripheral Temp
18:14:47.645,39.000000,Peripheral Temp
18:14:48.145,39.000000,Peripheral Temp
18:14:48.645,39.000000,Peripheral Temp
18:14:49.145,39.000000,Peripheral Temp
18:14:49.645,39.000000,Peripheral Temp
18:14:50.145,39.000000,Peripheral Temp
18:14:50.645,39.000000,Peripheral Temp
18:14:51.145,39.000000,Peripheral Temp
18:14:51.645,39.000000,Peripheral Temp
18:14:52.145,39.000000,Peripheral Temp
18:14:52.645,39.000000,Peripheral Temp
18:14:53.145,39.000000,Peripheral Temp
18:14:53.645,39.000000,Peripheral Temp
18:14:54.145,39.000000,Peripheral Temp
18:14:54.645,39.000000,Peripheral Temp
18:14:55.145,39.000000,Peripheral Temp
18:14:55.645,39.000000,Peripheral Temp
18:14:45.145,50.000000,AOC_NIC2 Temp
18:14:45.645,50.000000,AOC_NIC2 Temp
18:14:46.145,50.000000,AOC_NIC2 Temp
18:14:46.645,50.000000,AOC_NIC2 Temp
18:14:47.145,50.000000,AOC_NIC2 Temp
18:14:47.645,50.000000,AOC_NIC2 Temp
18:14:48.145,50.000000,AOC_NIC2 Temp
18:14:48.645,50.000000,AOC_NIC2 Temp
18:14:49.145,50.000000,AOC_NIC2 Temp
18:14:49.645,50.000000,AOC_NIC2 Temp
18:14:50.145,50.000000,AOC_NIC2 Temp
18:14:50.645,50.000000,AOC_NIC2 Temp
18:14:51.145,50.000000,AOC_NIC2 Temp
18:14:51.645,50.000000,AOC_NIC2 Temp
18:14:52.145,50.000000,AOC_NIC2 Temp
18:14:52.645,50.000000,AOC_NIC2 Temp
18:14:53.145,50.000000,AOC_NIC2 Temp
18:14:53.645,50.000000,AOC_NIC2 Temp
18:14:54.145,50.000000,AOC_NIC2 Temp
18:14:54.645,50.000000,AOC_NIC2 Temp
18:14:55.145,50.000000,AOC_NIC2 Temp
18:14:55.645,50.000000,AOC_NIC2 Temp
18:14:45.145,28.000000,NVMe_SSDA Temp 
18:14:45.645,28.000000,NVMe_SSDA Temp 
18:14:46.145,28.000000,NVMe_SSDA Temp 
18:14:46.645,28.000000,NVMe_SSDA Temp 
18:14:47.145,28.000000,NVMe_SSDA Temp 
18:14:47.645,28.000000,NVMe_SSDA Temp 
18:14:48.145,28.000000,NVMe_SSDA Temp 
18:14:48.645,28.000000,NVMe_SSDA Temp 
18:14:49.145,28.000000,NVMe_SSDA Temp 
18:14:49.645,28.000000,NVMe_SSDA Temp 
18:14:50.145,28.000000,NVMe_SSDA Temp 
18:14:50.645,28.000000,NVMe_SSDA Temp 
18:14:51.145,28.000000,NVMe_SSDA Temp 
18:14:51.645,28.000000,NVMe_SSDA Temp 
18:14:52.145,28.000000,NVMe_SSDA Temp 
18:14:52.645,28.000000,NVMe_SSDA Temp 
18:14:53.145,28.000000,NVMe_SSDA Temp 
18:14:53.645,28.000000,NVMe_SSDA Temp 
18:14:54.145,28.000000,NVMe_SSDA Temp 
18:14:54.645,28.000000,NVMe_SSDA Temp 
18:14:55.145,28.000000,NVMe_SSDA Temp 
18:14:55.645,28.000000,NVMe_SSDA Temp 
18:14:45.145,67.000000,NIC Temp
18:14:45.645,67.000000,NIC Temp
18:14:46.145,67.000000,NIC Temp
18:14:46.645,67.000000,NIC Temp
18:14:47.145,67.000000,NIC Temp
18:14:47.645,67.000000,NIC Temp
18:14:48.145,67.000000,NIC Temp
18:14:48.645,67.000000,NIC Temp
18:14:49.145,67.000000,NIC Temp
18:14:49.645,67.000000,NIC Temp
18:14:50.145,67.000000,NIC Temp
18:14:50.645,67.000000,NIC Temp
18:14:51.145,67.000000,NIC Temp
18:14:51.645,67.000000,NIC Temp
18:14:52.145,67.000000,NIC Temp
18:14:52.645,67.000000,NIC Temp
18:14:53.145,67.000000,NIC Temp
18:14:53.645,67.000000,NIC Temp
18:14:54.145,67.000000,NIC Temp
18:14:54.645,67.000000,NIC Temp
18:14:55.145,67.000000,NIC Temp
18:14:55.645,67.000000,NIC Temp
18:14:45.145,29.000000,CPU_VRM0 Temp
18:14:45.645,29.000000,CPU_VRM0 Temp
18:14:46.145,29.000000,CPU_VRM0 Temp
18:14:46.645,29.000000,CPU_VRM0 Temp
18:14:47.145,29.000000,CPU_VRM0 Temp
18:14:47.645,29.000000,CPU_VRM0 Temp
18:14:48.145,29.000000,CPU_VRM0 Temp
18:14:48.645,29.000000,CPU_VRM0 Temp
18:14:49.145,29.000000,CPU_VRM0 Temp
18:14:49.645,29.000000,CPU_VRM0 Temp
18:14:50.145,29.000000,CPU_VRM0 Temp
18:14:50.645,29.000000,CPU_VRM0 Temp
18:14:51.145,29.000000,CPU_VRM0 Temp
18:14:51.645,29.000000,CPU_VRM0 Temp
18:14:52.145,29.000000,CPU_VRM0 Temp
18:14:52.645,29.000000,CPU_VRM0 Temp
18:14:53.145,29.000000,CPU_VRM0 Temp
18:14:53.645,29.000000,CPU_VRM0 Temp
18:14:54.145,29.000000,CPU_VRM0 Temp
18:14:54.645,29.000000,CPU_VRM0 Temp
18:14:55.145,29.000000,CPU_VRM0 Temp
18:14:55.645,29.000000,CPU_VRM0 Temp
18:14:45.145,48.000000,CPU Temp
18:14:45.645,48.000000,CPU Temp
18:14:46.145,48.000000,CPU Temp
18:14:46.645,48.000000,CPU Temp
18:14:47.145,48.000000,CPU Temp
18:14:47.645,48.000000,CPU Temp
18:14:48.145,48.000000,CPU Temp
18:14:48.645,48.000000,CPU Temp
18:14:49.145,48.000000,CPU Temp
18:14:49.645,48.000000,CPU Temp
18:14:50.145,48.000000,CPU Temp
18:14:50.645,48.000000,CPU Temp
18:14:51.145,48.000000,CPU Temp
18:14:51.645,48.000000,CPU Temp
18:14:52.145,48.000000,CPU Temp
18:14:52.645,48.000000,CPU Temp
18:14:53.145,48.000000,CPU Temp
18:14:53.645,48.000000,CPU Temp
18:14:54.145,48.000000,CPU Temp
18:14:54.645,48.000000,CPU Temp
18:14:55.145,48.000000,CPU Temp
18:14:55.645,48.000000,CPU Temp
18:14:45.145,45.000000,CPU_VRM1 Temp
18:14:45.645,45.000000,CPU_VRM1 Temp
18:14:46.145,45.000000,CPU_VRM1 Temp
18:14:46.645,45.000000,CPU_VRM1 Temp
18:14:47.145,45.000000,CPU_VRM1 Temp
18:14:47.645,45.000000,CPU_VRM1 Temp
18:14:48.145,45.000000,CPU_VRM1 Temp
18:14:48.645,45.000000,CPU_VRM1 Temp
18:14:49.145,45.000000,CPU_VRM1 Temp
18:14:49.645,45.000000,CPU_VRM1 Temp
18:14:50.145,45.000000,CPU_VRM1 Temp
18:14:50.645,45.000000,CPU_VRM1 Temp
18:14:51.145,45.000000,CPU_VRM1 Temp
18:14:51.645,45.000000,CPU_VRM1 Temp
18:14:52.145,45.000000,CPU_VRM1 Temp
18:14:52.645,45.000000,CPU_VRM1 Temp
18:14:53.145,45.000000,CPU_VRM1 Temp
18:14:53.645,45.000000,CPU_VRM1 Temp
18:14:54.145,45.000000,CPU_VRM1 Temp
18:14:54.645,45.000000,CPU_VRM1 Temp
18:14:55.145,45.000000,CPU_VRM1 Temp
18:14:55.645,45.000000,CPU_VRM1 Temp
18:14:45.145,32.000000,SOC_VRM Temp
18:14:45.645,32.000000,SOC_VRM Temp
18:14:46.145,32.000000,SOC_VRM Temp
18:14:46.645,32.000000,SOC_VRM Temp
18:14:47.145,32.000000,SOC_VRM Temp
18:14:47.645,32.000000,SOC_VRM Temp
18:14:48.145,32.000000,SOC_VRM Temp
18:14:48.645,32.000000,SOC_VRM Temp
18:14:49.145,32.000000,SOC_VRM Temp
18:14:49.645,32.000000,SOC_VRM Temp
18:14:50.145,32.000000,SOC_VRM Temp
18:14:50.645,32.000000,SOC_VRM Temp
18:14:51.145,32.000000,SOC_VRM Temp
18:14:51.645,32.000000,SOC_VRM Temp
18:14:52.145,32.000000,SOC_VRM Temp
18:14:52.645,32.000000,SOC_VRM Temp
18:14:53.145,32.000000,SOC_VRM Temp
18:14:53.645,32.000000,SOC_VRM Temp
18:14:54.145,32.000000,SOC_VRM Temp
18:14:54.645,32.000000,SOC_VRM Temp
18:14:55.145,32.000000,SOC_VRM Temp
18:14:55.645,32.000000,SOC_VRM Temp
18:14:45.145,45.000000,VDDIO_VRM Temp
18:14:45.645,45.000000,VDDIO_VRM Temp
18:14:46.145,45.000000,VDDIO_VRM Temp
18:14:46.645,45.000000,VDDIO_VRM Temp
18:14:47.145,45.000000,VDDIO_VRM Temp
18:14:47.645,45.000000,VDDIO_VRM Temp
18:14:48.145,45.000000,VDDIO_VRM Temp
18:14:48.645,45.000000,VDDIO_VRM Temp
18:14:49.145,45.000000,VDDIO_VRM Temp
18:14:49.645,45.000000,VDDIO_VRM Temp
18:14:50.145,45.000000,VDDIO_VRM Temp
18:14:50.645,45.000000,VDDIO_VRM Temp
18:14:51.145,45.000000,VDDIO_VRM Temp
18:14:51.645,45.000000,VDDIO_VRM Temp
18:14:52.145,45.000000,VDDIO_VRM Temp
18:14:52.645,45.000000,VDDIO_VRM Temp
18:14:53.145,45.000000,VDDIO_VRM Temp
18:14:53.645,45.000000,VDDIO_VRM Temp
18:14:54.145,45.000000,VDDIO_VRM Temp
18:14:54.645,45.000000,VDDIO_VRM Temp
18:14:55.145,45.000000,VDDIO_VRM Temp
18:14:55.645,45.000000,VDDIO_VRM Temp
18:14:45.145,28.000000,DIMMA~C Temp
18:14:45.645,28.000000,DIMMA~C Temp
18:14:46.145,28.000000,DIMMA~C Temp
18:14:46.645,28.000000,DIMMA~C Temp
18:14:47.145,28.000000,DIMMA~C Temp
18:14:47.645,28.000000,DIMMA~C Temp
18:14:48.145,28.000000,DIMMA~C Temp
18:14:48.645,28.000000,DIMMA~C Temp
18:14:49.145,28.000000,DIMMA~C Temp
18:14:49.645,28.000000,DIMMA~C Temp
18:14:50.145,28.000000,DIMMA~C Temp
18:14:50.645,28.000000,DIMMA~C Temp
18:14:51.145,28.000000,DIMMA~C Temp
18:14:51.645,28.000000,DIMMA~C Temp
18:14:52.145,28.000000,DIMMA~C Temp
18:14:52.645,28.000000,DIMMA~C Temp
18:14:53.145,28.000000,DIMMA~C Temp
18:14:53.645,28.000000,DIMMA~C Temp
18:14:54.145,28.000000,DIMMA~C Temp
18:14:54.645,28.000000,DIMMA~C Temp
18:14:55.145,28.000000,DIMMA~C Temp
18:14:55.645,28.000000,DIMMA~C Temp
18:14:45.145,31.000000,DIMMD~F Temp
18:14:45.645,31.000000,DIMMD~F Temp
18:14:46.145,31.000000,DIMMD~F Temp
18:14:46.645,31.000000,DIMMD~F Temp
18:14:47.145,31.000000,DIMMD~F Temp
18:14:47.645,31.000000,DIMMD~F Temp
18:14:48.145,31.000000,DIMMD~F Temp
18:14:48.645,31.000000,DIMMD~F Temp
18:14:49.145,31.000000,DIMMD~F Temp
18:14:49.645,31.000000,DIMMD~F Temp
18:14:50.145,31.000000,DIMMD~F Temp
18:14:50.645,31.000000,DIMMD~F Temp
18:14:51.145,31.000000,DIMMD~F Temp
18:14:51.645,31.000000,DIMMD~F Temp
18:14:52.145,31.000000,DIMMD~F Temp
18:14:52.645,31.000000,DIMMD~F Temp
18:14:53.145,31.000000,DIMMD~F Temp
18:14:53.645,31.000000,DIMMD~F Temp
18:14:54.145,31.000000,DIMMD~F Temp
18:14:54.645,31.000000,DIMMD~F Temp
18:14:55.145,31.000000,DIMMD~F Temp
18:14:55.645,31.000000,DIMMD~F Temp
18:14:45.145,26.000000,Inlet Temp
18:14:45.645,26.000000,Inlet Temp
18:14:46.145,26.000000,Inlet Temp
18:14:46.645,26.000000,Inlet Temp
18:14:47.145,26.000000,Inlet Temp
18:14:47.645,26.000000,Inlet Temp
18:14:48.145,26.000000,Inlet Temp
18:14:48.645,26.000000,Inlet Temp
18:14:49.145,26.000000,Inlet Temp
18:14:49.645,26.000000,Inlet Temp
18:14:50.145,26.000000,Inlet Temp
18:14:50.645,26.000000,Inlet Temp
18:14:51.145,26.000000,Inlet Temp
18:14:51.645,26.000000,Inlet Temp
18:14:52.145,26.000000,Inlet Temp
18:14:52.645,26.000000,Inlet Temp
18:14:53.145,26.000000,Inlet Temp
18:14:53.645,26.000000,Inlet Temp
18:14:54.145,26.000000,Inlet Temp
18:14:54.645,26.000000,Inlet Temp
18:14:55.145,26.000000,Inlet Temp
18:14:55.645,26.000000,Inlet Temp
18:14:45.215,22.000000,System Temp
18:14:45.715,22.000000,System Temp
18:14:46.215,22.000000,System Temp
18:14:46.715,22.000000,System Temp
18:14:47.215,22.000000,System Temp
18:14:47.715,22.000000,System Temp
18:14:48.215,22.000000,System Temp
18:14:48.715,22.000000,System Temp
18:14:49.215,22.000000,System Temp
18:14:49.715,22.000000,System Temp
18:14:50.215,22.000000,System Temp
18:14:50.715,22.000000,System Temp
18:14:51.215,22.000000,System Temp
18:14:51.715,22.000000,System Temp
18:14:52.215,22.000000,System Temp
18:14:52.715,22.000000,System Temp
18:14:53.215,22.000000,System Temp
18:14:53.715,22.000000,System Temp
18:14:54.215,22.000000,System Temp
18:14:54.715,22.000000,System Temp
18:14:55.215,22.000000,System Temp
18:14:55.715,22.000000,System Temp
18:14:56.215,22.000000,System Temp
18:14:56.715,22.000000,System Temp
18:14:45.215,39.000000,Peripheral Temp
18:14:45.715,39.000000,Peripheral Temp
18:14:46.215,39.000000,Peripheral Temp
18:14:46.715,39.000000,Peripheral Temp
18:14:47.215,39.000000,Peripheral Temp
18:14:47.715,39.000000,Peripheral Temp
18:14:48.215,39.000000,Peripheral Temp
18:14:48.715,39.000000,Peripheral Temp
18:14:49.215,39.000000,Peripheral Temp
18:14:49.715,39.000000,Peripheral Temp
18:14:50.215,39.000000,Peripheral Temp
18:14:50.715,39.000000,Peripheral Temp
18:14:51.215,39.000000,Peripheral Temp
18:14:51.715,39.000000,Peripheral Temp
18:14:52.215,39.000000,Peripheral Temp
18:14:52.715,39.000000,Peripheral Temp
18:14:53.215,39.000000,Peripheral Temp
18:14:53.715,39.000000,Peripheral Temp
18:14:54.215,39.000000,Peripheral Temp
18:14:54.715,39.000000,Peripheral Temp
18:14:55.215,39.000000,Peripheral Temp
18:14:55.715,39.000000,Peripheral Temp
18:14:56.215,39.000000,Peripheral Temp
18:14:56.715,39.000000,Peripheral Temp
18:14:45.215,50.000000,AOC_NIC2 Temp
18:14:45.715,50.000000,AOC_NIC2 Temp
18:14:46.215,50.000000,AOC_NIC2 Temp
18:14:46.715,50.000000,AOC_NIC2 Temp
18:14:47.215,50.000000,AOC_NIC2 Temp
18:14:47.715,50.000000,AOC_NIC2 Temp
18:14:48.215,50.000000,AOC_NIC2 Temp
18:14:48.715,50.000000,AOC_NIC2 Temp
18:14:49.215,50.000000,AOC_NIC2 Temp
18:14:49.715,50.000000,AOC_NIC2 Temp
18:14:50.215,50.000000,AOC_NIC2 Temp
18:14:50.715,50.000000,AOC_NIC2 Temp
18:14:51.215,50.000000,AOC_NIC2 Temp
18:14:51.715,50.000000,AOC_NIC2 Temp
18:14:52.215,50.000000,AOC_NIC2 Temp
18:14:52.715,50.000000,AOC_NIC2 Temp
18:14:53.215,50.000000,AOC_NIC2 Temp
18:14:53.715,50.000000,AOC_NIC2 Temp
18:14:54.215,50.000000,AOC_NIC2 Temp
18:14:54.715,50.000000,AOC_NIC2 Temp
18:14:55.215,50.000000,AOC_NIC2 Temp
18:14:55.715,50.000000,AOC_NIC2 Temp
18:14:56.215,50.000000,AOC_NIC2 Temp
18:14:56.715,50.000000,AOC_NIC2 Temp
18:14:45.215,28.000000,NVMe_SSDA Temp 
18:14:45.715,28.000000,NVMe_SSDA Temp 
18:14:46.215,28.000000,NVMe_SSDA Temp 
18:14:46.715,28.000000,NVMe_SSDA Temp 
18:14:47.215,28.000000,NVMe_SSDA Temp 
18:14:47.715,28.000000,NVMe_SSDA Temp 
18:14:48.215,28.000000,NVMe_SSDA Temp 
18:14:48.715,28.000000,NVMe_SSDA Temp 
18:14:49.215,28.000000,NVMe_SSDA Temp 
18:14:49.715,28.000000,NVMe_SSDA Temp 
18:14:50.215,28.000000,NVMe_SSDA Temp 
18:14:50.715,28.000000,NVMe_SSDA Temp 
18:14:51.215,28.000000,NVMe_SSDA Temp 
18:14:51.715,28.000000,NVMe_SSDA Temp 
18:14:52.215,28.000000,NVMe_SSDA Temp 
18:14:52.715,28.000000,NVMe_SSDA Temp 
18:14:53.215,28.000000,NVMe_SSDA Temp 
18:14:53.715,28.000000,NVMe_SSDA Temp 
18:14:54.215,28.000000,NVMe_SSDA Temp 
18:14:54.715,28.000000,NVMe_SSDA Temp 
18:14:55.215,28.000000,NVMe_SSDA Temp 
18:14:55.715,28.000000,NVMe_SSDA Temp 
18:14:56.215,28.000000,NVMe_SSDA Temp 
18:14:56.715,28.000000,NVMe_SSDA Temp 
18:14:45.215,67.000000,NIC Temp
18:14:45.715,67.000000,NIC Temp
18:14:46.215,67.000000,NIC Temp
18:14:46.715,67.000000,NIC Temp
18:14:47.215,67.000000,NIC Temp
18:14:47.715,67.000000,NIC Temp
18:14:48.215,67.000000,NIC Temp
18:14:48.715,67.000000,NIC Temp
18:14:49.215,67.000000,NIC Temp
18:14:49.715,67.000000,NIC Temp
18:14:50.215,67.000000,NIC Temp
18:14:50.715,67.000000,NIC Temp
18:14:51.215,67.000000,NIC Temp
18:14:51.715,67.000000,NIC Temp
18:14:52.215,67.000000,NIC Temp
18:14:52.715,67.000000,NIC Temp
18:14:53.215,67.000000,NIC Temp
18:14:53.715,67.000000,NIC Temp
18:14:54.215,67.000000,NIC Temp
18:14:54.715,67.000000,NIC Temp
18:14:55.215,67.000000,NIC Temp
18:14:55.715,67.000000,NIC Temp
18:14:56.215,67.000000,NIC Temp
18:14:56.715,67.000000,NIC Temp
18:14:45.215,29.000000,CPU_VRM0 Temp
18:14:45.715,29.000000,CPU_VRM0 Temp
18:14:46.215,29.000000,CPU_VRM0 Temp
18:14:46.715,29.000000,CPU_VRM0 Temp
18:14:47.215,29.000000,CPU_VRM0 Temp
18:14:47.715,29.000000,CPU_VRM0 Temp
18:14:48.215,29.000000,CPU_VRM0 Temp
18:14:48.715,29.000000,CPU_VRM0 Temp
18:14:49.215,29.000000,CPU_VRM0 Temp
18:14:49.715,29.000000,CPU_VRM0 Temp
18:14:50.215,29.000000,CPU_VRM0 Temp
18:14:50.715,29.000000,CPU_VRM0 Temp
18:14:51.215,29.000000,CPU_VRM0 Temp
18:14:51.715,29.000000,CPU_VRM0 Temp
18:14:52.215,29.000000,CPU_VRM0 Temp
18:14:52.715,29.000000,CPU_VRM0 Temp
18:14:53.215,29.000000,CPU_VRM0 Temp
18:14:53.715,29.000000,CPU_VRM0 Temp
18:14:54.215,29.000000,CPU_VRM0 Temp
18:14:54.715,29.000000,CPU_VRM0 Temp
18:14:55.215,29.000000,CPU_VRM0 Temp
18:14:55.715,29.000000,CPU_VRM0 Temp
18:14:56.215,29.000000,CPU_VRM0 Temp
18:14:56.715,29.000000,CPU_VRM0 Temp
18:14:45.215,48.000000,CPU Temp
18:14:45.715,48.000000,CPU Temp
18:14:46.215,48.000000,CPU Temp
18:14:46.715,48.000000,CPU Temp
18:14:47.215,48.000000,CPU Temp
18:14:47.715,48.000000,CPU Temp
18:14:48.215,48.000000,CPU Temp
18:14:48.715,48.000000,CPU Temp
18:14:49.215,48.000000,CPU Temp
18:14:49.715,48.000000,CPU Temp
18:14:50.215,48.000000,CPU Temp
18:14:50.715,48.000000,CPU Temp
18:14:51.215,48.000000,CPU Temp
18:14:51.715,48.000000,CPU Temp
18:14:52.215,48.000000,CPU Temp
18:14:52.715,48.000000,CPU Temp
18:14:53.215,48.000000,CPU Temp
18:14:53.715,48.000000,CPU Temp
18:14:54.215,48.000000,CPU Temp
18:14:54.715,48.000000,CPU Temp
18:14:55.215,48.000000,CPU Temp
18:14:55.715,48.000000,CPU Temp
18:14:56.215,48.000000,CPU Temp
18:14:56.715,48.000000,CPU Temp
18:14:45.215,45.000000,CPU_VRM1 Temp
18:14:45.715,45.000000,CPU_VRM1 Temp
18:14:46.215,45.000000,CPU_VRM1 Temp
18:14:46.715,45.000000,CPU_VRM1 Temp
18:14:47.215,45.000000,CPU_VRM1 Temp
18:14:47.715,45.000000,CPU_VRM1 Temp
18:14:48.215,45.000000,CPU_VRM1 Temp
18:14:48.715,45.000000,CPU_VRM1 Temp
18:14:49.215,45.000000,CPU_VRM1 Temp
18:14:49.715,45.000000,CPU_VRM1 Temp
18:14:50.215,45.000000,CPU_VRM1 Temp
18:14:50.715,45.000000,CPU_VRM1 Temp
18:14:51.215,45.000000,CPU_VRM1 Temp
18:14:51.715,45.000000,CPU_VRM1 Temp
18:14:52.215,45.000000,CPU_VRM1 Temp
18:14:52.715,45.000000,CPU_VRM1 Temp
18:14:53.215,45.000000,CPU_VRM1 Temp
18:14:53.715,45.000000,CPU_VRM1 Temp
18:14:54.215,45.000000,CPU_VRM1 Temp
18:14:54.715,45.000000,CPU_VRM1 Temp
18:14:55.215,45.000000,CPU_VRM1 Temp
18:14:55.715,45.000000,CPU_VRM1 Temp
18:14:56.215,45.000000,CPU_VRM1 Temp
18:14:56.715,45.000000,CPU_VRM1 Temp
18:14:45.215,32.000000,SOC_VRM Temp
18:14:45.715,32.000000,SOC_VRM Temp
18:14:46.215,32.000000,SOC_VRM Temp
18:14:46.715,32.000000,SOC_VRM Temp
18:14:47.215,32.000000,SOC_VRM Temp
18:14:47.715,32.000000,SOC_VRM Temp
18:14:48.215,32.000000,SOC_VRM Temp
18:14:48.715,32.000000,SOC_VRM Temp
18:14:49.215,32.000000,SOC_VRM Temp
18:14:49.715,32.000000,SOC_VRM Temp
18:14:50.215,32.000000,SOC_VRM Temp
18:14:50.715,32.000000,SOC_VRM Temp
18:14:51.215,32.000000,SOC_VRM Temp
18:14:51.715,32.000000,SOC_VRM Temp
18:14:52.215,32.000000,SOC_VRM Temp
18:14:52.715,32.000000,SOC_VRM Temp
18:14:53.215,32.000000,SOC_VRM Temp
18:14:53.715,32.000000,SOC_VRM Temp
18:14:54.215,32.000000,SOC_VRM Temp
18:14:54.715,32.000000,SOC_VRM Temp
18:14:55.215,32.000000,SOC_VRM Temp
18:14:55.715,32.000000,SOC_VRM Temp
18:14:56.215,32.000000,SOC_VRM Temp
18:14:56.715,32.000000,SOC_VRM Temp
18:14:45.215,45.000000,VDDIO_VRM Temp
18:14:45.715,45.000000,VDDIO_VRM Temp
18:14:46.215,45.000000,VDDIO_VRM Temp
18:14:46.715,45.000000,VDDIO_VRM Temp
18:14:47.215,45.000000,VDDIO_VRM Temp
18:14:47.715,45.000000,VDDIO_VRM Temp
18:14:48.215,45.000000,VDDIO_VRM Temp
18:14:48.715,45.000000,VDDIO_VRM Temp
18:14:49.215,45.000000,VDDIO_VRM Temp
18:14:49.715,45.000000,VDDIO_VRM Temp
18:14:50.215,45.000000,VDDIO_VRM Temp
18:14:50.715,45.000000,VDDIO_VRM Temp
18:14:51.215,45.000000,VDDIO_VRM Temp
18:14:51.715,45.000000,VDDIO_VRM Temp
18:14:52.215,45.000000,VDDIO_VRM Temp
18:14:52.715,45.000000,VDDIO_VRM Temp
18:14:53.215,45.000000,VDDIO_VRM Temp
18:14:53.715,45.000000,VDDIO_VRM Temp
18:14:54.215,45.000000,VDDIO_VRM Temp
18:14:54.715,45.000000,VDDIO_VRM Temp
18:14:55.215,45.000000,VDDIO_VRM Temp
18:14:55.715,45.000000,VDDIO_VRM Temp
18:14:56.215,45.000000,VDDIO_VRM Temp
18:14:56.715,45.000000,VDDIO_VRM Temp
18:14:45.215,28.000000,DIMMA~C Temp
18:14:45.715,28.000000,DIMMA~C Temp
18:14:46.215,28.000000,DIMMA~C Temp
18:14:46.715,28.000000,DIMMA~C Temp
18:14:47.215,28.000000,DIMMA~C Temp
18:14:47.715,28.000000,DIMMA~C Temp
18:14:48.215,28.000000,DIMMA~C Temp
18:14:48.715,28.000000,DIMMA~C Temp
18:14:49.215,28.000000,DIMMA~C Temp
18:14:49.715,28.000000,DIMMA~C Temp
18:14:50.215,28.000000,DIMMA~C Temp
18:14:50.715,28.000000,DIMMA~C Temp
18:14:51.215,28.000000,DIMMA~C Temp
18:14:51.715,28.000000,DIMMA~C Temp
18:14:52.215,28.000000,DIMMA~C Temp
18:14:52.715,28.000000,DIMMA~C Temp
18:14:53.215,28.000000,DIMMA~C Temp
18:14:53.715,28.000000,DIMMA~C Temp
18:14:54.215,28.000000,DIMMA~C Temp
18:14:54.715,28.000000,DIMMA~C Temp
18:14:55.215,28.000000,DIMMA~C Temp
18:14:55.715,28.000000,DIMMA~C Temp
18:14:56.215,28.000000,DIMMA~C Temp
18:14:56.715,28.000000,DIMMA~C Temp
18:14:45.215,31.000000,DIMMD~F Temp
18:14:45.715,31.000000,DIMMD~F Temp
18:14:46.215,31.000000,DIMMD~F Temp
18:14:46.715,31.000000,DIMMD~F Temp
18:14:47.215,31.000000,DIMMD~F Temp
18:14:47.715,31.000000,DIMMD~F Temp
18:14:48.215,31.000000,DIMMD~F Temp
18:14:48.715,31.000000,DIMMD~F Temp
18:14:49.215,31.000000,DIMMD~F Temp
18:14:49.715,31.000000,DIMMD~F Temp
18:14:50.215,31.000000,DIMMD~F Temp
18:14:50.715,31.000000,DIMMD~F Temp
18:14:51.215,31.000000,DIMMD~F Temp
18:14:51.715,31.000000,DIMMD~F Temp
18:14:52.215,31.000000,DIMMD~F Temp
18:14:52.715,31.000000,DIMMD~F Temp
18:14:53.215,31.000000,DIMMD~F Temp
18:14:53.715,31.000000,DIMMD~F Temp
18:14:54.215,31.000000,DIMMD~F Temp
18:14:54.715,31.000000,DIMMD~F Temp
18:14:55.215,31.000000,DIMMD~F Temp
18:14:55.715,31.000000,DIMMD~F Temp
18:14:56.215,31.000000,DIMMD~F Temp
18:14:56.715,31.000000,DIMMD~F Temp
18:14:45.215,26.000000,Inlet Temp
18:14:45.715,26.000000,Inlet Temp
18:14:46.215,26.000000,Inlet Temp
18:14:46.715,26.000000,Inlet Temp
18:14:47.215,26.000000,Inlet Temp
18:14:47.715,26.000000,Inlet Temp
18:14:48.215,26.000000,Inlet Temp
18:14:48.715,26.000000,Inlet Temp
18:14:49.215,26.000000,Inlet Temp
18:14:49.715,26.000000,Inlet Temp
18:14:50.215,26.000000,Inlet Temp
18:14:50.715,26.000000,Inlet Temp
18:14:51.215,26.000000,Inlet Temp
18:14:51.715,26.000000,Inlet Temp
18:14:52.215,26.000000,Inlet Temp
18:14:52.715,26.000000,Inlet Temp
18:14:53.215,26.000000,Inlet Temp
18:14:53.715,26.000000,Inlet Temp
18:14:54.215,26.000000,Inlet Temp
18:14:54.715,26.000000,Inlet Temp
18:14:55.215,26.000000,Inlet Temp
18:14:55.715,26.000000,Inlet Temp
18:14:56.215,26.000000,Inlet Temp
18:14:56.715,26.000000,Inlet Temp
18:14:45.214,22.000000,System Temp
18:14:45.714,22.000000,System Temp
18:14:46.214,22.000000,System Temp
18:14:46.714,22.000000,System Temp
18:14:47.214,22.000000,System Temp
18:14:47.714,22.000000,System Temp
18:14:48.214,22.000000,System Temp
18:14:48.714,22.000000,System Temp
18:14:49.214,22.000000,System Temp
18:14:49.714,22.000000,System Temp
18:14:50.214,22.000000,System Temp
18:14:50.714,22.000000,System Temp
18:14:51.214,22.000000,System Temp
18:14:51.714,22.000000,System Temp
18:14:52.214,22.000000,System Temp
18:14:52.714,22.000000,System Temp
18:14:53.214,22.000000,System Temp
18:14:53.714,22.000000,System Temp
18:14:54.214,22.000000,System Temp
18:14:54.714,22.000000,System Temp
18:14:55.214,22.000000,System Temp
18:14:55.714,22.000000,System Temp
18:14:56.214,22.000000,System Temp
18:14:56.714,22.000000,System Temp
18:14:57.214,22.000000,System Temp
18:14:57.714,22.000000,System Temp
18:14:45.214,39.000000,Peripheral Temp
18:14:45.714,39.000000,Peripheral Temp
18:14:46.214,39.000000,Peripheral Temp
18:14:46.714,39.000000,Peripheral Temp
18:14:47.214,39.000000,Peripheral Temp
18:14:47.714,39.000000,Peripheral Temp
18:14:48.214,39.000000,Peripheral Temp
18:14:48.714,39.000000,Peripheral Temp
18:14:49.214,39.000000,Peripheral Temp
18:14:49.714,39.000000,Peripheral Temp
18:14:50.214,39.000000,Peripheral Temp
18:14:50.714,39.000000,Peripheral Temp
18:14:51.214,39.000000,Peripheral Temp
18:14:51.714,39.000000,Peripheral Temp
18:14:52.214,39.000000,Peripheral Temp
18:14:52.714,39.000000,Peripheral Temp
18:14:53.214,39.000000,Peripheral Temp
18:14:53.714,39.000000,Peripheral Temp
18:14:54.214,39.000000,Peripheral Temp
18:14:54.714,39.000000,Peripheral Temp
18:14:55.214,39.000000,Peripheral Temp
18:14:55.714,39.000000,Peripheral Temp
18:14:56.214,39.000000,Peripheral Temp
18:14:56.714,39.000000,Peripheral Temp
18:14:57.214,39.000000,Peripheral Temp
18:14:57.714,39.000000,Peripheral Temp
18:14:45.214,50.000000,AOC_NIC2 Temp
18:14:45.714,50.000000,AOC_NIC2 Temp
18:14:46.214,50.000000,AOC_NIC2 Temp
18:14:46.714,50.000000,AOC_NIC2 Temp
18:14:47.214,50.000000,AOC_NIC2 Temp
18:14:47.714,50.000000,AOC_NIC2 Temp
18:14:48.214,49.000000,AOC_NIC2 Temp
18:14:48.714,49.000000,AOC_NIC2 Temp
18:14:49.214,49.000000,AOC_NIC2 Temp
18:14:49.714,49.000000,AOC_NIC2 Temp
18:14:50.214,49.000000,AOC_NIC2 Temp
18:14:50.714,49.000000,AOC_NIC2 Temp
18:14:51.214,49.000000,AOC_NIC2 Temp
18:14:51.714,49.000000,AOC_NIC2 Temp
18:14:52.214,49.000000,AOC_NIC2 Temp
18:14:52.714,49.000000,AOC_NIC2 Temp
18:14:53.214,49.000000,AOC_NIC2 Temp
18:14:53.714,49.000000,AOC_NIC2 Temp
18:14:54.214,49.000000,AOC_NIC2 Temp
18:14:54.714,49.000000,AOC_NIC2 Temp
18:14:55.214,49.000000,AOC_NIC2 Temp
18:14:55.714,49.000000,AOC_NIC2 Temp
18:14:56.214,49.000000,AOC_NIC2 Temp
18:14:56.714,49.000000,AOC_NIC2 Temp
18:14:57.214,49.000000,AOC_NIC2 Temp
18:14:57.714,49.000000,AOC_NIC2 Temp
18:14:45.214,28.000000,NVMe_SSDA Temp 
18:14:45.714,28.000000,NVMe_SSDA Temp 
18:14:46.214,28.000000,NVMe_SSDA Temp 
18:14:46.714,28.000000,NVMe_SSDA Temp 
18:14:47.214,28.000000,NVMe_SSDA Temp 
18:14:47.714,28.000000,NVMe_SSDA Temp 
18:14:48.214,28.000000,NVMe_SSDA Temp 
18:14:48.714,28.000000,NVMe_SSDA Temp 
18:14:49.214,28.000000,NVMe_SSDA Temp 
18:14:49.714,28.000000,NVMe_SSDA Temp 
18:14:50.214,28.000000,NVMe_SSDA Temp 
18:14:50.714,28.000000,NVMe_SSDA Temp 
18:14:51.214,28.000000,NVMe_SSDA Temp 
18:14:51.714,28.000000,NVMe_SSDA Temp 
18:14:52.214,28.000000,NVMe_SSDA Temp 
18:14:52.714,28.000000,NVMe_SSDA Temp 
18:14:53.214,28.000000,NVMe_SSDA Temp 
18:14:53.714,28.000000,NVMe_SSDA Temp 
18:14:54.214,28.000000,NVMe_SSDA Temp 
18:14:54.714,28.000000,NVMe_SSDA Temp 
18:14:55.214,28.000000,NVMe_SSDA Temp 
18:14:55.714,28.000000,NVMe_SSDA Temp 
18:14:56.214,28.000000,NVMe_SSDA Temp 
18:14:56.714,28.000000,NVMe_SSDA Temp 
18:14:57.214,28.000000,NVMe_SSDA Temp 
18:14:57.714,28.000000,NVMe_SSDA Temp 
18:14:45.214,67.000000,NIC Temp
18:14:45.714,67.000000,NIC Temp
18:14:46.214,67.000000,NIC Temp
18:14:46.714,67.000000,NIC Temp
18:14:47.214,67.000000,NIC Temp
18:14:47.714,67.000000,NIC Temp
18:14:48.214,66.000000,NIC Temp
18:14:48.714,66.000000,NIC Temp
18:14:49.214,66.000000,NIC Temp
18:14:49.714,66.000000,NIC Temp
18:14:50.214,66.000000,NIC Temp
18:14:50.714,66.000000,NIC Temp
18:14:51.214,66.000000,NIC Temp
18:14:51.714,66.000000,NIC Temp
18:14:52.214,66.000000,NIC Temp
18:14:52.714,66.000000,NIC Temp
18:14:53.214,66.000000,NIC Temp
18:14:53.714,66.000000,NIC Temp
18:14:54.214,66.000000,NIC Temp
18:14:54.714,66.000000,NIC Temp
18:14:55.214,66.000000,NIC Temp
18:14:55.714,66.000000,NIC Temp
18:14:56.214,66.000000,NIC Temp
18:14:56.714,66.000000,NIC Temp
18:14:57.214,66.000000,NIC Temp
18:14:57.714,66.000000,NIC Temp
18:14:45.214,29.000000,CPU_VRM0 Temp
18:14:45.714,29.000000,CPU_VRM0 Temp
18:14:46.214,29.000000,CPU_VRM0 Temp
18:14:46.714,29.000000,CPU_VRM0 Temp
18:14:47.214,29.000000,CPU_VRM0 Temp
18:14:47.714,29.000000,CPU_VRM0 Temp
18:14:48.214,29.000000,CPU_VRM0 Temp
18:14:48.714,29.000000,CPU_VRM0 Temp
18:14:49.214,29.000000,CPU_VRM0 Temp
18:14:49.714,29.000000,CPU_VRM0 Temp
18:14:50.214,29.000000,CPU_VRM0 Temp
18:14:50.714,29.000000,CPU_VRM0 Temp
18:14:51.214,29.000000,CPU_VRM0 Temp
18:14:51.714,29.000000,CPU_VRM0 Temp
18:14:52.214,29.000000,CPU_VRM0 Temp
18:14:52.714,29.000000,CPU_VRM0 Temp
18:14:53.214,29.000000,CPU_VRM0 Temp
18:14:53.714,29.000000,CPU_VRM0 Temp
18:14:54.214,29.000000,CPU_VRM0 Temp
18:14:54.714,29.000000,CPU_VRM0 Temp
18:14:55.214,29.000000,CPU_VRM0 Temp
18:14:55.714,29.000000,CPU_VRM0 Temp
18:14:56.214,29.000000,CPU_VRM0 Temp
18:14:56.714,29.000000,CPU_VRM0 Temp
18:14:57.214,29.000000,CPU_VRM0 Temp
18:14:57.714,29.000000,CPU_VRM0 Temp
18:14:45.214,48.000000,CPU Temp
18:14:45.714,48.000000,CPU Temp
18:14:46.214,48.000000,CPU Temp
18:14:46.714,48.000000,CPU Temp
18:14:47.214,48.000000,CPU Temp
18:14:47.714,48.000000,CPU Temp
18:14:48.214,48.000000,CPU Temp
18:14:48.714,48.000000,CPU Temp
18:14:49.214,48.000000,CPU Temp
18:14:49.714,48.000000,CPU Temp
18:14:50.214,48.000000,CPU Temp
18:14:50.714,48.000000,CPU Temp
18:14:51.214,48.000000,CPU Temp
18:14:51.714,48.000000,CPU Temp
18:14:52.214,48.000000,CPU Temp
18:14:52.714,48.000000,CPU Temp
18:14:53.214,48.000000,CPU Temp
18:14:53.714,48.000000,CPU Temp
18:14:54.214,48.000000,CPU Temp
18:14:54.714,48.000000,CPU Temp
18:14:55.214,48.000000,CPU Temp
18:14:55.714,48.000000,CPU Temp
18:14:56.214,48.000000,CPU Temp
18:14:56.714,48.000000,CPU Temp
18:14:57.214,48.000000,CPU Temp
18:14:57.714,48.000000,CPU Temp
18:14:45.214,45.000000,CPU_VRM1 Temp
18:14:45.714,45.000000,CPU_VRM1 Temp
18:14:46.214,45.000000,CPU_VRM1 Temp
18:14:46.714,45.000000,CPU_VRM1 Temp
18:14:47.214,45.000000,CPU_VRM1 Temp
18:14:47.714,45.000000,CPU_VRM1 Temp
18:14:48.214,46.000000,CPU_VRM1 Temp
18:14:48.714,46.000000,CPU_VRM1 Temp
18:14:49.214,46.000000,CPU_VRM1 Temp
18:14:49.714,46.000000,CPU_VRM1 Temp
18:14:50.214,46.000000,CPU_VRM1 Temp
18:14:50.714,46.000000,CPU_VRM1 Temp
18:14:51.214,46.000000,CPU_VRM1 Temp
18:14:51.714,46.000000,CPU_VRM1 Temp
18:14:52.214,46.000000,CPU_VRM1 Temp
18:14:52.714,46.000000,CPU_VRM1 Temp
18:14:53.214,46.000000,CPU_VRM1 Temp
18:14:53.714,46.000000,CPU_VRM1 Temp
18:14:54.214,46.000000,CPU_VRM1 Temp
18:14:54.714,46.000000,CPU_VRM1 Temp
18:14:55.214,46.000000,CPU_VRM1 Temp
18:14:55.714,46.000000,CPU_VRM1 Temp
18:14:56.214,46.000000,CPU_VRM1 Temp
18:14:56.714,46.000000,CPU_VRM1 Temp
18:14:57.214,46.000000,CPU_VRM1 Temp
18:14:57.714,46.000000,CPU_VRM1 Temp
18:14:45.214,32.000000,SOC_VRM Temp
18:14:45.714,32.000000,SOC_VRM Temp
18:14:46.214,32.000000,SOC_VRM Temp
18:14:46.714,32.000000,SOC_VRM Temp
18:14:47.214,32.000000,SOC_VRM Temp
18:14:47.714,32.000000,SOC_VRM Temp
18:14:48.214,32.000000,SOC_VRM Temp
18:14:48.714,32.000000,SOC_VRM Temp
18:14:49.214,32.000000,SOC_VRM Temp
18:14:49.714,32.000000,SOC_VRM Temp
18:14:50.214,32.000000,SOC_VRM Temp
18:14:50.714,32.000000,SOC_VRM Temp
18:14:51.214,32.000000,SOC_VRM Temp
18:14:51.714,32.000000,SOC_VRM Temp
18:14:52.214,32.000000,SOC_VRM Temp
18:14:52.714,32.000000,SOC_VRM Temp
18:14:53.214,32.000000,SOC_VRM Temp
18:14:53.714,32.000000,SOC_VRM Temp
18:14:54.214,32.000000,SOC_VRM Temp
18:14:54.714,32.000000,SOC_VRM Temp
18:14:55.214,32.000000,SOC_VRM Temp
18:14:55.714,32.000000,SOC_VRM Temp
18:14:56.214,32.000000,SOC_VRM Temp
18:14:56.714,32.000000,SOC_VRM Temp
18:14:57.214,32.000000,SOC_VRM Temp
18:14:57.714,32.000000,SOC_VRM Temp
18:14:45.214,45.000000,VDDIO_VRM Temp
18:14:45.714,45.000000,VDDIO_VRM Temp
18:14:46.214,45.000000,VDDIO_VRM Temp
18:14:46.714,45.000000,VDDIO_VRM Temp
18:14:47.214,45.000000,VDDIO_VRM Temp
18:14:47.714,45.000000,VDDIO_VRM Temp
18:14:48.214,45.000000,VDDIO_VRM Temp
18:14:48.714,45.000000,VDDIO_VRM Temp
18:14:49.214,45.000000,VDDIO_VRM Temp
18:14:49.714,45.000000,VDDIO_VRM Temp
18:14:50.214,45.000000,VDDIO_VRM Temp
18:14:50.714,45.000000,VDDIO_VRM Temp
18:14:51.214,45.000000,VDDIO_VRM Temp
18:14:51.714,45.000000,VDDIO_VRM Temp
18:14:52.214,45.000000,VDDIO_VRM Temp
18:14:52.714,45.000000,VDDIO_VRM Temp
18:14:53.214,45.000000,VDDIO_VRM Temp
18:14:53.714,45.000000,VDDIO_VRM Temp
18:14:54.214,45.000000,VDDIO_VRM Temp
18:14:54.714,45.000000,VDDIO_VRM Temp
18:14:55.214,45.000000,VDDIO_VRM Temp
18:14:55.714,45.000000,VDDIO_VRM Temp
18:14:56.214,45.000000,VDDIO_VRM Temp
18:14:56.714,45.000000,VDDIO_VRM Temp
18:14:57.214,45.000000,VDDIO_VRM Temp
18:14:57.714,45.000000,VDDIO_VRM Temp
18:14:45.214,28.000000,DIMMA~C Temp
18:14:45.714,28.000000,DIMMA~C Temp
18:14:46.214,28.000000,DIMMA~C Temp
18:14:46.714,28.000000,DIMMA~C Temp
18:14:47.214,28.000000,DIMMA~C Temp
18:14:47.714,28.000000,DIMMA~C Temp
18:14:48.214,28.000000,DIMMA~C Temp
18:14:48.714,28.000000,DIMMA~C Temp
18:14:49.214,28.000000,DIMMA~C Temp
18:14:49.714,28.000000,DIMMA~C Temp
18:14:50.214,28.000000,DIMMA~C Temp
18:14:50.714,28.000000,DIMMA~C Temp
18:14:51.214,28.000000,DIMMA~C Temp
18:14:51.714,28.000000,DIMMA~C Temp
18:14:52.214,28.000000,DIMMA~C Temp
18:14:52.714,28.000000,DIMMA~C Temp
18:14:53.214,28.000000,DIMMA~C Temp
18:14:53.714,28.000000,DIMMA~C Temp
18:14:54.214,28.000000,DIMMA~C Temp
18:14:54.714,28.000000,DIMMA~C Temp
18:14:55.214,28.000000,DIMMA~C Temp
18:14:55.714,28.000000,DIMMA~C Temp
18:14:56.214,28.000000,DIMMA~C Temp
18:14:56.714,28.000000,DIMMA~C Temp
18:14:57.214,28.000000,DIMMA~C Temp
18:14:57.714,28.000000,DIMMA~C Temp
18:14:45.214,31.000000,DIMMD~F Temp
18:14:45.714,31.000000,DIMMD~F Temp
18:14:46.214,31.000000,DIMMD~F Temp
18:14:46.714,31.000000,DIMMD~F Temp
18:14:47.214,31.000000,DIMMD~F Temp
18:14:47.714,31.000000,DIMMD~F Temp
18:14:48.214,31.000000,DIMMD~F Temp
18:14:48.714,31.000000,DIMMD~F Temp
18:14:49.214,31.000000,DIMMD~F Temp
18:14:49.714,31.000000,DIMMD~F Temp
18:14:50.214,31.000000,DIMMD~F Temp
18:14:50.714,31.000000,DIMMD~F Temp
18:14:51.214,31.000000,DIMMD~F Temp
18:14:51.714,31.000000,DIMMD~F Temp
18:14:52.214,31.000000,DIMMD~F Temp
18:14:52.714,31.000000,DIMMD~F Temp
18:14:53.214,31.000000,DIMMD~F Temp
18:14:53.714,31.000000,DIMMD~F Temp
18:14:54.214,31.000000,DIMMD~F Temp
18:14:54.714,31.000000,DIMMD~F Temp
18:14:55.214,31.000000,DIMMD~F Temp
18:14:55.714,31.000000,DIMMD~F Temp
18:14:56.214,31.000000,DIMMD~F Temp
18:14:56.714,31.000000,DIMMD~F Temp
18:14:57.214,31.000000,DIMMD~F Temp
18:14:57.714,31.000000,DIMMD~F Temp
18:14:45.214,26.000000,Inlet Temp
18:14:45.714,26.000000,Inlet Temp
18:14:46.214,26.000000,Inlet Temp
18:14:46.714,26.000000,Inlet Temp
18:14:47.214,26.000000,Inlet Temp
18:14:47.714,26.000000,Inlet Temp
18:14:48.214,26.000000,Inlet Temp
18:14:48.714,26.000000,Inlet Temp
18:14:49.214,26.000000,Inlet Temp
18:14:49.714,26.000000,Inlet Temp
18:14:50.214,26.000000,Inlet Temp
18:14:50.714,26.000000,Inlet Temp
18:14:51.214,26.000000,Inlet Temp
18:14:51.714,26.000000,Inlet Temp
18:14:52.214,26.000000,Inlet Temp
18:14:52.714,26.000000,Inlet Temp
18:14:53.214,26.000000,Inlet Temp
18:14:53.714,26.000000,Inlet Temp
18:14:54.214,26.000000,Inlet Temp
18:14:54.714,26.000000,Inlet Temp
18:14:55.214,26.000000,Inlet Temp
18:14:55.714,26.000000,Inlet Temp
18:14:56.214,26.000000,Inlet Temp
18:14:56.714,26.000000,Inlet Temp
18:14:57.214,26.000000,Inlet Temp
18:14:57.714,26.000000,Inlet Temp
18:14:45.213,22.000000,System Temp
18:14:45.713,22.000000,System Temp
18:14:46.213,22.000000,System Temp
18:14:46.713,22.000000,System Temp
18:14:47.213,22.000000,System Temp
18:14:47.713,22.000000,System Temp
18:14:48.213,22.000000,System Temp
18:14:48.713,22.000000,System Temp
18:14:49.213,22.000000,System Temp
18:14:49.713,22.000000,System Temp
18:14:50.213,22.000000,System Temp
18:14:50.713,22.000000,System Temp
18:14:51.213,22.000000,System Temp
18:14:51.713,22.000000,System Temp
18:14:52.213,22.000000,System Temp
18:14:52.713,22.000000,System Temp
18:14:53.213,22.000000,System Temp
18:14:53.713,22.000000,System Temp
18:14:54.213,22.000000,System Temp
18:14:54.713,22.000000,System Temp
18:14:55.213,22.000000,System Temp
18:14:55.713,22.000000,System Temp
18:14:56.213,22.000000,System Temp
18:14:56.713,22.000000,System Temp
18:14:57.213,22.000000,System Temp
18:14:57.713,22.000000,System Temp
18:14:58.213,22.000000,System Temp
18:14:58.713,22.000000,System Temp
18:14:45.213,39.000000,Peripheral Temp
18:14:45.713,39.000000,Peripheral Temp
18:14:46.213,39.000000,Peripheral Temp
18:14:46.713,39.000000,Peripheral Temp
18:14:47.213,39.000000,Peripheral Temp
18:14:47.713,39.000000,Peripheral Temp
18:14:48.213,39.000000,Peripheral Temp
18:14:48.713,39.000000,Peripheral Temp
18:14:49.213,39.000000,Peripheral Temp
18:14:49.713,39.000000,Peripheral Temp
18:14:50.213,39.000000,Peripheral Temp
18:14:50.713,39.000000,Peripheral Temp
18:14:51.213,39.000000,Peripheral Temp
18:14:51.713,39.000000,Peripheral Temp
18:14:52.213,39.000000,Peripheral Temp
18:14:52.713,39.000000,Peripheral Temp
18:14:53.213,39.000000,Peripheral Temp
18:14:53.713,39.000000,Peripheral Temp
18:14:54.213,39.000000,Peripheral Temp
18:14:54.713,39.000000,Peripheral Temp
18:14:55.213,39.000000,Peripheral Temp
18:14:55.713,39.000000,Peripheral Temp
18:14:56.213,39.000000,Peripheral Temp
18:14:56.713,39.000000,Peripheral Temp
18:14:57.213,39.000000,Peripheral Temp
18:14:57.713,39.000000,Peripheral Temp
18:14:58.213,39.000000,Peripheral Temp
18:14:58.713,39.000000,Peripheral Temp
18:14:45.213,50.000000,AOC_NIC2 Temp
18:14:45.713,50.000000,AOC_NIC2 Temp
18:14:46.213,50.000000,AOC_NIC2 Temp
18:14:46.713,50.000000,AOC_NIC2 Temp
18:14:47.213,50.000000,AOC_NIC2 Temp
18:14:47.713,50.000000,AOC_NIC2 Temp
18:14:48.213,49.000000,AOC_NIC2 Temp
18:14:48.713,49.000000,AOC_NIC2 Temp
18:14:49.213,49.000000,AOC_NIC2 Temp
18:14:49.713,49.000000,AOC_NIC2 Temp
18:14:50.213,49.000000,AOC_NIC2 Temp
18:14:50.713,49.000000,AOC_NIC2 Temp
18:14:51.213,49.000000,AOC_NIC2 Temp
18:14:51.713,49.000000,AOC_NIC2 Temp
18:14:52.213,49.000000,AOC_NIC2 Temp
18:14:52.713,49.000000,AOC_NIC2 Temp
18:14:53.213,49.000000,AOC_NIC2 Temp
18:14:53.713,49.000000,AOC_NIC2 Temp
18:14:54.213,49.000000,AOC_NIC2 Temp
18:14:54.713,49.000000,AOC_NIC2 Temp
18:14:55.213,49.000000,AOC_NIC2 Temp
18:14:55.713,49.000000,AOC_NIC2 Temp
18:14:56.213,49.000000,AOC_NIC2 Temp
18:14:56.713,49.000000,AOC_NIC2 Temp
18:14:57.213,49.000000,AOC_NIC2 Temp
18:14:57.713,49.000000,AOC_NIC2 Temp
18:14:58.213,49.000000,AOC_NIC2 Temp
18:14:58.713,49.000000,AOC_NIC2 Temp
18:14:45.213,28.000000,NVMe_SSDA Temp 
18:14:45.713,28.000000,NVMe_SSDA Temp 
18:14:46.213,28.000000,NVMe_SSDA Temp 
18:14:46.713,28.000000,NVMe_SSDA Temp 
18:14:47.213,28.000000,NVMe_SSDA Temp 
18:14:47.713,28.000000,NVMe_SSDA Temp 
18:14:48.213,28.000000,NVMe_SSDA Temp 
18:14:48.713,28.000000,NVMe_SSDA Temp 
18:14:49.213,28.000000,NVMe_SSDA Temp 
18:14:49.713,28.000000,NVMe_SSDA Temp 
18:14:50.213,28.000000,NVMe_SSDA Temp 
18:14:50.713,28.000000,NVMe_SSDA Temp 
18:14:51.213,28.000000,NVMe_SSDA Temp 
18:14:51.713,28.000000,NVMe_SSDA Temp 
18:14:52.213,28.000000,NVMe_SSDA Temp 
18:14:52.713,28.000000,NVMe_SSDA Temp 
18:14:53.213,28.000000,NVMe_SSDA Temp 
18:14:53.713,28.000000,NVMe_SSDA Temp 
18:14:54.213,28.000000,NVMe_SSDA Temp 
18:14:54.713,28.000000,NVMe_SSDA Temp 
18:14:55.213,28.000000,NVMe_SSDA Temp 
18:14:55.713,28.000000,NVMe_SSDA Temp 
18:14:56.213,28.000000,NVMe_SSDA Temp 
18:14:56.713,28.000000,NVMe_SSDA Temp 
18:14:57.213,28.000000,NVMe_SSDA Temp 
18:14:57.713,28.000000,NVMe_SSDA Temp 
18:14:58.213,28.000000,NVMe_SSDA Temp 
18:14:58.713,28.000000,NVMe_SSDA Temp 
18:14:45.213,67.000000,NIC Temp
18:14:45.713,67.000000,NIC Temp
18:14:46.213,67.000000,NIC Temp
18:14:46.713,67.000000,NIC Temp
18:14:47.213,67.000000,NIC Temp
18:14:47.713,67.000000,NIC Temp
18:14:48.213,66.000000,NIC Temp
18:14:48.713,66.000000,NIC Temp
18:14:49.213,66.000000,NIC Temp
18:14:49.713,66.000000,NIC Temp
18:14:50.213,66.000000,NIC Temp
18:14:50.713,66.000000,NIC Temp
18:14:51.213,66.000000,NIC Temp
18:14:51.713,66.000000,NIC Temp
18:14:52.213,66.000000,NIC Temp
18:14:52.713,66.000000,NIC Temp
18:14:53.213,66.000000,NIC Temp
18:14:53.713,66.000000,NIC Temp
18:14:54.213,66.000000,NIC Temp
18:14:54.713,66.000000,NIC Temp
18:14:55.213,66.000000,NIC Temp
18:14:55.713,66.000000,NIC Temp
18:14:56.213,66.000000,NIC Temp
18:14:56.713,66.000000,NIC Temp
18:14:57.213,66.000000,NIC Temp
18:14:57.713,66.000000,NIC Temp
18:14:58.213,66.000000,NIC Temp
18:14:58.713,66.000000,NIC Temp
18:14:45.213,29.000000,CPU_VRM0 Temp
18:14:45.713,29.000000,CPU_VRM0 Temp
18:14:46.213,29.000000,CPU_VRM0 Temp
18:14:46.713,29.000000,CPU_VRM0 Temp
18:14:47.213,29.000000,CPU_VRM0 Temp
18:14:47.713,29.000000,CPU_VRM0 Temp
18:14:48.213,29.000000,CPU_VRM0 Temp
18:14:48.713,29.000000,CPU_VRM0 Temp
18:14:49.213,29.000000,CPU_VRM0 Temp
18:14:49.713,29.000000,CPU_VRM0 Temp
18:14:50.213,29.000000,CPU_VRM0 Temp
18:14:50.713,29.000000,CPU_VRM0 Temp
18:14:51.213,29.000000,CPU_VRM0 Temp
18:14:51.713,29.000000,CPU_VRM0 Temp
18:14:52.213,29.000000,CPU_VRM0 Temp
18:14:52.713,29.000000,CPU_VRM0 Temp
18:14:53.213,29.000000,CPU_VRM0 Temp
18:14:53.713,29.000000,CPU_VRM0 Temp
18:14:54.213,29.000000,CPU_VRM0 Temp
18:14:54.713,29.000000,CPU_VRM0 Temp
18:14:55.213,29.000000,CPU_VRM0 Temp
18:14:55.713,29.000000,CPU_VRM0 Temp
18:14:56.213,29.000000,CPU_VRM0 Temp
18:14:56.713,29.000000,CPU_VRM0 Temp
18:14:57.213,29.000000,CPU_VRM0 Temp
18:14:57.713,29.000000,CPU_VRM0 Temp
18:14:58.213,29.000000,CPU_VRM0 Temp
18:14:58.713,29.000000,CPU_VRM0 Temp
18:14:45.213,48.000000,CPU Temp
18:14:45.713,48.000000,CPU Temp
18:14:46.213,48.000000,CPU Temp
18:14:46.713,48.000000,CPU Temp
18:14:47.213,48.000000,CPU Temp
18:14:47.713,48.000000,CPU Temp
18:14:48.213,48.000000,CPU Temp
18:14:48.713,48.000000,CPU Temp
18:14:49.213,48.000000,CPU Temp
18:14:49.713,48.000000,CPU Temp
18:14:50.213,48.000000,CPU Temp
18:14:50.713,48.000000,CPU Temp
18:14:51.213,48.000000,CPU Temp
18:14:51.713,48.000000,CPU Temp
18:14:52.213,48.000000,CPU Temp
18:14:52.713,48.000000,CPU Temp
18:14:53.213,48.000000,CPU Temp
18:14:53.713,48.000000,CPU Temp
18:14:54.213,48.000000,CPU Temp
18:14:54.713,48.000000,CPU Temp
18:14:55.213,48.000000,CPU Temp
18:14:55.713,48.000000,CPU Temp
18:14:56.213,48.000000,CPU Temp
18:14:56.713,48.000000,CPU Temp
18:14:57.213,48.000000,CPU Temp
18:14:57.713,48.000000,CPU Temp
18:14:58.213,48.000000,CPU Temp
18:14:58.713,48.000000,CPU Temp
18:14:45.213,45.000000,CPU_VRM1 Temp
18:14:45.713,45.000000,CPU_VRM1 Temp
18:14:46.213,45.000000,CPU_VRM1 Temp
18:14:46.713,45.000000,CPU_VRM1 Temp
18:14:47.213,45.000000,CPU_VRM1 Temp
18:14:47.713,45.000000,CPU_VRM1 Temp
18:14:48.213,46.000000,CPU_VRM1 Temp
18:14:48.713,46.000000,CPU_VRM1 Temp
18:14:49.213,46.000000,CPU_VRM1 Temp
18:14:49.713,46.000000,CPU_VRM1 Temp
18:14:50.213,46.000000,CPU_VRM1 Temp
18:14:50.713,46.000000,CPU_VRM1 Temp
18:14:51.213,46.000000,CPU_VRM1 Temp
18:14:51.713,46.000000,CPU_VRM1 Temp
18:14:52.213,46.000000,CPU_VRM1 Temp
18:14:52.713,46.000000,CPU_VRM1 Temp
18:14:53.213,46.000000,CPU_VRM1 Temp
18:14:53.713,46.000000,CPU_VRM1 Temp
18:14:54.213,46.000000,CPU_VRM1 Temp
18:14:54.713,46.000000,CPU_VRM1 Temp
18:14:55.213,46.000000,CPU_VRM1 Temp
18:14:55.713,46.000000,CPU_VRM1 Temp
18:14:56.213,46.000000,CPU_VRM1 Temp
18:14:56.713,46.000000,CPU_VRM1 Temp
18:14:57.213,46.000000,CPU_VRM1 Temp
18:14:57.713,46.000000,CPU_VRM1 Temp
18:14:58.213,46.000000,CPU_VRM1 Temp
18:14:58.713,46.000000,CPU_VRM1 Temp
18:14:45.213,32.000000,SOC_VRM Temp
18:14:45.713,32.000000,SOC_VRM Temp
18:14:46.213,32.000000,SOC_VRM Temp
18:14:46.713,32.000000,SOC_VRM Temp
18:14:47.213,32.000000,SOC_VRM Temp
18:14:47.713,32.000000,SOC_VRM Temp
18:14:48.213,32.000000,SOC_VRM Temp
18:14:48.713,32.000000,SOC_VRM Temp
18:14:49.213,32.000000,SOC_VRM Temp
18:14:49.713,32.000000,SOC_VRM Temp
18:14:50.213,32.000000,SOC_VRM Temp
18:14:50.713,32.000000,SOC_VRM Temp
18:14:51.213,32.000000,SOC_VRM Temp
18:14:51.713,32.000000,SOC_VRM Temp
18:14:52.213,32.000000,SOC_VRM Temp
18:14:52.713,32.000000,SOC_VRM Temp
18:14:53.213,32.000000,SOC_VRM Temp
18:14:53.713,32.000000,SOC_VRM Temp
18:14:54.213,32.000000,SOC_VRM Temp
18:14:54.713,32.000000,SOC_VRM Temp
18:14:55.213,32.000000,SOC_VRM Temp
18:14:55.713,32.000000,SOC_VRM Temp
18:14:56.213,32.000000,SOC_VRM Temp
18:14:56.713,32.000000,SOC_VRM Temp
18:14:57.213,32.000000,SOC_VRM Temp
18:14:57.713,32.000000,SOC_VRM Temp
18:14:58.213,32.000000,SOC_VRM Temp
18:14:58.713,32.000000,SOC_VRM Temp
18:14:45.213,45.000000,VDDIO_VRM Temp
18:14:45.713,45.000000,VDDIO_VRM Temp
18:14:46.213,45.000000,VDDIO_VRM Temp
18:14:46.713,45.000000,VDDIO_VRM Temp
18:14:47.213,45.000000,VDDIO_VRM Temp
18:14:47.713,45.000000,VDDIO_VRM Temp
18:14:48.213,45.000000,VDDIO_VRM Temp
18:14:48.713,45.000000,VDDIO_VRM Temp
18:14:49.213,45.000000,VDDIO_VRM Temp
18:14:49.713,45.000000,VDDIO_VRM Temp
18:14:50.213,45.000000,VDDIO_VRM Temp
18:14:50.713,45.000000,VDDIO_VRM Temp
18:14:51.213,45.000000,VDDIO_VRM Temp
18:14:51.713,45.000000,VDDIO_VRM Temp
18:14:52.213,45.000000,VDDIO_VRM Temp
18:14:52.713,45.000000,VDDIO_VRM Temp
18:14:53.213,45.000000,VDDIO_VRM Temp
18:14:53.713,45.000000,VDDIO_VRM Temp
18:14:54.213,45.000000,VDDIO_VRM Temp
18:14:54.713,45.000000,VDDIO_VRM Temp
18:14:55.213,45.000000,VDDIO_VRM Temp
18:14:55.713,45.000000,VDDIO_VRM Temp
18:14:56.213,45.000000,VDDIO_VRM Temp
18:14:56.713,45.000000,VDDIO_VRM Temp
18:14:57.213,45.000000,VDDIO_VRM Temp
18:14:57.713,45.000000,VDDIO_VRM Temp
18:14:58.213,45.000000,VDDIO_VRM Temp
18:14:58.713,45.000000,VDDIO_VRM Temp
18:14:45.213,28.000000,DIMMA~C Temp
18:14:45.713,28.000000,DIMMA~C Temp
18:14:46.213,28.000000,DIMMA~C Temp
18:14:46.713,28.000000,DIMMA~C Temp
18:14:47.213,28.000000,DIMMA~C Temp
18:14:47.713,28.000000,DIMMA~C Temp
18:14:48.213,28.000000,DIMMA~C Temp
18:14:48.713,28.000000,DIMMA~C Temp
18:14:49.213,28.000000,DIMMA~C Temp
18:14:49.713,28.000000,DIMMA~C Temp
18:14:50.213,28.000000,DIMMA~C Temp
18:14:50.713,28.000000,DIMMA~C Temp
18:14:51.213,28.000000,DIMMA~C Temp
18:14:51.713,28.000000,DIMMA~C Temp
18:14:52.213,28.000000,DIMMA~C Temp
18:14:52.713,28.000000,DIMMA~C Temp
18:14:53.213,28.000000,DIMMA~C Temp
18:14:53.713,28.000000,DIMMA~C Temp
18:14:54.213,28.000000,DIMMA~C Temp
18:14:54.713,28.000000,DIMMA~C Temp
18:14:55.213,28.000000,DIMMA~C Temp
18:14:55.713,28.000000,DIMMA~C Temp
18:14:56.213,28.000000,DIMMA~C Temp
18:14:56.713,28.000000,DIMMA~C Temp
18:14:57.213,28.000000,DIMMA~C Temp
18:14:57.713,28.000000,DIMMA~C Temp
18:14:58.213,28.000000,DIMMA~C Temp
18:14:58.713,28.000000,DIMMA~C Temp
18:14:45.213,31.000000,DIMMD~F Temp
18:14:45.713,31.000000,DIMMD~F Temp
18:14:46.213,31.000000,DIMMD~F Temp
18:14:46.713,31.000000,DIMMD~F Temp
18:14:47.213,31.000000,DIMMD~F Temp
18:14:47.713,31.000000,DIMMD~F Temp
18:14:48.213,31.000000,DIMMD~F Temp
18:14:48.713,31.000000,DIMMD~F Temp
18:14:49.213,31.000000,DIMMD~F Temp
18:14:49.713,31.000000,DIMMD~F Temp
18:14:50.213,31.000000,DIMMD~F Temp
18:14:50.713,31.000000,DIMMD~F Temp
18:14:51.213,31.000000,DIMMD~F Temp
18:14:51.713,31.000000,DIMMD~F Temp
18:14:52.213,31.000000,DIMMD~F Temp
18:14:52.713,31.000000,DIMMD~F Temp
18:14:53.213,31.000000,DIMMD~F Temp
18:14:53.713,31.000000,DIMMD~F Temp
18:14:54.213,31.000000,DIMMD~F Temp
18:14:54.713,31.000000,DIMMD~F Temp
18:14:55.213,31.000000,DIMMD~F Temp
18:14:55.713,31.000000,DIMMD~F Temp
18:14:56.213,31.000000,DIMMD~F Temp
18:14:56.713,31.000000,DIMMD~F Temp
18:14:57.213,31.000000,DIMMD~F Temp
18:14:57.713,31.000000,DIMMD~F Temp
18:14:58.213,31.000000,DIMMD~F Temp
18:14:58.713,31.000000,DIMMD~F Temp
18:14:45.213,26.000000,Inlet Temp
18:14:45.713,26.000000,Inlet Temp
18:14:46.213,26.000000,Inlet Temp
18:14:46.713,26.000000,Inlet Temp
18:14:47.213,26.000000,Inlet Temp
18:14:47.713,26.000000,Inlet Temp
18:14:48.213,26.000000,Inlet Temp
18:14:48.713,26.000000,Inlet Temp
18:14:49.213,26.000000,Inlet Temp
18:14:49.713,26.000000,Inlet Temp
18:14:50.213,26.000000,Inlet Temp
18:14:50.713,26.000000,Inlet Temp
18:14:51.213,26.000000,Inlet Temp
18:14:51.713,26.000000,Inlet Temp
18:14:52.213,26.000000,Inlet Temp
18:14:52.713,26.000000,Inlet Temp
18:14:53.213,26.000000,Inlet Temp
18:14:53.713,26.000000,Inlet Temp
18:14:54.213,26.000000,Inlet Temp
18:14:54.713,26.000000,Inlet Temp
18:14:55.213,26.000000,Inlet Temp
18:14:55.713,26.000000,Inlet Temp
18:14:56.213,26.000000,Inlet Temp
18:14:56.713,26.000000,Inlet Temp
18:14:57.213,26.000000,Inlet Temp
18:14:57.713,26.000000,Inlet Temp
18:14:58.213,26.000000,Inlet Temp
18:14:58.713,26.000000,Inlet Temp
18:14:48.160,22.000000,System Temp
18:14:48.660,22.000000,System Temp
18:14:49.160,22.000000,System Temp
18:14:49.660,22.000000,System Temp
18:14:50.160,22.000000,System Temp
18:14:50.660,22.000000,System Temp
18:14:51.160,22.000000,System Temp
18:14:51.660,22.000000,System Temp
18:14:52.160,22.000000,System Temp
18:14:52.660,22.000000,System Temp
18:14:53.160,22.000000,System Temp
18:14:53.660,22.000000,System Temp
18:14:54.160,22.000000,System Temp
18:14:54.660,22.000000,System Temp
18:14:55.160,22.000000,System Temp
18:14:55.660,22.000000,System Temp
18:14:56.160,22.000000,System Temp
18:14:56.660,22.000000,System Temp
18:14:57.160,22.000000,System Temp
18:14:57.660,22.000000,System Temp
18:14:58.160,22.000000,System Temp
18:14:58.660,22.000000,System Temp
18:14:59.160,22.000000,System Temp
18:14:59.660,22.000000,System Temp
18:15:00.160,22.000000,System Temp
18:15:00.660,22.000000,System Temp
18:14:48.160,39.000000,Peripheral Temp
18:14:48.660,39.000000,Peripheral Temp
18:14:49.160,39.000000,Peripheral Temp
18:14:49.660,39.000000,Peripheral Temp
18:14:50.160,39.000000,Peripheral Temp
18:14:50.660,39.000000,Peripheral Temp
18:14:51.160,39.000000,Peripheral Temp
18:14:51.660,39.000000,Peripheral Temp
18:14:52.160,39.000000,Peripheral Temp
18:14:52.660,39.000000,Peripheral Temp
18:14:53.160,39.000000,Peripheral Temp
18:14:53.660,39.000000,Peripheral Temp
18:14:54.160,39.000000,Peripheral Temp
18:14:54.660,39.000000,Peripheral Temp
18:14:55.160,39.000000,Peripheral Temp
18:14:55.660,39.000000,Peripheral Temp
18:14:56.160,39.000000,Peripheral Temp
18:14:56.660,39.000000,Peripheral Temp
18:14:57.160,39.000000,Peripheral Temp
18:14:57.660,39.000000,Peripheral Temp
18:14:58.160,39.000000,Peripheral Temp
18:14:58.660,39.000000,Peripheral Temp
18:14:59.160,39.000000,Peripheral Temp
18:14:59.660,39.000000,Peripheral Temp
18:15:00.160,39.000000,Peripheral Temp
18:15:00.660,39.000000,Peripheral Temp
18:14:48.160,49.000000,AOC_NIC2 Temp
18:14:48.660,49.000000,AOC_NIC2 Temp
18:14:49.160,49.000000,AOC_NIC2 Temp
18:14:49.660,49.000000,AOC_NIC2 Temp
18:14:50.160,49.000000,AOC_NIC2 Temp
18:14:50.660,49.000000,AOC_NIC2 Temp
18:14:51.160,49.000000,AOC_NIC2 Temp
18:14:51.660,49.000000,AOC_NIC2 Temp
18:14:52.160,49.000000,AOC_NIC2 Temp
18:14:52.660,49.000000,AOC_NIC2 Temp
18:14:53.160,49.000000,AOC_NIC2 Temp
18:14:53.660,49.000000,AOC_NIC2 Temp
18:14:54.160,49.000000,AOC_NIC2 Temp
18:14:54.660,49.000000,AOC_NIC2 Temp
18:14:55.160,49.000000,AOC_NIC2 Temp
18:14:55.660,49.000000,AOC_NIC2 Temp
18:14:56.160,49.000000,AOC_NIC2 Temp
18:14:56.660,49.000000,AOC_NIC2 Temp
18:14:57.160,49.000000,AOC_NIC2 Temp
18:14:57.660,49.000000,AOC_NIC2 Temp
18:14:58.160,49.000000,AOC_NIC2 Temp
18:14:58.660,49.000000,AOC_NIC2 Temp
18:14:59.160,49.000000,AOC_NIC2 Temp
18:14:59.660,49.000000,AOC_NIC2 Temp
18:15:00.160,49.000000,AOC_NIC2 Temp
18:15:00.660,49.000000,AOC_NIC2 Temp
18:14:48.160,28.000000,NVMe_SSDA Temp 
18:14:48.660,28.000000,NVMe_SSDA Temp 
18:14:49.160,28.000000,NVMe_SSDA Temp 
18:14:49.660,28.000000,NVMe_SSDA Temp 
18:14:50.160,28.000000,NVMe_SSDA Temp 
18:14:50.660,28.000000,NVMe_SSDA Temp 
18:14:51.160,28.000000,NVMe_SSDA Temp 
18:14:51.660,28.000000,NVMe_SSDA Temp 
18:14:52.160,28.000000,NVMe_SSDA Temp 
18:14:52.660,28.000000,NVMe_SSDA Temp 
18:14:53.160,28.000000,NVMe_SSDA Temp 
18:14:53.660,28.000000,NVMe_SSDA Temp 
18:14:54.160,28.000000,NVMe_SSDA Temp 
18:14:54.660,28.000000,NVMe_SSDA Temp 
18:14:55.160,28.000000,NVMe_SSDA Temp 
18:14:55.660,28.000000,NVMe_SSDA Temp 
18:14:56.160,28.000000,NVMe_SSDA Temp 
18:14:56.660,28.000000,NVMe_SSDA Temp 
18:14:57.160,28.000000,NVMe_SSDA Temp 
18:14:57.660,28.000000,NVMe_SSDA Temp 
18:14:58.160,28.000000,NVMe_SSDA Temp 
18:14:58.660,28.000000,NVMe_SSDA Temp 
18:14:59.160,28.000000,NVMe_SSDA Temp 
18:14:59.660,28.000000,NVMe_SSDA Temp 
18:15:00.160,28.000000,NVMe_SSDA Temp 
18:15:00.660,28.000000,NVMe_SSDA Temp 
18:14:48.160,66.000000,NIC Temp
18:14:48.660,66.000000,NIC Temp
18:14:49.160,66.000000,NIC Temp
18:14:49.660,66.000000,NIC Temp
18:14:50.160,66.000000,NIC Temp
18:14:50.660,66.000000,NIC Temp
18:14:51.160,66.000000,NIC Temp
18:14:51.660,66.000000,NIC Temp
18:14:52.160,66.000000,NIC Temp
18:14:52.660,66.000000,NIC Temp
18:14:53.160,66.000000,NIC Temp
18:14:53.660,66.000000,NIC Temp
18:14:54.160,66.000000,NIC Temp
18:14:54.660,66.000000,NIC Temp
18:14:55.160,66.000000,NIC Temp
18:14:55.660,66.000000,NIC Temp
18:14:56.160,66.000000,NIC Temp
18:14:56.660,66.000000,NIC Temp
18:14:57.160,66.000000,NIC Temp
18:14:57.660,66.000000,NIC Temp
18:14:58.160,66.000000,NIC Temp
18:14:58.660,66.000000,NIC Temp
18:14:59.160,66.000000,NIC Temp
18:14:59.660,66.000000,NIC Temp
18:15:00.160,66.000000,NIC Temp
18:15:00.660,66.000000,NIC Temp
18:14:48.160,29.000000,CPU_VRM0 Temp
18:14:48.660,29.000000,CPU_VRM0 Temp
18:14:49.160,29.000000,CPU_VRM0 Temp
18:14:49.660,29.000000,CPU_VRM0 Temp
18:14:50.160,29.000000,CPU_VRM0 Temp
18:14:50.660,29.000000,CPU_VRM0 Temp
18:14:51.160,29.000000,CPU_VRM0 Temp
18:14:51.660,29.000000,CPU_VRM0 Temp
18:14:52.160,29.000000,CPU_VRM0 Temp
18:14:52.660,29.000000,CPU_VRM0 Temp
18:14:53.160,29.000000,CPU_VRM0 Temp
18:14:53.660,29.000000,CPU_VRM0 Temp
18:14:54.160,29.000000,CPU_VRM0 Temp
18:14:54.660,29.000000,CPU_VRM0 Temp
18:14:55.160,29.000000,CPU_VRM0 Temp
18:14:55.660,29.000000,CPU_VRM0 Temp
18:14:56.160,29.000000,CPU_VRM0 Temp
18:14:56.660,29.000000,CPU_VRM0 Temp
18:14:57.160,29.000000,CPU_VRM0 Temp
18:14:57.660,29.000000,CPU_VRM0 Temp
18:14:58.160,29.000000,CPU_VRM0 Temp
18:14:58.660,29.000000,CPU_VRM0 Temp
18:14:59.160,29.000000,CPU_VRM0 Temp
18:14:59.660,29.000000,CPU_VRM0 Temp
18:15:00.160,29.000000,CPU_VRM0 Temp
18:15:00.660,29.000000,CPU_VRM0 Temp
18:14:48.160,48.000000,CPU Temp
18:14:48.660,48.000000,CPU Temp
18:14:49.160,48.000000,CPU Temp
18:14:49.660,48.000000,CPU Temp
18:14:50.160,48.000000,CPU Temp
18:14:50.660,48.000000,CPU Temp
18:14:51.160,48.000000,CPU Temp
18:14:51.660,48.000000,CPU Temp
18:14:52.160,48.000000,CPU Temp
18:14:52.660,48.000000,CPU Temp
18:14:53.160,48.000000,CPU Temp
18:14:53.660,48.000000,CPU Temp
18:14:54.160,48.000000,CPU Temp
18:14:54.660,48.000000,CPU Temp
18:14:55.160,48.000000,CPU Temp
18:14:55.660,48.000000,CPU Temp
18:14:56.160,48.000000,CPU Temp
18:14:56.660,48.000000,CPU Temp
18:14:57.160,48.000000,CPU Temp
18:14:57.660,48.000000,CPU Temp
18:14:58.160,48.000000,CPU Temp
18:14:58.660,48.000000,CPU Temp
18:14:59.160,48.000000,CPU Temp
18:14:59.660,48.000000,CPU Temp
18:15:00.160,48.000000,CPU Temp
18:15:00.660,48.000000,CPU Temp
18:14:48.160,46.000000,CPU_VRM1 Temp
18:14:48.660,46.000000,CPU_VRM1 Temp
18:14:49.160,46.000000,CPU_VRM1 Temp
18:14:49.660,46.000000,CPU_VRM1 Temp
18:14:50.160,46.000000,CPU_VRM1 Temp
18:14:50.660,46.000000,CPU_VRM1 Temp
18:14:51.160,46.000000,CPU_VRM1 Temp
18:14:51.660,46.000000,CPU_VRM1 Temp
18:14:52.160,46.000000,CPU_VRM1 Temp
18:14:52.660,46.000000,CPU_VRM1 Temp
18:14:53.160,46.000000,CPU_VRM1 Temp
18:14:53.660,46.000000,CPU_VRM1 Temp
18:14:54.160,46.000000,CPU_VRM1 Temp
18:14:54.660,46.000000,CPU_VRM1 Temp
18:14:55.160,46.000000,CPU_VRM1 Temp
18:14:55.660,46.000000,CPU_VRM1 Temp
18:14:56.160,46.000000,CPU_VRM1 Temp
18:14:56.660,46.000000,CPU_VRM1 Temp
18:14:57.160,46.000000,CPU_VRM1 Temp
18:14:57.660,46.000000,CPU_VRM1 Temp
18:14:58.160,46.000000,CPU_VRM1 Temp
18:14:58.660,46.000000,CPU_VRM1 Temp
18:14:59.160,46.000000,CPU_VRM1 Temp
18:14:59.660,46.000000,CPU_VRM1 Temp
18:15:00.160,46.000000,CPU_VRM1 Temp
18:15:00.660,46.000000,CPU_VRM1 Temp
18:14:48.160,32.000000,SOC_VRM Temp
18:14:48.660,32.000000,SOC_VRM Temp
18:14:49.160,32.000000,SOC_VRM Temp
18:14:49.660,32.000000,SOC_VRM Temp
18:14:50.160,32.000000,SOC_VRM Temp
18:14:50.660,32.000000,SOC_VRM Temp
18:14:51.160,32.000000,SOC_VRM Temp
18:14:51.660,32.000000,SOC_VRM Temp
18:14:52.160,32.000000,SOC_VRM Temp
18:14:52.660,32.000000,SOC_VRM Temp
18:14:53.160,32.000000,SOC_VRM Temp
18:14:53.660,32.000000,SOC_VRM Temp
18:14:54.160,32.000000,SOC_VRM Temp
18:14:54.660,32.000000,SOC_VRM Temp
18:14:55.160,32.000000,SOC_VRM Temp
18:14:55.660,32.000000,SOC_VRM Temp
18:14:56.160,32.000000,SOC_VRM Temp
18:14:56.660,32.000000,SOC_VRM Temp
18:14:57.160,32.000000,SOC_VRM Temp
18:14:57.660,32.000000,SOC_VRM Temp
18:14:58.160,32.000000,SOC_VRM Temp
18:14:58.660,32.000000,SOC_VRM Temp
18:14:59.160,32.000000,SOC_VRM Temp
18:14:59.660,32.000000,SOC_VRM Temp
18:15:00.160,32.000000,SOC_VRM Temp
18:15:00.660,32.000000,SOC_VRM Temp
18:14:48.160,45.000000,VDDIO_VRM Temp
18:14:48.660,45.000000,VDDIO_VRM Temp
18:14:49.160,45.000000,VDDIO_VRM Temp
18:14:49.660,45.000000,VDDIO_VRM Temp
18:14:50.160,45.000000,VDDIO_VRM Temp
18:14:50.660,45.000000,VDDIO_VRM Temp
18:14:51.160,45.000000,VDDIO_VRM Temp
18:14:51.660,45.000000,VDDIO_VRM Temp
18:14:52.160,45.000000,VDDIO_VRM Temp
18:14:52.660,45.000000,VDDIO_VRM Temp
18:14:53.160,45.000000,VDDIO_VRM Temp
18:14:53.660,45.000000,VDDIO_VRM Temp
18:14:54.160,45.000000,VDDIO_VRM Temp
18:14:54.660,45.000000,VDDIO_VRM Temp
18:14:55.160,45.000000,VDDIO_VRM Temp
18:14:55.660,45.000000,VDDIO_VRM Temp
18:14:56.160,45.000000,VDDIO_VRM Temp
18:14:56.660,45.000000,VDDIO_VRM Temp
18:14:57.160,45.000000,VDDIO_VRM Temp
18:14:57.660,45.000000,VDDIO_VRM Temp
18:14:58.160,45.000000,VDDIO_VRM Temp
18:14:58.660,45.000000,VDDIO_VRM Temp
18:14:59.160,45.000000,VDDIO_VRM Temp
18:14:59.660,45.000000,VDDIO_VRM Temp
18:15:00.160,45.000000,VDDIO_VRM Temp
18:15:00.660,45.000000,VDDIO_VRM Temp
18:14:48.160,28.000000,DIMMA~C Temp
18:14:48.660,28.000000,DIMMA~C Temp
18:14:49.160,28.000000,DIMMA~C Temp
18:14:49.660,28.000000,DIMMA~C Temp
18:14:50.160,28.000000,DIMMA~C Temp
18:14:50.660,28.000000,DIMMA~C Temp
18:14:51.160,28.000000,DIMMA~C Temp
18:14:51.660,28.000000,DIMMA~C Temp
18:14:52.160,28.000000,DIMMA~C Temp
18:14:52.660,28.000000,DIMMA~C Temp
18:14:53.160,28.000000,DIMMA~C Temp
18:14:53.660,28.000000,DIMMA~C Temp
18:14:54.160,28.000000,DIMMA~C Temp
18:14:54.660,28.000000,DIMMA~C Temp
18:14:55.160,28.000000,DIMMA~C Temp
18:14:55.660,28.000000,DIMMA~C Temp
18:14:56.160,28.000000,DIMMA~C Temp
18:14:56.660,28.000000,DIMMA~C Temp
18:14:57.160,28.000000,DIMMA~C Temp
18:14:57.660,28.000000,DIMMA~C Temp
18:14:58.160,28.000000,DIMMA~C Temp
18:14:58.660,28.000000,DIMMA~C Temp
18:14:59.160,28.000000,DIMMA~C Temp
18:14:59.660,28.000000,DIMMA~C Temp
18:15:00.160,28.000000,DIMMA~C Temp
18:15:00.660,28.000000,DIMMA~C Temp
18:14:48.160,31.000000,DIMMD~F Temp
18:14:48.660,31.000000,DIMMD~F Temp
18:14:49.160,31.000000,DIMMD~F Temp
18:14:49.660,31.000000,DIMMD~F Temp
18:14:50.160,31.000000,DIMMD~F Temp
18:14:50.660,31.000000,DIMMD~F Temp
18:14:51.160,31.000000,DIMMD~F Temp
18:14:51.660,31.000000,DIMMD~F Temp
18:14:52.160,31.000000,DIMMD~F Temp
18:14:52.660,31.000000,DIMMD~F Temp
18:14:53.160,31.000000,DIMMD~F Temp
18:14:53.660,31.000000,DIMMD~F Temp
18:14:54.160,31.000000,DIMMD~F Temp
18:14:54.660,31.000000,DIMMD~F Temp
18:14:55.160,31.000000,DIMMD~F Temp
18:14:55.660,31.000000,DIMMD~F Temp
18:14:56.160,31.000000,DIMMD~F Temp
18:14:56.660,31.000000,DIMMD~F Temp
18:14:57.160,31.000000,DIMMD~F Temp
18:14:57.660,31.000000,DIMMD~F Temp
18:14:58.160,31.000000,DIMMD~F Temp
18:14:58.660,31.000000,DIMMD~F Temp
18:14:59.160,31.000000,DIMMD~F Temp
18:14:59.660,31.000000,DIMMD~F Temp
18:15:00.160,31.000000,DIMMD~F Temp
18:15:00.660,31.000000,DIMMD~F Temp
18:14:48.160,26.000000,Inlet Temp
18:14:48.660,26.000000,Inlet Temp
18:14:49.160,26.000000,Inlet Temp
18:14:49.660,26.000000,Inlet Temp
18:14:50.160,26.000000,Inlet Temp
18:14:50.660,26.000000,Inlet Temp
18:14:51.160,26.000000,Inlet Temp
18:14:51.660,26.000000,Inlet Temp
18:14:52.160,26.000000,Inlet Temp
18:14:52.660,26.000000,Inlet Temp
18:14:53.160,26.000000,Inlet Temp
18:14:53.660,26.000000,Inlet Temp
18:14:54.160,26.000000,Inlet Temp
18:14:54.660,26.000000,Inlet Temp
18:14:55.160,26.000000,Inlet Temp
18:14:55.660,26.000000,Inlet Temp
18:14:56.160,26.000000,Inlet Temp
18:14:56.660,26.000000,Inlet Temp
18:14:57.160,26.000000,Inlet Temp
18:14:57.660,26.000000,Inlet Temp
18:14:58.160,26.000000,Inlet Temp
18:14:58.660,26.000000,Inlet Temp
18:14:59.160,26.000000,Inlet Temp
18:14:59.660,26.000000,Inlet Temp
18:15:00.160,26.000000,Inlet Temp
18:15:00.660,26.000000,Inlet Temp
18:14:43.101,22.000000,System Temp
18:14:43.601,22.000000,System Temp
18:14:44.101,22.000000,System Temp
18:14:44.601,22.000000,System Temp
18:14:45.101,22.000000,System Temp
18:14:45.601,22.000000,System Temp
18:14:46.101,22.000000,System Temp
18:14:46.601,22.000000,System Temp
18:14:47.101,22.000000,System Temp
18:14:47.601,22.000000,System Temp
18:14:48.101,22.000000,System Temp
18:14:48.601,22.000000,System Temp
18:14:49.101,22.000000,System Temp
18:14:49.601,22.000000,System Temp
18:14:50.101,22.000000,System Temp
18:14:50.601,22.000000,System Temp
18:14:51.101,22.000000,System Temp
18:14:51.601,22.000000,System Temp
18:14:52.101,22.000000,System Temp
18:14:52.601,22.000000,System Temp
18:14:53.101,22.000000,System Temp
18:14:53.601,22.000000,System Temp
18:14:54.101,22.000000,System Temp
18:14:54.601,22.000000,System Temp
18:14:55.101,22.000000,System Temp
18:14:55.601,22.000000,System Temp
18:14:56.101,22.000000,System Temp
18:14:56.601,22.000000,System Temp
18:14:57.101,22.000000,System Temp
18:14:57.601,22.000000,System Temp
18:14:58.101,22.000000,System Temp
18:14:58.601,22.000000,System Temp
18:14:59.101,22.000000,System Temp
18:14:59.601,22.000000,System Temp
18:15:00.101,22.000000,System Temp
18:15:00.601,22.000000,System Temp
18:15:01.101,22.000000,System Temp
18:14:43.101,39.000000,Peripheral Temp
18:14:43.601,39.000000,Peripheral Temp
18:14:44.101,39.000000,Peripheral Temp
18:14:44.601,39.000000,Peripheral Temp
18:14:45.101,39.000000,Peripheral Temp
18:14:45.601,39.000000,Peripheral Temp
18:14:46.101,39.000000,Peripheral Temp
18:14:46.601,39.000000,Peripheral Temp
18:14:47.101,39.000000,Peripheral Temp
18:14:47.601,39.000000,Peripheral Temp
18:14:48.101,39.000000,Peripheral Temp
18:14:48.601,39.000000,Peripheral Temp
18:14:49.101,39.000000,Peripheral Temp
18:14:49.601,39.000000,Peripheral Temp
18:14:50.101,39.000000,Peripheral Temp
18:14:50.601,39.000000,Peripheral Temp
18:14:51.101,39.000000,Peripheral Temp
18:14:51.601,39.000000,Peripheral Temp
18:14:52.101,39.000000,Peripheral Temp
18:14:52.601,39.000000,Peripheral Temp
18:14:53.101,39.000000,Peripheral Temp
18:14:53.601,39.000000,Peripheral Temp
18:14:54.101,39.000000,Peripheral Temp
18:14:54.601,39.000000,Peripheral Temp
18:14:55.101,39.000000,Peripheral Temp
18:14:55.601,39.000000,Peripheral Temp
18:14:56.101,39.000000,Peripheral Temp
18:14:56.601,39.000000,Peripheral Temp
18:14:57.101,39.000000,Peripheral Temp
18:14:57.601,39.000000,Peripheral Temp
18:14:58.101,39.000000,Peripheral Temp
18:14:58.601,39.000000,Peripheral Temp
18:14:59.101,39.000000,Peripheral Temp
18:14:59.601,39.000000,Peripheral Temp
18:15:00.101,39.000000,Peripheral Temp
18:15:00.601,39.000000,Peripheral Temp
18:15:01.101,39.000000,Peripheral Temp
18:14:43.101,50.000000,AOC_NIC2 Temp
18:14:43.601,50.000000,AOC_NIC2 Temp
18:14:44.101,50.000000,AOC_NIC2 Temp
18:14:44.601,50.000000,AOC_NIC2 Temp
18:14:45.101,50.000000,AOC_NIC2 Temp
18:14:45.601,50.000000,AOC_NIC2 Temp
18:14:46.101,50.000000,AOC_NIC2 Temp
18:14:46.601,50.000000,AOC_NIC2 Temp
18:14:47.101,50.000000,AOC_NIC2 Temp
18:14:47.601,50.000000,AOC_NIC2 Temp
18:14:48.101,49.000000,AOC_NIC2 Temp
18:14:48.601,49.000000,AOC_NIC2 Temp
18:14:49.101,49.000000,AOC_NIC2 Temp
18:14:49.601,49.000000,AOC_NIC2 Temp
18:14:50.101,49.000000,AOC_NIC2 Temp
18:14:50.601,49.000000,AOC_NIC2 Temp
18:14:51.101,49.000000,AOC_NIC2 Temp
18:14:51.601,49.000000,AOC_NIC2 Temp
18:14:52.101,49.000000,AOC_NIC2 Temp
18:14:52.601,49.000000,AOC_NIC2 Temp
18:14:53.101,49.000000,AOC_NIC2 Temp
18:14:53.601,49.000000,AOC_NIC2 Temp
18:14:54.101,49.000000,AOC_NIC2 Temp
18:14:54.601,49.000000,AOC_NIC2 Temp
18:14:55.101,49.000000,AOC_NIC2 Temp
18:14:55.601,49.000000,AOC_NIC2 Temp
18:14:56.101,49.000000,AOC_NIC2 Temp
18:14:56.601,49.000000,AOC_NIC2 Temp
18:14:57.101,49.000000,AOC_NIC2 Temp
18:14:57.601,49.000000,AOC_NIC2 Temp
18:14:58.101,49.000000,AOC_NIC2 Temp
18:14:58.601,49.000000,AOC_NIC2 Temp
18:14:59.101,49.000000,AOC_NIC2 Temp
18:14:59.601,49.000000,AOC_NIC2 Temp
18:15:00.101,49.000000,AOC_NIC2 Temp
18:15:00.601,49.000000,AOC_NIC2 Temp
18:15:01.101,49.000000,AOC_NIC2 Temp
18:14:43.101,28.000000,NVMe_SSDA Temp 
18:14:43.601,28.000000,NVMe_SSDA Temp 
18:14:44.101,28.000000,NVMe_SSDA Temp 
18:14:44.601,28.000000,NVMe_SSDA Temp 
18:14:45.101,28.000000,NVMe_SSDA Temp 
18:14:45.601,28.000000,NVMe_SSDA Temp 
18:14:46.101,28.000000,NVMe_SSDA Temp 
18:14:46.601,28.000000,NVMe_SSDA Temp 
18:14:47.101,28.000000,NVMe_SSDA Temp 
18:14:47.601,28.000000,NVMe_SSDA Temp 
18:14:48.101,28.000000,NVMe_SSDA Temp 
18:14:48.601,28.000000,NVMe_SSDA Temp 
18:14:49.101,28.000000,NVMe_SSDA Temp 
18:14:49.601,28.000000,NVMe_SSDA Temp 
18:14:50.101,28.000000,NVMe_SSDA Temp 
18:14:50.601,28.000000,NVMe_SSDA Temp 
18:14:51.101,28.000000,NVMe_SSDA Temp 
18:14:51.601,28.000000,NVMe_SSDA Temp 
18:14:52.101,28.000000,NVMe_SSDA Temp 
18:14:52.601,28.000000,NVMe_SSDA Temp 
18:14:53.101,28.000000,NVMe_SSDA Temp 
18:14:53.601,28.000000,NVMe_SSDA Temp 
18:14:54.101,28.000000,NVMe_SSDA Temp 
18:14:54.601,28.000000,NVMe_SSDA Temp 
18:14:55.101,28.000000,NVMe_SSDA Temp 
18:14:55.601,28.000000,NVMe_SSDA Temp 
18:14:56.101,28.000000,NVMe_SSDA Temp 
18:14:56.601,28.000000,NVMe_SSDA Temp 
18:14:57.101,28.000000,NVMe_SSDA Temp 
18:14:57.601,28.000000,NVMe_SSDA Temp 
18:14:58.101,28.000000,NVMe_SSDA Temp 
18:14:58.601,28.000000,NVMe_SSDA Temp 
18:14:59.101,28.000000,NVMe_SSDA Temp 
18:14:59.601,28.000000,NVMe_SSDA Temp 
18:15:00.101,28.000000,NVMe_SSDA Temp 
18:15:00.601,28.000000,NVMe_SSDA Temp 
18:15:01.101,28.000000,NVMe_SSDA Temp 
18:14:43.101,67.000000,NIC Temp
18:14:43.601,67.000000,NIC Temp
18:14:44.101,67.000000,NIC Temp
18:14:44.601,67.000000,NIC Temp
18:14:45.101,67.000000,NIC Temp
18:14:45.601,67.000000,NIC Temp
18:14:46.101,67.000000,NIC Temp
18:14:46.601,67.000000,NIC Temp
18:14:47.101,67.000000,NIC Temp
18:14:47.601,67.000000,NIC Temp
18:14:48.101,66.000000,NIC Temp
18:14:48.601,66.000000,NIC Temp
18:14:49.101,66.000000,NIC Temp
18:14:49.601,66.000000,NIC Temp
18:14:50.101,66.000000,NIC Temp
18:14:50.601,66.000000,NIC Temp
18:14:51.101,66.000000,NIC Temp
18:14:51.601,66.000000,NIC Temp
18:14:52.101,66.000000,NIC Temp
18:14:52.601,66.000000,NIC Temp
18:14:53.101,66.000000,NIC Temp
18:14:53.601,66.000000,NIC Temp
18:14:54.101,66.000000,NIC Temp
18:14:54.601,66.000000,NIC Temp
18:14:55.101,66.000000,NIC Temp
18:14:55.601,66.000000,NIC Temp
18:14:56.101,66.000000,NIC Temp
18:14:56.601,66.000000,NIC Temp
18:14:57.101,66.000000,NIC Temp
18:14:57.601,66.000000,NIC Temp
18:14:58.101,66.000000,NIC Temp
18:14:58.601,66.000000,NIC Temp
18:14:59.101,66.000000,NIC Temp
18:14:59.601,66.000000,NIC Temp
18:15:00.101,66.000000,NIC Temp
18:15:00.601,66.000000,NIC Temp
18:15:01.101,66.000000,NIC Temp
18:14:43.101,29.000000,CPU_VRM0 Temp
18:14:43.601,29.000000,CPU_VRM0 Temp
18:14:44.101,29.000000,CPU_VRM0 Temp
18:14:44.601,29.000000,CPU_VRM0 Temp
18:14:45.101,29.000000,CPU_VRM0 Temp
18:14:45.601,29.000000,CPU_VRM0 Temp
18:14:46.101,29.000000,CPU_VRM0 Temp
18:14:46.601,29.000000,CPU_VRM0 Temp
18:14:47.101,29.000000,CPU_VRM0 Temp
18:14:47.601,29.000000,CPU_VRM0 Temp
18:14:48.101,29.000000,CPU_VRM0 Temp
18:14:48.601,29.000000,CPU_VRM0 Temp
18:14:49.101,29.000000,CPU_VRM0 Temp
18:14:49.601,29.000000,CPU_VRM0 Temp
18:14:50.101,29.000000,CPU_VRM0 Temp
18:14:50.601,29.000000,CPU_VRM0 Temp
18:14:51.101,29.000000,CPU_VRM0 Temp
18:14:51.601,29.000000,CPU_VRM0 Temp
18:14:52.101,29.000000,CPU_VRM0 Temp
18:14:52.601,29.000000,CPU_VRM0 Temp
18:14:53.101,29.000000,CPU_VRM0 Temp
18:14:53.601,29.000000,CPU_VRM0 Temp
18:14:54.101,29.000000,CPU_VRM0 Temp
18:14:54.601,29.000000,CPU_VRM0 Temp
18:14:55.101,29.000000,CPU_VRM0 Temp
18:14:55.601,29.000000,CPU_VRM0 Temp
18:14:56.101,29.000000,CPU_VRM0 Temp
18:14:56.601,29.000000,CPU_VRM0 Temp
18:14:57.101,29.000000,CPU_VRM0 Temp
18:14:57.601,29.000000,CPU_VRM0 Temp
18:14:58.101,29.000000,CPU_VRM0 Temp
18:14:58.601,29.000000,CPU_VRM0 Temp
18:14:59.101,29.000000,CPU_VRM0 Temp
18:14:59.601,29.000000,CPU_VRM0 Temp
18:15:00.101,29.000000,CPU_VRM0 Temp
18:15:00.601,29.000000,CPU_VRM0 Temp
18:15:01.101,29.000000,CPU_VRM0 Temp
18:14:43.101,48.000000,CPU Temp
18:14:43.601,48.000000,CPU Temp
18:14:44.101,48.000000,CPU Temp
18:14:44.601,48.000000,CPU Temp
18:14:45.101,48.000000,CPU Temp
18:14:45.601,48.000000,CPU Temp
18:14:46.101,48.000000,CPU Temp
18:14:46.601,48.000000,CPU Temp
18:14:47.101,48.000000,CPU Temp
18:14:47.601,48.000000,CPU Temp
18:14:48.101,48.000000,CPU Temp
18:14:48.601,48.000000,CPU Temp
18:14:49.101,48.000000,CPU Temp
18:14:49.601,48.000000,CPU Temp
18:14:50.101,48.000000,CPU Temp
18:14:50.601,48.000000,CPU Temp
18:14:51.101,48.000000,CPU Temp
18:14:51.601,48.000000,CPU Temp
18:14:52.101,48.000000,CPU Temp
18:14:52.601,48.000000,CPU Temp
18:14:53.101,48.000000,CPU Temp
18:14:53.601,48.000000,CPU Temp
18:14:54.101,48.000000,CPU Temp
18:14:54.601,48.000000,CPU Temp
18:14:55.101,48.000000,CPU Temp
18:14:55.601,48.000000,CPU Temp
18:14:56.101,48.000000,CPU Temp
18:14:56.601,48.000000,CPU Temp
18:14:57.101,48.000000,CPU Temp
18:14:57.601,48.000000,CPU Temp
18:14:58.101,48.000000,CPU Temp
18:14:58.601,48.000000,CPU Temp
18:14:59.101,48.000000,CPU Temp
18:14:59.601,48.000000,CPU Temp
18:15:00.101,48.000000,CPU Temp
18:15:00.601,48.000000,CPU Temp
18:15:01.101,48.000000,CPU Temp
18:14:43.101,45.000000,CPU_VRM1 Temp
18:14:43.601,45.000000,CPU_VRM1 Temp
18:14:44.101,45.000000,CPU_VRM1 Temp
18:14:44.601,45.000000,CPU_VRM1 Temp
18:14:45.101,45.000000,CPU_VRM1 Temp
18:14:45.601,45.000000,CPU_VRM1 Temp
18:14:46.101,45.000000,CPU_VRM1 Temp
18:14:46.601,45.000000,CPU_VRM1 Temp
18:14:47.101,45.000000,CPU_VRM1 Temp
18:14:47.601,45.000000,CPU_VRM1 Temp
18:14:48.101,46.000000,CPU_VRM1 Temp
18:14:48.601,46.000000,CPU_VRM1 Temp
18:14:49.101,46.000000,CPU_VRM1 Temp
18:14:49.601,46.000000,CPU_VRM1 Temp
18:14:50.101,46.000000,CPU_VRM1 Temp
18:14:50.601,46.000000,CPU_VRM1 Temp
18:14:51.101,46.000000,CPU_VRM1 Temp
18:14:51.601,46.000000,CPU_VRM1 Temp
18:14:52.101,46.000000,CPU_VRM1 Temp
18:14:52.601,46.000000,CPU_VRM1 Temp
18:14:53.101,46.000000,CPU_VRM1 Temp
18:14:53.601,46.000000,CPU_VRM1 Temp
18:14:54.101,46.000000,CPU_VRM1 Temp
18:14:54.601,46.000000,CPU_VRM1 Temp
18:14:55.101,46.000000,CPU_VRM1 Temp
18:14:55.601,46.000000,CPU_VRM1 Temp
18:14:56.101,46.000000,CPU_VRM1 Temp
18:14:56.601,46.000000,CPU_VRM1 Temp
18:14:57.101,46.000000,CPU_VRM1 Temp
18:14:57.601,46.000000,CPU_VRM1 Temp
18:14:58.101,46.000000,CPU_VRM1 Temp
18:14:58.601,46.000000,CPU_VRM1 Temp
18:14:59.101,46.000000,CPU_VRM1 Temp
18:14:59.601,46.000000,CPU_VRM1 Temp
18:15:00.101,46.000000,CPU_VRM1 Temp
18:15:00.601,46.000000,CPU_VRM1 Temp
18:15:01.101,46.000000,CPU_VRM1 Temp
18:14:43.101,32.000000,SOC_VRM Temp
18:14:43.601,32.000000,SOC_VRM Temp
18:14:44.101,32.000000,SOC_VRM Temp
18:14:44.601,32.000000,SOC_VRM Temp
18:14:45.101,32.000000,SOC_VRM Temp
18:14:45.601,32.000000,SOC_VRM Temp
18:14:46.101,32.000000,SOC_VRM Temp
18:14:46.601,32.000000,SOC_VRM Temp
18:14:47.101,32.000000,SOC_VRM Temp
18:14:47.601,32.000000,SOC_VRM Temp
18:14:48.101,32.000000,SOC_VRM Temp
18:14:48.601,32.000000,SOC_VRM Temp
18:14:49.101,32.000000,SOC_VRM Temp
18:14:49.601,32.000000,SOC_VRM Temp
18:14:50.101,32.000000,SOC_VRM Temp
18:14:50.601,32.000000,SOC_VRM Temp
18:14:51.101,32.000000,SOC_VRM Temp
18:14:51.601,32.000000,SOC_VRM Temp
18:14:52.101,32.000000,SOC_VRM Temp
18:14:52.601,32.000000,SOC_VRM Temp
18:14:53.101,32.000000,SOC_VRM Temp
18:14:53.601,32.000000,SOC_VRM Temp
18:14:54.101,32.000000,SOC_VRM Temp
18:14:54.601,32.000000,SOC_VRM Temp
18:14:55.101,32.000000,SOC_VRM Temp
18:14:55.601,32.000000,SOC_VRM Temp
18:14:56.101,32.000000,SOC_VRM Temp
18:14:56.601,32.000000,SOC_VRM Temp
18:14:57.101,32.000000,SOC_VRM Temp
18:14:57.601,32.000000,SOC_VRM Temp
18:14:58.101,32.000000,SOC_VRM Temp
18:14:58.601,32.000000,SOC_VRM Temp
18:14:59.101,32.000000,SOC_VRM Temp
18:14:59.601,32.000000,SOC_VRM Temp
18:15:00.101,32.000000,SOC_VRM Temp
18:15:00.601,32.000000,SOC_VRM Temp
18:15:01.101,32.000000,SOC_VRM Temp
18:14:43.101,45.000000,VDDIO_VRM Temp
18:14:43.601,45.000000,VDDIO_VRM Temp
18:14:44.101,45.000000,VDDIO_VRM Temp
18:14:44.601,45.000000,VDDIO_VRM Temp
18:14:45.101,45.000000,VDDIO_VRM Temp
18:14:45.601,45.000000,VDDIO_VRM Temp
18:14:46.101,45.000000,VDDIO_VRM Temp
18:14:46.601,45.000000,VDDIO_VRM Temp
18:14:47.101,45.000000,VDDIO_VRM Temp
18:14:47.601,45.000000,VDDIO_VRM Temp
18:14:48.101,45.000000,VDDIO_VRM Temp
18:14:48.601,45.000000,VDDIO_VRM Temp
18:14:49.101,45.000000,VDDIO_VRM Temp
18:14:49.601,45.000000,VDDIO_VRM Temp
18:14:50.101,45.000000,VDDIO_VRM Temp
18:14:50.601,45.000000,VDDIO_VRM Temp
18:14:51.101,45.000000,VDDIO_VRM Temp
18:14:51.601,45.000000,VDDIO_VRM Temp
18:14:52.101,45.000000,VDDIO_VRM Temp
18:14:52.601,45.000000,VDDIO_VRM Temp
18:14:53.101,45.000000,VDDIO_VRM Temp
18:14:53.601,45.000000,VDDIO_VRM Temp
18:14:54.101,45.000000,VDDIO_VRM Temp
18:14:54.601,45.000000,VDDIO_VRM Temp
18:14:55.101,45.000000,VDDIO_VRM Temp
18:14:55.601,45.000000,VDDIO_VRM Temp
18:14:56.101,45.000000,VDDIO_VRM Temp
18:14:56.601,45.000000,VDDIO_VRM Temp
18:14:57.101,45.000000,VDDIO_VRM Temp
18:14:57.601,45.000000,VDDIO_VRM Temp
18:14:58.101,45.000000,VDDIO_VRM Temp
18:14:58.601,45.000000,VDDIO_VRM Temp
18:14:59.101,45.000000,VDDIO_VRM Temp
18:14:59.601,45.000000,VDDIO_VRM Temp
18:15:00.101,45.000000,VDDIO_VRM Temp
18:15:00.601,45.000000,VDDIO_VRM Temp
18:15:01.101,45.000000,VDDIO_VRM Temp
18:14:43.101,28.000000,DIMMA~C Temp
18:14:43.601,28.000000,DIMMA~C Temp
18:14:44.101,28.000000,DIMMA~C Temp
18:14:44.601,28.000000,DIMMA~C Temp
18:14:45.101,28.000000,DIMMA~C Temp
18:14:45.601,28.000000,DIMMA~C Temp
18:14:46.101,28.000000,DIMMA~C Temp
18:14:46.601,28.000000,DIMMA~C Temp
18:14:47.101,28.000000,DIMMA~C Temp
18:14:47.601,28.000000,DIMMA~C Temp
18:14:48.101,28.000000,DIMMA~C Temp
18:14:48.601,28.000000,DIMMA~C Temp
18:14:49.101,28.000000,DIMMA~C Temp
18:14:49.601,28.000000,DIMMA~C Temp
18:14:50.101,28.000000,DIMMA~C Temp
18:14:50.601,28.000000,DIMMA~C Temp
18:14:51.101,28.000000,DIMMA~C Temp
18:14:51.601,28.000000,DIMMA~C Temp
18:14:52.101,28.000000,DIMMA~C Temp
18:14:52.601,28.000000,DIMMA~C Temp
18:14:53.101,28.000000,DIMMA~C Temp
18:14:53.601,28.000000,DIMMA~C Temp
18:14:54.101,28.000000,DIMMA~C Temp
18:14:54.601,28.000000,DIMMA~C Temp
18:14:55.101,28.000000,DIMMA~C Temp
18:14:55.601,28.000000,DIMMA~C Temp
18:14:56.101,28.000000,DIMMA~C Temp
18:14:56.601,28.000000,DIMMA~C Temp
18:14:57.101,28.000000,DIMMA~C Temp
18:14:57.601,28.000000,DIMMA~C Temp
18:14:58.101,28.000000,DIMMA~C Temp
18:14:58.601,28.000000,DIMMA~C Temp
18:14:59.101,28.000000,DIMMA~C Temp
18:14:59.601,28.000000,DIMMA~C Temp
18:15:00.101,28.000000,DIMMA~C Temp
18:15:00.601,28.000000,DIMMA~C Temp
18:15:01.101,28.000000,DIMMA~C Temp
18:14:43.101,31.000000,DIMMD~F Temp
18:14:43.601,31.000000,DIMMD~F Temp
18:14:44.101,31.000000,DIMMD~F Temp
18:14:44.601,31.000000,DIMMD~F Temp
18:14:45.101,31.000000,DIMMD~F Temp
18:14:45.601,31.000000,DIMMD~F Temp
18:14:46.101,31.000000,DIMMD~F Temp
18:14:46.601,31.000000,DIMMD~F Temp
18:14:47.101,31.000000,DIMMD~F Temp
18:14:47.601,31.000000,DIMMD~F Temp
18:14:48.101,31.000000,DIMMD~F Temp
18:14:48.601,31.000000,DIMMD~F Temp
18:14:49.101,31.000000,DIMMD~F Temp
18:14:49.601,31.000000,DIMMD~F Temp
18:14:50.101,31.000000,DIMMD~F Temp
18:14:50.601,31.000000,DIMMD~F Temp
18:14:51.101,31.000000,DIMMD~F Temp
18:14:51.601,31.000000,DIMMD~F Temp
18:14:52.101,31.000000,DIMMD~F Temp
18:14:52.601,31.000000,DIMMD~F Temp
18:14:53.101,31.000000,DIMMD~F Temp
18:14:53.601,31.000000,DIMMD~F Temp
18:14:54.101,31.000000,DIMMD~F Temp
18:14:54.601,31.000000,DIMMD~F Temp
18:14:55.101,31.000000,DIMMD~F Temp
18:14:55.601,31.000000,DIMMD~F Temp
18:14:56.101,31.000000,DIMMD~F Temp
18:14:56.601,31.000000,DIMMD~F Temp
18:14:57.101,31.000000,DIMMD~F Temp
18:14:57.601,31.000000,DIMMD~F Temp
18:14:58.101,31.000000,DIMMD~F Temp
18:14:58.601,31.000000,DIMMD~F Temp
18:14:59.101,31.000000,DIMMD~F Temp
18:14:59.601,31.000000,DIMMD~F Temp
18:15:00.101,31.000000,DIMMD~F Temp
18:15:00.601,31.000000,DIMMD~F Temp
18:15:01.101,31.000000,DIMMD~F Temp
18:14:43.101,26.000000,Inlet Temp
18:14:43.601,26.000000,Inlet Temp
18:14:44.101,26.000000,Inlet Temp
18:14:44.601,26.000000,Inlet Temp
18:14:45.101,26.000000,Inlet Temp
18:14:45.601,26.000000,Inlet Temp
18:14:46.101,26.000000,Inlet Temp
18:14:46.601,26.000000,Inlet Temp
18:14:47.101,26.000000,Inlet Temp
18:14:47.601,26.000000,Inlet Temp
18:14:48.101,26.000000,Inlet Temp
18:14:48.601,26.000000,Inlet Temp
18:14:49.101,26.000000,Inlet Temp
18:14:49.601,26.000000,Inlet Temp
18:14:50.101,26.000000,Inlet Temp
18:14:50.601,26.000000,Inlet Temp
18:14:51.101,26.000000,Inlet Temp
18:14:51.601,26.000000,Inlet Temp
18:14:52.101,26.000000,Inlet Temp
18:14:52.601,26.000000,Inlet Temp
18:14:53.101,26.000000,Inlet Temp
18:14:53.601,26.000000,Inlet Temp
18:14:54.101,26.000000,Inlet Temp
18:14:54.601,26.000000,Inlet Temp
18:14:55.101,26.000000,Inlet Temp
18:14:55.601,26.000000,Inlet Temp
18:14:56.101,26.000000,Inlet Temp
18:14:56.601,26.000000,Inlet Temp
18:14:57.101,26.000000,Inlet Temp
18:14:57.601,26.000000,Inlet Temp
18:14:58.101,26.000000,Inlet Temp
18:14:58.601,26.000000,Inlet Temp
18:14:59.101,26.000000,Inlet Temp
18:14:59.601,26.000000,Inlet Temp
18:15:00.101,26.000000,Inlet Temp
18:15:00.601,26.000000,Inlet Temp
18:15:01.101,26.000000,Inlet Temp
18:14:52.148,22.000000,System Temp
18:14:52.648,22.000000,System Temp
18:14:53.148,22.000000,System Temp
18:14:53.648,22.000000,System Temp
18:14:54.148,22.000000,System Temp
18:14:54.648,22.000000,System Temp
18:14:55.148,22.000000,System Temp
18:14:55.648,22.000000,System Temp
18:14:56.148,22.000000,System Temp
18:14:56.648,22.000000,System Temp
18:14:57.148,22.000000,System Temp
18:14:57.648,22.000000,System Temp
18:14:58.148,22.000000,System Temp
18:14:58.648,22.000000,System Temp
18:14:59.148,22.000000,System Temp
18:14:59.648,22.000000,System Temp
18:15:00.148,22.000000,System Temp
18:15:00.648,22.000000,System Temp
18:15:01.148,22.000000,System Temp
18:15:01.648,22.000000,System Temp
18:15:02.148,22.000000,System Temp
18:14:52.148,39.000000,Peripheral Temp
18:14:52.648,39.000000,Peripheral Temp
18:14:53.148,39.000000,Peripheral Temp
18:14:53.648,39.000000,Peripheral Temp
18:14:54.148,39.000000,Peripheral Temp
18:14:54.648,39.000000,Peripheral Temp
18:14:55.148,39.000000,Peripheral Temp
18:14:55.648,39.000000,Peripheral Temp
18:14:56.148,39.000000,Peripheral Temp
18:14:56.648,39.000000,Peripheral Temp
18:14:57.148,39.000000,Peripheral Temp
18:14:57.648,39.000000,Peripheral Temp
18:14:58.148,39.000000,Peripheral Temp
18:14:58.648,39.000000,Peripheral Temp
18:14:59.148,39.000000,Peripheral Temp
18:14:59.648,39.000000,Peripheral Temp
18:15:00.148,39.000000,Peripheral Temp
18:15:00.648,39.000000,Peripheral Temp
18:15:01.148,39.000000,Peripheral Temp
18:15:01.648,39.000000,Peripheral Temp
18:15:02.148,39.000000,Peripheral Temp
18:14:52.148,49.000000,AOC_NIC2 Temp
18:14:52.648,49.000000,AOC_NIC2 Temp
18:14:53.148,49.000000,AOC_NIC2 Temp
18:14:53.648,49.000000,AOC_NIC2 Temp
18:14:54.148,49.000000,AOC_NIC2 Temp
18:14:54.648,49.000000,AOC_NIC2 Temp
18:14:55.148,49.000000,AOC_NIC2 Temp
18:14:55.648,49.000000,AOC_NIC2 Temp
18:14:56.148,49.000000,AOC_NIC2 Temp
18:14:56.648,49.000000,AOC_NIC2 Temp
18:14:57.148,49.000000,AOC_NIC2 Temp
18:14:57.648,49.000000,AOC_NIC2 Temp
18:14:58.148,49.000000,AOC_NIC2 Temp
18:14:58.648,49.000000,AOC_NIC2 Temp
18:14:59.148,49.000000,AOC_NIC2 Temp
18:14:59.648,49.000000,AOC_NIC2 Temp
18:15:00.148,49.000000,AOC_NIC2 Temp
18:15:00.648,49.000000,AOC_NIC2 Temp
18:15:01.148,49.000000,AOC_NIC2 Temp
18:15:01.648,49.000000,AOC_NIC2 Temp
18:15:02.148,49.000000,AOC_NIC2 Temp
18:14:52.148,28.000000,NVMe_SSDA Temp 
18:14:52.648,28.000000,NVMe_SSDA Temp 
18:14:53.148,28.000000,NVMe_SSDA Temp 
18:14:53.648,28.000000,NVMe_SSDA Temp 
18:14:54.148,28.000000,NVMe_SSDA Temp 
18:14:54.648,28.000000,NVMe_SSDA Temp 
18:14:55.148,28.000000,NVMe_SSDA Temp 
18:14:55.648,28.000000,NVMe_SSDA Temp 
18:14:56.148,28.000000,NVMe_SSDA Temp 
18:14:56.648,28.000000,NVMe_SSDA Temp 
18:14:57.148,28.000000,NVMe_SSDA Temp 
18:14:57.648,28.000000,NVMe_SSDA Temp 
18:14:58.148,28.000000,NVMe_SSDA Temp 
18:14:58.648,28.000000,NVMe_SSDA Temp 
18:14:59.148,28.000000,NVMe_SSDA Temp 
18:14:59.648,28.000000,NVMe_SSDA Temp 
18:15:00.148,28.000000,NVMe_SSDA Temp 
18:15:00.648,28.000000,NVMe_SSDA Temp 
18:15:01.148,28.000000,NVMe_SSDA Temp 
18:15:01.648,28.000000,NVMe_SSDA Temp 
18:15:02.148,28.000000,NVMe_SSDA Temp 
18:14:52.148,66.000000,NIC Temp
18:14:52.648,66.000000,NIC Temp
18:14:53.148,66.000000,NIC Temp
18:14:53.648,66.000000,NIC Temp
18:14:54.148,66.000000,NIC Temp
18:14:54.648,66.000000,NIC Temp
18:14:55.148,66.000000,NIC Temp
18:14:55.648,66.000000,NIC Temp
18:14:56.148,66.000000,NIC Temp
18:14:56.648,66.000000,NIC Temp
18:14:57.148,66.000000,NIC Temp
18:14:57.648,66.000000,NIC Temp
18:14:58.148,66.000000,NIC Temp
18:14:58.648,66.000000,NIC Temp
18:14:59.148,66.000000,NIC Temp
18:14:59.648,66.000000,NIC Temp
18:15:00.148,66.000000,NIC Temp
18:15:00.648,66.000000,NIC Temp
18:15:01.148,66.000000,NIC Temp
18:15:01.648,66.000000,NIC Temp
18:15:02.148,66.000000,NIC Temp
18:14:52.148,29.000000,CPU_VRM0 Temp
18:14:52.648,29.000000,CPU_VRM0 Temp
18:14:53.148,29.000000,CPU_VRM0 Temp
18:14:53.648,29.000000,CPU_VRM0 Temp
18:14:54.148,29.000000,CPU_VRM0 Temp
18:14:54.648,29.000000,CPU_VRM0 Temp
18:14:55.148,29.000000,CPU_VRM0 Temp
18:14:55.648,29.000000,CPU_VRM0 Temp
18:14:56.148,29.000000,CPU_VRM0 Temp
18:14:56.648,29.000000,CPU_VRM0 Temp
18:14:57.148,29.000000,CPU_VRM0 Temp
18:14:57.648,29.000000,CPU_VRM0 Temp
18:14:58.148,29.000000,CPU_VRM0 Temp
18:14:58.648,29.000000,CPU_VRM0 Temp
18:14:59.148,29.000000,CPU_VRM0 Temp
18:14:59.648,29.000000,CPU_VRM0 Temp
18:15:00.148,29.000000,CPU_VRM0 Temp
18:15:00.648,29.000000,CPU_VRM0 Temp
18:15:01.148,29.000000,CPU_VRM0 Temp
18:15:01.648,29.000000,CPU_VRM0 Temp
18:15:02.148,29.000000,CPU_VRM0 Temp
18:14:52.148,48.000000,CPU Temp
18:14:52.648,48.000000,CPU Temp
18:14:53.148,48.000000,CPU Temp
18:14:53.648,48.000000,CPU Temp
18:14:54.148,48.000000,CPU Temp
18:14:54.648,48.000000,CPU Temp
18:14:55.148,48.000000,CPU Temp
18:14:55.648,48.000000,CPU Temp
18:14:56.148,48.000000,CPU Temp
18:14:56.648,48.000000,CPU Temp
18:14:57.148,48.000000,CPU Temp
18:14:57.648,48.000000,CPU Temp
18:14:58.148,48.000000,CPU Temp
18:14:58.648,48.000000,CPU Temp
18:14:59.148,48.000000,CPU Temp
18:14:59.648,48.000000,CPU Temp
18:15:00.148,48.000000,CPU Temp
18:15:00.648,48.000000,CPU Temp
18:15:01.148,48.000000,CPU Temp
18:15:01.648,48.000000,CPU Temp
18:15:02.148,48.000000,CPU Temp
18:14:52.148,46.000000,CPU_VRM1 Temp
18:14:52.648,46.000000,CPU_VRM1 Temp
18:14:53.148,46.000000,CPU_VRM1 Temp
18:14:53.648,46.000000,CPU_VRM1 Temp
18:14:54.148,46.000000,CPU_VRM1 Temp
18:14:54.648,46.000000,CPU_VRM1 Temp
18:14:55.148,46.000000,CPU_VRM1 Temp
18:14:55.648,46.000000,CPU_VRM1 Temp
18:14:56.148,46.000000,CPU_VRM1 Temp
18:14:56.648,46.000000,CPU_VRM1 Temp
18:14:57.148,46.000000,CPU_VRM1 Temp
18:14:57.648,46.000000,CPU_VRM1 Temp
18:14:58.148,46.000000,CPU_VRM1 Temp
18:14:58.648,46.000000,CPU_VRM1 Temp
18:14:59.148,46.000000,CPU_VRM1 Temp
18:14:59.648,46.000000,CPU_VRM1 Temp
18:15:00.148,46.000000,CPU_VRM1 Temp
18:15:00.648,46.000000,CPU_VRM1 Temp
18:15:01.148,46.000000,CPU_VRM1 Temp
18:15:01.648,46.000000,CPU_VRM1 Temp
18:15:02.148,46.000000,CPU_VRM1 Temp
18:14:52.148,32.000000,SOC_VRM Temp
18:14:52.648,32.000000,SOC_VRM Temp
18:14:53.148,32.000000,SOC_VRM Temp
18:14:53.648,32.000000,SOC_VRM Temp
18:14:54.148,32.000000,SOC_VRM Temp
18:14:54.648,32.000000,SOC_VRM Temp
18:14:55.148,32.000000,SOC_VRM Temp
18:14:55.648,32.000000,SOC_VRM Temp
18:14:56.148,32.000000,SOC_VRM Temp
18:14:56.648,32.000000,SOC_VRM Temp
18:14:57.148,32.000000,SOC_VRM Temp
18:14:57.648,32.000000,SOC_VRM Temp
18:14:58.148,32.000000,SOC_VRM Temp
18:14:58.648,32.000000,SOC_VRM Temp
18:14:59.148,32.000000,SOC_VRM Temp
18:14:59.648,32.000000,SOC_VRM Temp
18:15:00.148,32.000000,SOC_VRM Temp
18:15:00.648,32.000000,SOC_VRM Temp
18:15:01.148,32.000000,SOC_VRM Temp
18:15:01.648,32.000000,SOC_VRM Temp
18:15:02.148,32.000000,SOC_VRM Temp
18:14:52.148,45.000000,VDDIO_VRM Temp
18:14:52.648,45.000000,VDDIO_VRM Temp
18:14:53.148,45.000000,VDDIO_VRM Temp
18:14:53.648,45.000000,VDDIO_VRM Temp
18:14:54.148,45.000000,VDDIO_VRM Temp
18:14:54.648,45.000000,VDDIO_VRM Temp
18:14:55.148,45.000000,VDDIO_VRM Temp
18:14:55.648,45.000000,VDDIO_VRM Temp
18:14:56.148,45.000000,VDDIO_VRM Temp
18:14:56.648,45.000000,VDDIO_VRM Temp
18:14:57.148,45.000000,VDDIO_VRM Temp
18:14:57.648,45.000000,VDDIO_VRM Temp
18:14:58.148,45.000000,VDDIO_VRM Temp
18:14:58.648,45.000000,VDDIO_VRM Temp
18:14:59.148,45.000000,VDDIO_VRM Temp
18:14:59.648,45.000000,VDDIO_VRM Temp
18:15:00.148,45.000000,VDDIO_VRM Temp
18:15:00.648,45.000000,VDDIO_VRM Temp
18:15:01.148,45.000000,VDDIO_VRM Temp
18:15:01.648,45.000000,VDDIO_VRM Temp
18:15:02.148,45.000000,VDDIO_VRM Temp
18:14:52.148,28.000000,DIMMA~C Temp
18:14:52.648,28.000000,DIMMA~C Temp
18:14:53.148,28.000000,DIMMA~C Temp
18:14:53.648,28.000000,DIMMA~C Temp
18:14:54.148,28.000000,DIMMA~C Temp
18:14:54.648,28.000000,DIMMA~C Temp
18:14:55.148,28.000000,DIMMA~C Temp
18:14:55.648,28.000000,DIMMA~C Temp
18:14:56.148,28.000000,DIMMA~C Temp
18:14:56.648,28.000000,DIMMA~C Temp
18:14:57.148,28.000000,DIMMA~C Temp
18:14:57.648,28.000000,DIMMA~C Temp
18:14:58.148,28.000000,DIMMA~C Temp
18:14:58.648,28.000000,DIMMA~C Temp
18:14:59.148,28.000000,DIMMA~C Temp
18:14:59.648,28.000000,DIMMA~C Temp
18:15:00.148,28.000000,DIMMA~C Temp
18:15:00.648,28.000000,DIMMA~C Temp
18:15:01.148,28.000000,DIMMA~C Temp
18:15:01.648,28.000000,DIMMA~C Temp
18:15:02.148,28.000000,DIMMA~C Temp
18:14:52.148,31.000000,DIMMD~F Temp
18:14:52.648,31.000000,DIMMD~F Temp
18:14:53.148,31.000000,DIMMD~F Temp
18:14:53.648,31.000000,DIMMD~F Temp
18:14:54.148,31.000000,DIMMD~F Temp
18:14:54.648,31.000000,DIMMD~F Temp
18:14:55.148,31.000000,DIMMD~F Temp
18:14:55.648,31.000000,DIMMD~F Temp
18:14:56.148,31.000000,DIMMD~F Temp
18:14:56.648,31.000000,DIMMD~F Temp
18:14:57.148,31.000000,DIMMD~F Temp
18:14:57.648,31.000000,DIMMD~F Temp
18:14:58.148,31.000000,DIMMD~F Temp
18:14:58.648,31.000000,DIMMD~F Temp
18:14:59.148,31.000000,DIMMD~F Temp
18:14:59.648,31.000000,DIMMD~F Temp
18:15:00.148,31.000000,DIMMD~F Temp
18:15:00.648,31.000000,DIMMD~F Temp
18:15:01.148,31.000000,DIMMD~F Temp
18:15:01.648,31.000000,DIMMD~F Temp
18:15:02.148,31.000000,DIMMD~F Temp
18:14:52.148,26.000000,Inlet Temp
18:14:52.648,26.000000,Inlet Temp
18:14:53.148,26.000000,Inlet Temp
18:14:53.648,26.000000,Inlet Temp
18:14:54.148,26.000000,Inlet Temp
18:14:54.648,26.000000,Inlet Temp
18:14:55.148,26.000000,Inlet Temp
18:14:55.648,26.000000,Inlet Temp
18:14:56.148,26.000000,Inlet Temp
18:14:56.648,26.000000,Inlet Temp
18:14:57.148,26.000000,Inlet Temp
18:14:57.648,26.000000,Inlet Temp
18:14:58.148,26.000000,Inlet Temp
18:14:58.648,26.000000,Inlet Temp
18:14:59.148,26.000000,Inlet Temp
18:14:59.648,26.000000,Inlet Temp
18:15:00.148,26.000000,Inlet Temp
18:15:00.648,26.000000,Inlet Temp
18:15:01.148,26.000000,Inlet Temp
18:15:01.648,26.000000,Inlet Temp
18:15:02.148,26.000000,Inlet Temp
18:14:52.197,22.000000,System Temp
18:14:52.697,22.000000,System Temp
18:14:53.197,22.000000,System Temp
18:14:53.697,22.000000,System Temp
18:14:54.197,22.000000,System Temp
18:14:54.697,22.000000,System Temp
18:14:55.197,22.000000,System Temp
18:14:55.697,22.000000,System Temp
18:14:56.197,22.000000,System Temp
18:14:56.697,22.000000,System Temp
18:14:57.197,22.000000,System Temp
18:14:57.697,22.000000,System Temp
18:14:58.197,22.000000,System Temp
18:14:58.697,22.000000,System Temp
18:14:59.197,22.000000,System Temp
18:14:59.697,22.000000,System Temp
18:15:00.197,22.000000,System Temp
18:15:00.697,22.000000,System Temp
18:15:01.197,22.000000,System Temp
18:15:01.697,22.000000,System Temp
18:15:02.197,22.000000,System Temp
18:14:52.197,39.000000,Peripheral Temp
18:14:52.697,39.000000,Peripheral Temp
18:14:53.197,39.000000,Peripheral Temp
18:14:53.697,39.000000,Peripheral Temp
18:14:54.197,39.000000,Peripheral Temp
18:14:54.697,39.000000,Peripheral Temp
18:14:55.197,39.000000,Peripheral Temp
18:14:55.697,39.000000,Peripheral Temp
18:14:56.197,39.000000,Peripheral Temp
18:14:56.697,39.000000,Peripheral Temp
18:14:57.197,39.000000,Peripheral Temp
18:14:57.697,39.000000,Peripheral Temp
18:14:58.197,39.000000,Peripheral Temp
18:14:58.697,39.000000,Peripheral Temp
18:14:59.197,39.000000,Peripheral Temp
18:14:59.697,39.000000,Peripheral Temp
18:15:00.197,39.000000,Peripheral Temp
18:15:00.697,39.000000,Peripheral Temp
18:15:01.197,39.000000,Peripheral Temp
18:15:01.697,39.000000,Peripheral Temp
18:15:02.197,39.000000,Peripheral Temp
18:14:52.197,49.000000,AOC_NIC2 Temp
18:14:52.697,49.000000,AOC_NIC2 Temp
18:14:53.197,49.000000,AOC_NIC2 Temp
18:14:53.697,49.000000,AOC_NIC2 Temp
18:14:54.197,49.000000,AOC_NIC2 Temp
18:14:54.697,49.000000,AOC_NIC2 Temp
18:14:55.197,49.000000,AOC_NIC2 Temp
18:14:55.697,49.000000,AOC_NIC2 Temp
18:14:56.197,49.000000,AOC_NIC2 Temp
18:14:56.697,49.000000,AOC_NIC2 Temp
18:14:57.197,49.000000,AOC_NIC2 Temp
18:14:57.697,49.000000,AOC_NIC2 Temp
18:14:58.197,49.000000,AOC_NIC2 Temp
18:14:58.697,49.000000,AOC_NIC2 Temp
18:14:59.197,49.000000,AOC_NIC2 Temp
18:14:59.697,49.000000,AOC_NIC2 Temp
18:15:00.197,49.000000,AOC_NIC2 Temp
18:15:00.697,49.000000,AOC_NIC2 Temp
18:15:01.197,49.000000,AOC_NIC2 Temp
18:15:01.697,49.000000,AOC_NIC2 Temp
18:15:02.197,49.000000,AOC_NIC2 Temp
18:14:52.197,28.000000,NVMe_SSDA Temp 
18:14:52.697,28.000000,NVMe_SSDA Temp 
18:14:53.197,28.000000,NVMe_SSDA Temp 
18:14:53.697,28.000000,NVMe_SSDA Temp 
18:14:54.197,28.000000,NVMe_SSDA Temp 
18:14:54.697,28.000000,NVMe_SSDA Temp 
18:14:55.197,28.000000,NVMe_SSDA Temp 
18:14:55.697,28.000000,NVMe_SSDA Temp 
18:14:56.197,28.000000,NVMe_SSDA Temp 
18:14:56.697,28.000000,NVMe_SSDA Temp 
18:14:57.197,28.000000,NVMe_SSDA Temp 
18:14:57.697,28.000000,NVMe_SSDA Temp 
18:14:58.197,28.000000,NVMe_SSDA Temp 
18:14:58.697,28.000000,NVMe_SSDA Temp 
18:14:59.197,28.000000,NVMe_SSDA Temp 
18:14:59.697,28.000000,NVMe_SSDA Temp 
18:15:00.197,28.000000,NVMe_SSDA Temp 
18:15:00.697,28.000000,NVMe_SSDA Temp 
18:15:01.197,28.000000,NVMe_SSDA Temp 
18:15:01.697,28.000000,NVMe_SSDA Temp 
18:15:02.197,28.000000,NVMe_SSDA Temp 
18:14:52.197,66.000000,NIC Temp
18:14:52.697,66.000000,NIC Temp
18:14:53.197,66.000000,NIC Temp
18:14:53.697,66.000000,NIC Temp
18:14:54.197,66.000000,NIC Temp
18:14:54.697,66.000000,NIC Temp
18:14:55.197,66.000000,NIC Temp
18:14:55.697,66.000000,NIC Temp
18:14:56.197,66.000000,NIC Temp
18:14:56.697,66.000000,NIC Temp
18:14:57.197,66.000000,NIC Temp
18:14:57.697,66.000000,NIC Temp
18:14:58.197,66.000000,NIC Temp
18:14:58.697,66.000000,NIC Temp
18:14:59.197,66.000000,NIC Temp
18:14:59.697,66.000000,NIC Temp
18:15:00.197,66.000000,NIC Temp
18:15:00.697,66.000000,NIC Temp
18:15:01.197,66.000000,NIC Temp
18:15:01.697,66.000000,NIC Temp
18:15:02.197,66.000000,NIC Temp
18:14:52.197,29.000000,CPU_VRM0 Temp
18:14:52.697,29.000000,CPU_VRM0 Temp
18:14:53.197,29.000000,CPU_VRM0 Temp
18:14:53.697,29.000000,CPU_VRM0 Temp
18:14:54.197,29.000000,CPU_VRM0 Temp
18:14:54.697,29.000000,CPU_VRM0 Temp
18:14:55.197,29.000000,CPU_VRM0 Temp
18:14:55.697,29.000000,CPU_VRM0 Temp
18:14:56.197,29.000000,CPU_VRM0 Temp
18:14:56.697,29.000000,CPU_VRM0 Temp
18:14:57.197,29.000000,CPU_VRM0 Temp
18:14:57.697,29.000000,CPU_VRM0 Temp
18:14:58.197,29.000000,CPU_VRM0 Temp
18:14:58.697,29.000000,CPU_VRM0 Temp
18:14:59.197,29.000000,CPU_VRM0 Temp
18:14:59.697,29.000000,CPU_VRM0 Temp
18:15:00.197,29.000000,CPU_VRM0 Temp
18:15:00.697,29.000000,CPU_VRM0 Temp
18:15:01.197,29.000000,CPU_VRM0 Temp
18:15:01.697,29.000000,CPU_VRM0 Temp
18:15:02.197,29.000000,CPU_VRM0 Temp
18:14:52.197,48.000000,CPU Temp
18:14:52.697,48.000000,CPU Temp
18:14:53.197,48.000000,CPU Temp
18:14:53.697,48.000000,CPU Temp
18:14:54.197,48.000000,CPU Temp
18:14:54.697,48.000000,CPU Temp
18:14:55.197,48.000000,CPU Temp
18:14:55.697,48.000000,CPU Temp
18:14:56.197,48.000000,CPU Temp
18:14:56.697,48.000000,CPU Temp
18:14:57.197,48.000000,CPU Temp
18:14:57.697,48.000000,CPU Temp
18:14:58.197,48.000000,CPU Temp
18:14:58.697,48.000000,CPU Temp
18:14:59.197,48.000000,CPU Temp
18:14:59.697,48.000000,CPU Temp
18:15:00.197,48.000000,CPU Temp
18:15:00.697,48.000000,CPU Temp
18:15:01.197,48.000000,CPU Temp
18:15:01.697,48.000000,CPU Temp
18:15:02.197,48.000000,CPU Temp
18:14:52.197,46.000000,CPU_VRM1 Temp
18:14:52.697,46.000000,CPU_VRM1 Temp
18:14:53.197,46.000000,CPU_VRM1 Temp
18:14:53.697,46.000000,CPU_VRM1 Temp
18:14:54.197,46.000000,CPU_VRM1 Temp
18:14:54.697,46.000000,CPU_VRM1 Temp
18:14:55.197,46.000000,CPU_VRM1 Temp
18:14:55.697,46.000000,CPU_VRM1 Temp
18:14:56.197,46.000000,CPU_VRM1 Temp
18:14:56.697,46.000000,CPU_VRM1 Temp
18:14:57.197,46.000000,CPU_VRM1 Temp
18:14:57.697,46.000000,CPU_VRM1 Temp
18:14:58.197,46.000000,CPU_VRM1 Temp
18:14:58.697,46.000000,CPU_VRM1 Temp
18:14:59.197,46.000000,CPU_VRM1 Temp
18:14:59.697,46.000000,CPU_VRM1 Temp
18:15:00.197,46.000000,CPU_VRM1 Temp
18:15:00.697,46.000000,CPU_VRM1 Temp
18:15:01.197,46.000000,CPU_VRM1 Temp
18:15:01.697,46.000000,CPU_VRM1 Temp
18:15:02.197,46.000000,CPU_VRM1 Temp
18:14:52.197,32.000000,SOC_VRM Temp
18:14:52.697,32.000000,SOC_VRM Temp
18:14:53.197,32.000000,SOC_VRM Temp
18:14:53.697,32.000000,SOC_VRM Temp
18:14:54.197,32.000000,SOC_VRM Temp
18:14:54.697,32.000000,SOC_VRM Temp
18:14:55.197,32.000000,SOC_VRM Temp
18:14:55.697,32.000000,SOC_VRM Temp
18:14:56.197,32.000000,SOC_VRM Temp
18:14:56.697,32.000000,SOC_VRM Temp
18:14:57.197,32.000000,SOC_VRM Temp
18:14:57.697,32.000000,SOC_VRM Temp
18:14:58.197,32.000000,SOC_VRM Temp
18:14:58.697,32.000000,SOC_VRM Temp
18:14:59.197,32.000000,SOC_VRM Temp
18:14:59.697,32.000000,SOC_VRM Temp
18:15:00.197,32.000000,SOC_VRM Temp
18:15:00.697,32.000000,SOC_VRM Temp
18:15:01.197,32.000000,SOC_VRM Temp
18:15:01.697,32.000000,SOC_VRM Temp
18:15:02.197,32.000000,SOC_VRM Temp
18:14:52.197,45.000000,VDDIO_VRM Temp
18:14:52.697,45.000000,VDDIO_VRM Temp
18:14:53.197,45.000000,VDDIO_VRM Temp
18:14:53.697,45.000000,VDDIO_VRM Temp
18:14:54.197,45.000000,VDDIO_VRM Temp
18:14:54.697,45.000000,VDDIO_VRM Temp
18:14:55.197,45.000000,VDDIO_VRM Temp
18:14:55.697,45.000000,VDDIO_VRM Temp
18:14:56.197,45.000000,VDDIO_VRM Temp
18:14:56.697,45.000000,VDDIO_VRM Temp
18:14:57.197,45.000000,VDDIO_VRM Temp
18:14:57.697,45.000000,VDDIO_VRM Temp
18:14:58.197,45.000000,VDDIO_VRM Temp
18:14:58.697,45.000000,VDDIO_VRM Temp
18:14:59.197,45.000000,VDDIO_VRM Temp
18:14:59.697,45.000000,VDDIO_VRM Temp
18:15:00.197,45.000000,VDDIO_VRM Temp
18:15:00.697,45.000000,VDDIO_VRM Temp
18:15:01.197,45.000000,VDDIO_VRM Temp
18:15:01.697,45.000000,VDDIO_VRM Temp
18:15:02.197,45.000000,VDDIO_VRM Temp
18:14:52.197,28.000000,DIMMA~C Temp
18:14:52.697,28.000000,DIMMA~C Temp
18:14:53.197,28.000000,DIMMA~C Temp
18:14:53.697,28.000000,DIMMA~C Temp
18:14:54.197,28.000000,DIMMA~C Temp
18:14:54.697,28.000000,DIMMA~C Temp
18:14:55.197,28.000000,DIMMA~C Temp
18:14:55.697,28.000000,DIMMA~C Temp
18:14:56.197,28.000000,DIMMA~C Temp
18:14:56.697,28.000000,DIMMA~C Temp
18:14:57.197,28.000000,DIMMA~C Temp
18:14:57.697,28.000000,DIMMA~C Temp
18:14:58.197,28.000000,DIMMA~C Temp
18:14:58.697,28.000000,DIMMA~C Temp
18:14:59.197,28.000000,DIMMA~C Temp
18:14:59.697,28.000000,DIMMA~C Temp
18:15:00.197,28.000000,DIMMA~C Temp
18:15:00.697,28.000000,DIMMA~C Temp
18:15:01.197,28.000000,DIMMA~C Temp
18:15:01.697,28.000000,DIMMA~C Temp
18:15:02.197,28.000000,DIMMA~C Temp
18:14:52.197,31.000000,DIMMD~F Temp
18:14:52.697,31.000000,DIMMD~F Temp
18:14:53.197,31.000000,DIMMD~F Temp
18:14:53.697,31.000000,DIMMD~F Temp
18:14:54.197,31.000000,DIMMD~F Temp
18:14:54.697,31.000000,DIMMD~F Temp
18:14:55.197,31.000000,DIMMD~F Temp
18:14:55.697,31.000000,DIMMD~F Temp
18:14:56.197,31.000000,DIMMD~F Temp
18:14:56.697,31.000000,DIMMD~F Temp
18:14:57.197,31.000000,DIMMD~F Temp
18:14:57.697,31.000000,DIMMD~F Temp
18:14:58.197,31.000000,DIMMD~F Temp
18:14:58.697,31.000000,DIMMD~F Temp
18:14:59.197,31.000000,DIMMD~F Temp
18:14:59.697,31.000000,DIMMD~F Temp
18:15:00.197,31.000000,DIMMD~F Temp
18:15:00.697,31.000000,DIMMD~F Temp
18:15:01.197,31.000000,DIMMD~F Temp
18:15:01.697,31.000000,DIMMD~F Temp
18:15:02.197,31.000000,DIMMD~F Temp
18:14:52.197,26.000000,Inlet Temp
18:14:52.697,26.000000,Inlet Temp
18:14:53.197,26.000000,Inlet Temp
18:14:53.697,26.000000,Inlet Temp
18:14:54.197,26.000000,Inlet Temp
18:14:54.697,26.000000,Inlet Temp
18:14:55.197,26.000000,Inlet Temp
18:14:55.697,26.000000,Inlet Temp
18:14:56.197,26.000000,Inlet Temp
18:14:56.697,26.000000,Inlet Temp
18:14:57.197,26.000000,Inlet Temp
18:14:57.697,26.000000,Inlet Temp
18:14:58.197,26.000000,Inlet Temp
18:14:58.697,26.000000,Inlet Temp
18:14:59.197,26.000000,Inlet Temp
18:14:59.697,26.000000,Inlet Temp
18:15:00.197,26.000000,Inlet Temp
18:15:00.697,26.000000,Inlet Temp
18:15:01.197,26.000000,Inlet Temp
18:15:01.697,26.000000,Inlet Temp
18:15:02.197,26.000000,Inlet Temp
18:14:52.197,22.000000,System Temp
18:14:52.697,22.000000,System Temp
18:14:53.197,22.000000,System Temp
18:14:53.697,22.000000,System Temp
18:14:54.197,22.000000,System Temp
18:14:54.697,22.000000,System Temp
18:14:55.197,22.000000,System Temp
18:14:55.697,22.000000,System Temp
18:14:56.197,22.000000,System Temp
18:14:56.697,22.000000,System Temp
18:14:57.197,22.000000,System Temp
18:14:57.697,22.000000,System Temp
18:14:58.197,22.000000,System Temp
18:14:58.697,22.000000,System Temp
18:14:59.197,22.000000,System Temp
18:14:59.697,22.000000,System Temp
18:15:00.197,22.000000,System Temp
18:15:00.697,22.000000,System Temp
18:15:01.197,22.000000,System Temp
18:15:01.697,22.000000,System Temp
18:15:02.197,22.000000,System Temp
18:15:02.697,22.000000,System Temp
18:15:03.197,22.000000,System Temp
18:15:03.697,22.000000,System Temp
18:15:04.197,22.000000,System Temp
18:14:52.197,39.000000,Peripheral Temp
18:14:52.697,39.000000,Peripheral Temp
18:14:53.197,39.000000,Peripheral Temp
18:14:53.697,39.000000,Peripheral Temp
18:14:54.197,39.000000,Peripheral Temp
18:14:54.697,39.000000,Peripheral Temp
18:14:55.197,39.000000,Peripheral Temp
18:14:55.697,39.000000,Peripheral Temp
18:14:56.197,39.000000,Peripheral Temp
18:14:56.697,39.000000,Peripheral Temp
18:14:57.197,39.000000,Peripheral Temp
18:14:57.697,39.000000,Peripheral Temp
18:14:58.197,39.000000,Peripheral Temp
18:14:58.697,39.000000,Peripheral Temp
18:14:59.197,39.000000,Peripheral Temp
18:14:59.697,39.000000,Peripheral Temp
18:15:00.197,39.000000,Peripheral Temp
18:15:00.697,39.000000,Peripheral Temp
18:15:01.197,39.000000,Peripheral Temp
18:15:01.697,39.000000,Peripheral Temp
18:15:02.197,39.000000,Peripheral Temp
18:15:02.697,39.000000,Peripheral Temp
18:15:03.197,39.000000,Peripheral Temp
18:15:03.697,39.000000,Peripheral Temp
18:15:04.197,39.000000,Peripheral Temp
18:14:52.197,49.000000,AOC_NIC2 Temp
18:14:52.697,49.000000,AOC_NIC2 Temp
18:14:53.197,49.000000,AOC_NIC2 Temp
18:14:53.697,49.000000,AOC_NIC2 Temp
18:14:54.197,49.000000,AOC_NIC2 Temp
18:14:54.697,49.000000,AOC_NIC2 Temp
18:14:55.197,49.000000,AOC_NIC2 Temp
18:14:55.697,49.000000,AOC_NIC2 Temp
18:14:56.197,49.000000,AOC_NIC2 Temp
18:14:56.697,49.000000,AOC_NIC2 Temp
18:14:57.197,49.000000,AOC_NIC2 Temp
18:14:57.697,49.000000,AOC_NIC2 Temp
18:14:58.197,49.000000,AOC_NIC2 Temp
18:14:58.697,49.000000,AOC_NIC2 Temp
18:14:59.197,49.000000,AOC_NIC2 Temp
18:14:59.697,49.000000,AOC_NIC2 Temp
18:15:00.197,49.000000,AOC_NIC2 Temp
18:15:00.697,49.000000,AOC_NIC2 Temp
18:15:01.197,49.000000,AOC_NIC2 Temp
18:15:01.697,49.000000,AOC_NIC2 Temp
18:15:02.197,49.000000,AOC_NIC2 Temp
18:15:02.697,49.000000,AOC_NIC2 Temp
18:15:03.197,49.000000,AOC_NIC2 Temp
18:15:03.697,49.000000,AOC_NIC2 Temp
18:15:04.197,49.000000,AOC_NIC2 Temp
18:14:52.197,28.000000,NVMe_SSDA Temp 
18:14:52.697,28.000000,NVMe_SSDA Temp 
18:14:53.197,28.000000,NVMe_SSDA Temp 
18:14:53.697,28.000000,NVMe_SSDA Temp 
18:14:54.197,28.000000,NVMe_SSDA Temp 
18:14:54.697,28.000000,NVMe_SSDA Temp 
18:14:55.197,28.000000,NVMe_SSDA Temp 
18:14:55.697,28.000000,NVMe_SSDA Temp 
18:14:56.197,28.000000,NVMe_SSDA Temp 
18:14:56.697,28.000000,NVMe_SSDA Temp 
18:14:57.197,28.000000,NVMe_SSDA Temp 
18:14:57.697,28.000000,NVMe_SSDA Temp 
18:14:58.197,28.000000,NVMe_SSDA Temp 
18:14:58.697,28.000000,NVMe_SSDA Temp 
18:14:59.197,28.000000,NVMe_SSDA Temp 
18:14:59.697,28.000000,NVMe_SSDA Temp 
18:15:00.197,28.000000,NVMe_SSDA Temp 
18:15:00.697,28.000000,NVMe_SSDA Temp 
18:15:01.197,28.000000,NVMe_SSDA Temp 
18:15:01.697,28.000000,NVMe_SSDA Temp 
18:15:02.197,28.000000,NVMe_SSDA Temp 
18:15:02.697,28.000000,NVMe_SSDA Temp 
18:15:03.197,28.000000,NVMe_SSDA Temp 
18:15:03.697,28.000000,NVMe_SSDA Temp 
18:15:04.197,28.000000,NVMe_SSDA Temp 
18:14:52.197,66.000000,NIC Temp
18:14:52.697,66.000000,NIC Temp
18:14:53.197,66.000000,NIC Temp
18:14:53.697,66.000000,NIC Temp
18:14:54.197,66.000000,NIC Temp
18:14:54.697,66.000000,NIC Temp
18:14:55.197,66.000000,NIC Temp
18:14:55.697,66.000000,NIC Temp
18:14:56.197,66.000000,NIC Temp
18:14:56.697,66.000000,NIC Temp
18:14:57.197,66.000000,NIC Temp
18:14:57.697,66.000000,NIC Temp
18:14:58.197,66.000000,NIC Temp
18:14:58.697,66.000000,NIC Temp
18:14:59.197,66.000000,NIC Temp
18:14:59.697,66.000000,NIC Temp
18:15:00.197,66.000000,NIC Temp
18:15:00.697,66.000000,NIC Temp
18:15:01.197,66.000000,NIC Temp
18:15:01.697,66.000000,NIC Temp
18:15:02.197,66.000000,NIC Temp
18:15:02.697,66.000000,NIC Temp
18:15:03.197,66.000000,NIC Temp
18:15:03.697,66.000000,NIC Temp
18:15:04.197,66.000000,NIC Temp
18:14:52.197,29.000000,CPU_VRM0 Temp
18:14:52.697,29.000000,CPU_VRM0 Temp
18:14:53.197,29.000000,CPU_VRM0 Temp
18:14:53.697,29.000000,CPU_VRM0 Temp
18:14:54.197,29.000000,CPU_VRM0 Temp
18:14:54.697,29.000000,CPU_VRM0 Temp
18:14:55.197,29.000000,CPU_VRM0 Temp
18:14:55.697,29.000000,CPU_VRM0 Temp
18:14:56.197,29.000000,CPU_VRM0 Temp
18:14:56.697,29.000000,CPU_VRM0 Temp
18:14:57.197,29.000000,CPU_VRM0 Temp
18:14:57.697,29.000000,CPU_VRM0 Temp
18:14:58.197,29.000000,CPU_VRM0 Temp
18:14:58.697,29.000000,CPU_VRM0 Temp
18:14:59.197,29.000000,CPU_VRM0 Temp
18:14:59.697,29.000000,CPU_VRM0 Temp
18:15:00.197,29.000000,CPU_VRM0 Temp
18:15:00.697,29.000000,CPU_VRM0 Temp
18:15:01.197,29.000000,CPU_VRM0 Temp
18:15:01.697,29.000000,CPU_VRM0 Temp
18:15:02.197,29.000000,CPU_VRM0 Temp
18:15:02.697,29.000000,CPU_VRM0 Temp
18:15:03.197,29.000000,CPU_VRM0 Temp
18:15:03.697,29.000000,CPU_VRM0 Temp
18:15:04.197,29.000000,CPU_VRM0 Temp
18:14:52.197,48.000000,CPU Temp
18:14:52.697,48.000000,CPU Temp
18:14:53.197,48.000000,CPU Temp
18:14:53.697,48.000000,CPU Temp
18:14:54.197,48.000000,CPU Temp
18:14:54.697,48.000000,CPU Temp
18:14:55.197,48.000000,CPU Temp
18:14:55.697,48.000000,CPU Temp
18:14:56.197,48.000000,CPU Temp
18:14:56.697,48.000000,CPU Temp
18:14:57.197,48.000000,CPU Temp
18:14:57.697,48.000000,CPU Temp
18:14:58.197,48.000000,CPU Temp
18:14:58.697,48.000000,CPU Temp
18:14:59.197,48.000000,CPU Temp
18:14:59.697,48.000000,CPU Temp
18:15:00.197,48.000000,CPU Temp
18:15:00.697,48.000000,CPU Temp
18:15:01.197,48.000000,CPU Temp
18:15:01.697,48.000000,CPU Temp
18:15:02.197,48.000000,CPU Temp
18:15:02.697,48.000000,CPU Temp
18:15:03.197,48.000000,CPU Temp
18:15:03.697,48.000000,CPU Temp
18:15:04.197,48.000000,CPU Temp
18:14:52.197,46.000000,CPU_VRM1 Temp
18:14:52.697,46.000000,CPU_VRM1 Temp
18:14:53.197,45.000000,CPU_VRM1 Temp
18:14:53.697,45.000000,CPU_VRM1 Temp
18:14:54.197,45.000000,CPU_VRM1 Temp
18:14:54.697,45.000000,CPU_VRM1 Temp
18:14:55.197,45.000000,CPU_VRM1 Temp
18:14:55.697,45.000000,CPU_VRM1 Temp
18:14:56.197,45.000000,CPU_VRM1 Temp
18:14:56.697,45.000000,CPU_VRM1 Temp
18:14:57.197,45.000000,CPU_VRM1 Temp
18:14:57.697,45.000000,CPU_VRM1 Temp
18:14:58.197,45.000000,CPU_VRM1 Temp
18:14:58.697,45.000000,CPU_VRM1 Temp
18:14:59.197,45.000000,CPU_VRM1 Temp
18:14:59.697,45.000000,CPU_VRM1 Temp
18:15:00.197,45.000000,CPU_VRM1 Temp
18:15:00.697,45.000000,CPU_VRM1 Temp
18:15:01.197,45.000000,CPU_VRM1 Temp
18:15:01.697,45.000000,CPU_VRM1 Temp
18:15:02.197,45.000000,CPU_VRM1 Temp
18:15:02.697,45.000000,CPU_VRM1 Temp
18:15:03.197,45.000000,CPU_VRM1 Temp
18:15:03.697,45.000000,CPU_VRM1 Temp
18:15:04.197,45.000000,CPU_VRM1 Temp
18:14:52.197,32.000000,SOC_VRM Temp
18:14:52.697,32.000000,SOC_VRM Temp
18:14:53.197,32.000000,SOC_VRM Temp
18:14:53.697,32.000000,SOC_VRM Temp
18:14:54.197,32.000000,SOC_VRM Temp
18:14:54.697,32.000000,SOC_VRM Temp
18:14:55.197,32.000000,SOC_VRM Temp
18:14:55.697,32.000000,SOC_VRM Temp
18:14:56.197,32.000000,SOC_VRM Temp
18:14:56.697,32.000000,SOC_VRM Temp
18:14:57.197,32.000000,SOC_VRM Temp
18:14:57.697,32.000000,SOC_VRM Temp
18:14:58.197,32.000000,SOC_VRM Temp
18:14:58.697,32.000000,SOC_VRM Temp
18:14:59.197,32.000000,SOC_VRM Temp
18:14:59.697,32.000000,SOC_VRM Temp
18:15:00.197,32.000000,SOC_VRM Temp
18:15:00.697,32.000000,SOC_VRM Temp
18:15:01.197,32.000000,SOC_VRM Temp
18:15:01.697,32.000000,SOC_VRM Temp
18:15:02.197,32.000000,SOC_VRM Temp
18:15:02.697,32.000000,SOC_VRM Temp
18:15:03.197,32.000000,SOC_VRM Temp
18:15:03.697,32.000000,SOC_VRM Temp
18:15:04.197,32.000000,SOC_VRM Temp
18:14:52.197,45.000000,VDDIO_VRM Temp
18:14:52.697,45.000000,VDDIO_VRM Temp
18:14:53.197,45.000000,VDDIO_VRM Temp
18:14:53.697,45.000000,VDDIO_VRM Temp
18:14:54.197,45.000000,VDDIO_VRM Temp
18:14:54.697,45.000000,VDDIO_VRM Temp
18:14:55.197,45.000000,VDDIO_VRM Temp
18:14:55.697,45.000000,VDDIO_VRM Temp
18:14:56.197,45.000000,VDDIO_VRM Temp
18:14:56.697,45.000000,VDDIO_VRM Temp
18:14:57.197,45.000000,VDDIO_VRM Temp
18:14:57.697,45.000000,VDDIO_VRM Temp
18:14:58.197,45.000000,VDDIO_VRM Temp
18:14:58.697,45.000000,VDDIO_VRM Temp
18:14:59.197,45.000000,VDDIO_VRM Temp
18:14:59.697,45.000000,VDDIO_VRM Temp
18:15:00.197,45.000000,VDDIO_VRM Temp
18:15:00.697,45.000000,VDDIO_VRM Temp
18:15:01.197,45.000000,VDDIO_VRM Temp
18:15:01.697,45.000000,VDDIO_VRM Temp
18:15:02.197,45.000000,VDDIO_VRM Temp
18:15:02.697,45.000000,VDDIO_VRM Temp
18:15:03.197,45.000000,VDDIO_VRM Temp
18:15:03.697,45.000000,VDDIO_VRM Temp
18:15:04.197,45.000000,VDDIO_VRM Temp
18:14:52.197,28.000000,DIMMA~C Temp
18:14:52.697,28.000000,DIMMA~C Temp
18:14:53.197,29.000000,DIMMA~C Temp
18:14:53.697,29.000000,DIMMA~C Temp
18:14:54.197,29.000000,DIMMA~C Temp
18:14:54.697,29.000000,DIMMA~C Temp
18:14:55.197,29.000000,DIMMA~C Temp
18:14:55.697,29.000000,DIMMA~C Temp
18:14:56.197,29.000000,DIMMA~C Temp
18:14:56.697,29.000000,DIMMA~C Temp
18:14:57.197,29.000000,DIMMA~C Temp
18:14:57.697,29.000000,DIMMA~C Temp
18:14:58.197,29.000000,DIMMA~C Temp
18:14:58.697,29.000000,DIMMA~C Temp
18:14:59.197,29.000000,DIMMA~C Temp
18:14:59.697,29.000000,DIMMA~C Temp
18:15:00.197,29.000000,DIMMA~C Temp
18:15:00.697,29.000000,DIMMA~C Temp
18:15:01.197,29.000000,DIMMA~C Temp
18:15:01.697,29.000000,DIMMA~C Temp
18:15:02.197,29.000000,DIMMA~C Temp
18:15:02.697,29.000000,DIMMA~C Temp
18:15:03.197,29.000000,DIMMA~C Temp
18:15:03.697,29.000000,DIMMA~C Temp
18:15:04.197,29.000000,DIMMA~C Temp
18:14:52.197,31.000000,DIMMD~F Temp
18:14:52.697,31.000000,DIMMD~F Temp
18:14:53.197,31.000000,DIMMD~F Temp
18:14:53.697,31.000000,DIMMD~F Temp
18:14:54.197,31.000000,DIMMD~F Temp
18:14:54.697,31.000000,DIMMD~F Temp
18:14:55.197,31.000000,DIMMD~F Temp
18:14:55.697,31.000000,DIMMD~F Temp
18:14:56.197,31.000000,DIMMD~F Temp
18:14:56.697,31.000000,DIMMD~F Temp
18:14:57.197,31.000000,DIMMD~F Temp
18:14:57.697,31.000000,DIMMD~F Temp
18:14:58.197,31.000000,DIMMD~F Temp
18:14:58.697,31.000000,DIMMD~F Temp
18:14:59.197,31.000000,DIMMD~F Temp
18:14:59.697,31.000000,DIMMD~F Temp
18:15:00.197,31.000000,DIMMD~F Temp
18:15:00.697,31.000000,DIMMD~F Temp
18:15:01.197,31.000000,DIMMD~F Temp
18:15:01.697,31.000000,DIMMD~F Temp
18:15:02.197,31.000000,DIMMD~F Temp
18:15:02.697,31.000000,DIMMD~F Temp
18:15:03.197,31.000000,DIMMD~F Temp
18:15:03.697,31.000000,DIMMD~F Temp
18:15:04.197,31.000000,DIMMD~F Temp
18:14:52.197,26.000000,Inlet Temp
18:14:52.697,26.000000,Inlet Temp
18:14:53.197,26.000000,Inlet Temp
18:14:53.697,26.000000,Inlet Temp
18:14:54.197,26.000000,Inlet Temp
18:14:54.697,26.000000,Inlet Temp
18:14:55.197,26.000000,Inlet Temp
18:14:55.697,26.000000,Inlet Temp
18:14:56.197,26.000000,Inlet Temp
18:14:56.697,26.000000,Inlet Temp
18:14:57.197,26.000000,Inlet Temp
18:14:57.697,26.000000,Inlet Temp
18:14:58.197,26.000000,Inlet Temp
18:14:58.697,26.000000,Inlet Temp
18:14:59.197,26.000000,Inlet Temp
18:14:59.697,26.000000,Inlet Temp
18:15:00.197,26.000000,Inlet Temp
18:15:00.697,26.000000,Inlet Temp
18:15:01.197,26.000000,Inlet Temp
18:15:01.697,26.000000,Inlet Temp
18:15:02.197,26.000000,Inlet Temp
18:15:02.697,26.000000,Inlet Temp
18:15:03.197,26.000000,Inlet Temp
18:15:03.697,26.000000,Inlet Temp
18:15:04.197,26.000000,Inlet Temp
18:14:58.140,22.000000,System Temp
18:14:58.640,22.000000,System Temp
18:14:59.140,22.000000,System Temp
18:14:59.640,22.000000,System Temp
18:15:00.140,22.000000,System Temp
18:15:00.640,22.000000,System Temp
18:15:01.140,22.000000,System Temp
18:15:01.640,22.000000,System Temp
18:15:02.140,22.000000,System Temp
18:15:02.640,22.000000,System Temp
18:15:03.140,22.000000,System Temp
18:15:03.640,22.000000,System Temp
18:15:04.140,22.000000,System Temp
18:15:04.640,22.000000,System Temp
18:15:05.140,22.000000,System Temp
18:15:05.640,22.000000,System Temp
18:15:06.140,22.000000,System Temp
18:15:06.640,22.000000,System Temp
18:15:07.140,22.000000,System Temp
18:15:07.640,22.000000,System Temp
18:15:08.140,22.000000,System Temp
18:14:58.140,39.000000,Peripheral Temp
18:14:58.640,39.000000,Peripheral Temp
18:14:59.140,39.000000,Peripheral Temp
18:14:59.640,39.000000,Peripheral Temp
18:15:00.140,39.000000,Peripheral Temp
18:15:00.640,39.000000,Peripheral Temp
18:15:01.140,39.000000,Peripheral Temp
18:15:01.640,39.000000,Peripheral Temp
18:15:02.140,39.000000,Peripheral Temp
18:15:02.640,39.000000,Peripheral Temp
18:15:03.140,39.000000,Peripheral Temp
18:15:03.640,39.000000,Peripheral Temp
18:15:04.140,39.000000,Peripheral Temp
18:15:04.640,39.000000,Peripheral Temp
18:15:05.140,39.000000,Peripheral Temp
18:15:05.640,39.000000,Peripheral Temp
18:15:06.140,39.000000,Peripheral Temp
18:15:06.640,39.000000,Peripheral Temp
18:15:07.140,39.000000,Peripheral Temp
18:15:07.640,39.000000,Peripheral Temp
18:15:08.140,39.000000,Peripheral Temp
18:14:58.140,50.000000,AOC_NIC2 Temp
18:14:58.640,50.000000,AOC_NIC2 Temp
18:14:59.140,50.000000,AOC_NIC2 Temp
18:14:59.640,50.000000,AOC_NIC2 Temp
18:15:00.140,50.000000,AOC_NIC2 Temp
18:15:00.640,50.000000,AOC_NIC2 Temp
18:15:01.140,50.000000,AOC_NIC2 Temp
18:15:01.640,50.000000,AOC_NIC2 Temp
18:15:02.140,50.000000,AOC_NIC2 Temp
18:15:02.640,50.000000,AOC_NIC2 Temp
18:15:03.140,50.000000,AOC_NIC2 Temp
18:15:03.640,50.000000,AOC_NIC2 Temp
18:15:04.140,50.000000,AOC_NIC2 Temp
18:15:04.640,50.000000,AOC_NIC2 Temp
18:15:05.140,50.000000,AOC_NIC2 Temp
18:15:05.640,50.000000,AOC_NIC2 Temp
18:15:06.140,50.000000,AOC_NIC2 Temp
18:15:06.640,50.000000,AOC_NIC2 Temp
18:15:07.140,50.000000,AOC_NIC2 Temp
18:15:07.640,50.000000,AOC_NIC2 Temp
18:15:08.140,50.000000,AOC_NIC2 Temp
18:14:58.140,28.000000,NVMe_SSDA Temp 
18:14:58.640,28.000000,NVMe_SSDA Temp 
18:14:59.140,28.000000,NVMe_SSDA Temp 
18:14:59.640,28.000000,NVMe_SSDA Temp 
18:15:00.140,28.000000,NVMe_SSDA Temp 
18:15:00.640,28.000000,NVMe_SSDA Temp 
18:15:01.140,28.000000,NVMe_SSDA Temp 
18:15:01.640,28.000000,NVMe_SSDA Temp 
18:15:02.140,28.000000,NVMe_SSDA Temp 
18:15:02.640,28.000000,NVMe_SSDA Temp 
18:15:03.140,28.000000,NVMe_SSDA Temp 
18:15:03.640,28.000000,NVMe_SSDA Temp 
18:15:04.140,28.000000,NVMe_SSDA Temp 
18:15:04.640,28.000000,NVMe_SSDA Temp 
18:15:05.140,28.000000,NVMe_SSDA Temp 
18:15:05.640,28.000000,NVMe_SSDA Temp 
18:15:06.140,28.000000,NVMe_SSDA Temp 
18:15:06.640,28.000000,NVMe_SSDA Temp 
18:15:07.140,28.000000,NVMe_SSDA Temp 
18:15:07.640,28.000000,NVMe_SSDA Temp 
18:15:08.140,28.000000,NVMe_SSDA Temp 
18:14:58.140,66.000000,NIC Temp
18:14:58.640,66.000000,NIC Temp
18:14:59.140,66.000000,NIC Temp
18:14:59.640,66.000000,NIC Temp
18:15:00.140,66.000000,NIC Temp
18:15:00.640,66.000000,NIC Temp
18:15:01.140,66.000000,NIC Temp
18:15:01.640,66.000000,NIC Temp
18:15:02.140,66.000000,NIC Temp
18:15:02.640,66.000000,NIC Temp
18:15:03.140,66.000000,NIC Temp
18:15:03.640,66.000000,NIC Temp
18:15:04.140,66.000000,NIC Temp
18:15:04.640,66.000000,NIC Temp
18:15:05.140,66.000000,NIC Temp
18:15:05.640,66.000000,NIC Temp
18:15:06.140,66.000000,NIC Temp
18:15:06.640,66.000000,NIC Temp
18:15:07.140,66.000000,NIC Temp
18:15:07.640,66.000000,NIC Temp
18:15:08.140,66.000000,NIC Temp
18:14:58.140,29.000000,CPU_VRM0 Temp
18:14:58.640,29.000000,CPU_VRM0 Temp
18:14:59.140,29.000000,CPU_VRM0 Temp
18:14:59.640,29.000000,CPU_VRM0 Temp
18:15:00.140,29.000000,CPU_VRM0 Temp
18:15:00.640,29.000000,CPU_VRM0 Temp
18:15:01.140,29.000000,CPU_VRM0 Temp
18:15:01.640,29.000000,CPU_VRM0 Temp
18:15:02.140,29.000000,CPU_VRM0 Temp
18:15:02.640,29.000000,CPU_VRM0 Temp
18:15:03.140,29.000000,CPU_VRM0 Temp
18:15:03.640,29.000000,CPU_VRM0 Temp
18:15:04.140,29.000000,CPU_VRM0 Temp
18:15:04.640,29.000000,CPU_VRM0 Temp
18:15:05.140,29.000000,CPU_VRM0 Temp
18:15:05.640,29.000000,CPU_VRM0 Temp
18:15:06.140,29.000000,CPU_VRM0 Temp
18:15:06.640,29.000000,CPU_VRM0 Temp
18:15:07.140,29.000000,CPU_VRM0 Temp
18:15:07.640,29.000000,CPU_VRM0 Temp
18:15:08.140,29.000000,CPU_VRM0 Temp
18:14:58.140,48.000000,CPU Temp
18:14:58.640,48.000000,CPU Temp
18:14:59.140,48.000000,CPU Temp
18:14:59.640,48.000000,CPU Temp
18:15:00.140,48.000000,CPU Temp
18:15:00.640,48.000000,CPU Temp
18:15:01.140,48.000000,CPU Temp
18:15:01.640,48.000000,CPU Temp
18:15:02.140,48.000000,CPU Temp
18:15:02.640,48.000000,CPU Temp
18:15:03.140,48.000000,CPU Temp
18:15:03.640,48.000000,CPU Temp
18:15:04.140,48.000000,CPU Temp
18:15:04.640,48.000000,CPU Temp
18:15:05.140,48.000000,CPU Temp
18:15:05.640,48.000000,CPU Temp
18:15:06.140,48.000000,CPU Temp
18:15:06.640,48.000000,CPU Temp
18:15:07.140,48.000000,CPU Temp
18:15:07.640,48.000000,CPU Temp
18:15:08.140,48.000000,CPU Temp
18:14:58.140,45.000000,CPU_VRM1 Temp
18:14:58.640,45.000000,CPU_VRM1 Temp
18:14:59.140,45.000000,CPU_VRM1 Temp
18:14:59.640,45.000000,CPU_VRM1 Temp
18:15:00.140,45.000000,CPU_VRM1 Temp
18:15:00.640,45.000000,CPU_VRM1 Temp
18:15:01.140,45.000000,CPU_VRM1 Temp
18:15:01.640,45.000000,CPU_VRM1 Temp
18:15:02.140,45.000000,CPU_VRM1 Temp
18:15:02.640,45.000000,CPU_VRM1 Temp
18:15:03.140,45.000000,CPU_VRM1 Temp
18:15:03.640,45.000000,CPU_VRM1 Temp
18:15:04.140,45.000000,CPU_VRM1 Temp
18:15:04.640,45.000000,CPU_VRM1 Temp
18:15:05.140,45.000000,CPU_VRM1 Temp
18:15:05.640,45.000000,CPU_VRM1 Temp
18:15:06.140,45.000000,CPU_VRM1 Temp
18:15:06.640,45.000000,CPU_VRM1 Temp
18:15:07.140,45.000000,CPU_VRM1 Temp
18:15:07.640,45.000000,CPU_VRM1 Temp
18:15:08.140,45.000000,CPU_VRM1 Temp
18:14:58.140,32.000000,SOC_VRM Temp
18:14:58.640,32.000000,SOC_VRM Temp
18:14:59.140,32.000000,SOC_VRM Temp
18:14:59.640,32.000000,SOC_VRM Temp
18:15:00.140,32.000000,SOC_VRM Temp
18:15:00.640,32.000000,SOC_VRM Temp
18:15:01.140,32.000000,SOC_VRM Temp
18:15:01.640,32.000000,SOC_VRM Temp
18:15:02.140,32.000000,SOC_VRM Temp
18:15:02.640,32.000000,SOC_VRM Temp
18:15:03.140,32.000000,SOC_VRM Temp
18:15:03.640,32.000000,SOC_VRM Temp
18:15:04.140,32.000000,SOC_VRM Temp
18:15:04.640,32.000000,SOC_VRM Temp
18:15:05.140,32.000000,SOC_VRM Temp
18:15:05.640,32.000000,SOC_VRM Temp
18:15:06.140,32.000000,SOC_VRM Temp
18:15:06.640,32.000000,SOC_VRM Temp
18:15:07.140,32.000000,SOC_VRM Temp
18:15:07.640,32.000000,SOC_VRM Temp
18:15:08.140,32.000000,SOC_VRM Temp
18:14:58.140,45.000000,VDDIO_VRM Temp
18:14:58.640,45.000000,VDDIO_VRM Temp
18:14:59.140,45.000000,VDDIO_VRM Temp
18:14:59.640,45.000000,VDDIO_VRM Temp
18:15:00.140,45.000000,VDDIO_VRM Temp
18:15:00.640,45.000000,VDDIO_VRM Temp
18:15:01.140,45.000000,VDDIO_VRM Temp
18:15:01.640,45.000000,VDDIO_VRM Temp
18:15:02.140,45.000000,VDDIO_VRM Temp
18:15:02.640,45.000000,VDDIO_VRM Temp
18:15:03.140,45.000000,VDDIO_VRM Temp
18:15:03.640,45.000000,VDDIO_VRM Temp
18:15:04.140,45.000000,VDDIO_VRM Temp
18:15:04.640,45.000000,VDDIO_VRM Temp
18:15:05.140,45.000000,VDDIO_VRM Temp
18:15:05.640,45.000000,VDDIO_VRM Temp
18:15:06.140,45.000000,VDDIO_VRM Temp
18:15:06.640,45.000000,VDDIO_VRM Temp
18:15:07.140,45.000000,VDDIO_VRM Temp
18:15:07.640,45.000000,VDDIO_VRM Temp
18:15:08.140,45.000000,VDDIO_VRM Temp
18:14:58.140,29.000000,DIMMA~C Temp
18:14:58.640,29.000000,DIMMA~C Temp
18:14:59.140,29.000000,DIMMA~C Temp
18:14:59.640,29.000000,DIMMA~C Temp
18:15:00.140,29.000000,DIMMA~C Temp
18:15:00.640,29.000000,DIMMA~C Temp
18:15:01.140,29.000000,DIMMA~C Temp
18:15:01.640,29.000000,DIMMA~C Temp
18:15:02.140,29.000000,DIMMA~C Temp
18:15:02.640,29.000000,DIMMA~C Temp
18:15:03.140,29.000000,DIMMA~C Temp
18:15:03.640,29.000000,DIMMA~C Temp
18:15:04.140,29.000000,DIMMA~C Temp
18:15:04.640,29.000000,DIMMA~C Temp
18:15:05.140,29.000000,DIMMA~C Temp
18:15:05.640,29.000000,DIMMA~C Temp
18:15:06.140,29.000000,DIMMA~C Temp
18:15:06.640,29.000000,DIMMA~C Temp
18:15:07.140,29.000000,DIMMA~C Temp
18:15:07.640,29.000000,DIMMA~C Temp
18:15:08.140,29.000000,DIMMA~C Temp
18:14:58.140,31.000000,DIMMD~F Temp
18:14:58.640,31.000000,DIMMD~F Temp
18:14:59.140,31.000000,DIMMD~F Temp
18:14:59.640,31.000000,DIMMD~F Temp
18:15:00.140,31.000000,DIMMD~F Temp
18:15:00.640,31.000000,DIMMD~F Temp
18:15:01.140,31.000000,DIMMD~F Temp
18:15:01.640,31.000000,DIMMD~F Temp
18:15:02.140,31.000000,DIMMD~F Temp
18:15:02.640,31.000000,DIMMD~F Temp
18:15:03.140,31.000000,DIMMD~F Temp
18:15:03.640,31.000000,DIMMD~F Temp
18:15:04.140,31.000000,DIMMD~F Temp
18:15:04.640,31.000000,DIMMD~F Temp
18:15:05.140,31.000000,DIMMD~F Temp
18:15:05.640,31.000000,DIMMD~F Temp
18:15:06.140,31.000000,DIMMD~F Temp
18:15:06.640,31.000000,DIMMD~F Temp
18:15:07.140,31.000000,DIMMD~F Temp
18:15:07.640,31.000000,DIMMD~F Temp
18:15:08.140,31.000000,DIMMD~F Temp
18:14:58.140,26.000000,Inlet Temp
18:14:58.640,26.000000,Inlet Temp
18:14:59.140,26.000000,Inlet Temp
18:14:59.640,26.000000,Inlet Temp
18:15:00.140,26.000000,Inlet Temp
18:15:00.640,26.000000,Inlet Temp
18:15:01.140,26.000000,Inlet Temp
18:15:01.640,26.000000,Inlet Temp
18:15:02.140,26.000000,Inlet Temp
18:15:02.640,26.000000,Inlet Temp
18:15:03.140,26.000000,Inlet Temp
18:15:03.640,26.000000,Inlet Temp
18:15:04.140,26.000000,Inlet Temp
18:15:04.640,26.000000,Inlet Temp
18:15:05.140,26.000000,Inlet Temp
18:15:05.640,26.000000,Inlet Temp
18:15:06.140,26.000000,Inlet Temp
18:15:06.640,26.000000,Inlet Temp
18:15:07.140,26.000000,Inlet Temp
18:15:07.640,26.000000,Inlet Temp
18:15:08.140,26.000000,Inlet Temp
18:14:58.191,22.000000,System Temp
18:14:58.691,22.000000,System Temp
18:14:59.191,22.000000,System Temp
18:14:59.691,22.000000,System Temp
18:15:00.191,22.000000,System Temp
18:15:00.691,22.000000,System Temp
18:15:01.191,22.000000,System Temp
18:15:01.691,22.000000,System Temp
18:15:02.191,22.000000,System Temp
18:15:02.691,22.000000,System Temp
18:15:03.191,22.000000,System Temp
18:15:03.691,22.000000,System Temp
18:15:04.191,22.000000,System Temp
18:15:04.691,22.000000,System Temp
18:15:05.191,22.000000,System Temp
18:15:05.691,22.000000,System Temp
18:15:06.191,22.000000,System Temp
18:15:06.691,22.000000,System Temp
18:15:07.191,22.000000,System Temp
18:15:07.691,22.000000,System Temp
18:15:08.191,22.000000,System Temp
18:14:58.191,39.000000,Peripheral Temp
18:14:58.691,39.000000,Peripheral Temp
18:14:59.191,39.000000,Peripheral Temp
18:14:59.691,39.000000,Peripheral Temp
18:15:00.191,39.000000,Peripheral Temp
18:15:00.691,39.000000,Peripheral Temp
18:15:01.191,39.000000,Peripheral Temp
18:15:01.691,39.000000,Peripheral Temp
18:15:02.191,39.000000,Peripheral Temp
18:15:02.691,39.000000,Peripheral Temp
18:15:03.191,39.000000,Peripheral Temp
18:15:03.691,39.000000,Peripheral Temp
18:15:04.191,39.000000,Peripheral Temp
18:15:04.691,39.000000,Peripheral Temp
18:15:05.191,39.000000,Peripheral Temp
18:15:05.691,39.000000,Peripheral Temp
18:15:06.191,39.000000,Peripheral Temp
18:15:06.691,39.000000,Peripheral Temp
18:15:07.191,39.000000,Peripheral Temp
18:15:07.691,39.000000,Peripheral Temp
18:15:08.191,39.000000,Peripheral Temp
18:14:58.191,50.000000,AOC_NIC2 Temp
18:14:58.691,50.000000,AOC_NIC2 Temp
18:14:59.191,50.000000,AOC_NIC2 Temp
18:14:59.691,50.000000,AOC_NIC2 Temp
18:15:00.191,50.000000,AOC_NIC2 Temp
18:15:00.691,50.000000,AOC_NIC2 Temp
18:15:01.191,50.000000,AOC_NIC2 Temp
18:15:01.691,50.000000,AOC_NIC2 Temp
18:15:02.191,50.000000,AOC_NIC2 Temp
18:15:02.691,50.000000,AOC_NIC2 Temp
18:15:03.191,50.000000,AOC_NIC2 Temp
18:15:03.691,50.000000,AOC_NIC2 Temp
18:15:04.191,50.000000,AOC_NIC2 Temp
18:15:04.691,50.000000,AOC_NIC2 Temp
18:15:05.191,50.000000,AOC_NIC2 Temp
18:15:05.691,50.000000,AOC_NIC2 Temp
18:15:06.191,50.000000,AOC_NIC2 Temp
18:15:06.691,50.000000,AOC_NIC2 Temp
18:15:07.191,50.000000,AOC_NIC2 Temp
18:15:07.691,50.000000,AOC_NIC2 Temp
18:15:08.191,50.000000,AOC_NIC2 Temp
18:14:58.191,28.000000,NVMe_SSDA Temp 
18:14:58.691,28.000000,NVMe_SSDA Temp 
18:14:59.191,28.000000,NVMe_SSDA Temp 
18:14:59.691,28.000000,NVMe_SSDA Temp 
18:15:00.191,28.000000,NVMe_SSDA Temp 
18:15:00.691,28.000000,NVMe_SSDA Temp 
18:15:01.191,28.000000,NVMe_SSDA Temp 
18:15:01.691,28.000000,NVMe_SSDA Temp 
18:15:02.191,28.000000,NVMe_SSDA Temp 
18:15:02.691,28.000000,NVMe_SSDA Temp 
18:15:03.191,28.000000,NVMe_SSDA Temp 
18:15:03.691,28.000000,NVMe_SSDA Temp 
18:15:04.191,28.000000,NVMe_SSDA Temp 
18:15:04.691,28.000000,NVMe_SSDA Temp 
18:15:05.191,28.000000,NVMe_SSDA Temp 
18:15:05.691,28.000000,NVMe_SSDA Temp 
18:15:06.191,28.000000,NVMe_SSDA Temp 
18:15:06.691,28.000000,NVMe_SSDA Temp 
18:15:07.191,28.000000,NVMe_SSDA Temp 
18:15:07.691,28.000000,NVMe_SSDA Temp 
18:15:08.191,28.000000,NVMe_SSDA Temp 
18:14:58.191,66.000000,NIC Temp
18:14:58.691,66.000000,NIC Temp
18:14:59.191,66.000000,NIC Temp
18:14:59.691,66.000000,NIC Temp
18:15:00.191,66.000000,NIC Temp
18:15:00.691,66.000000,NIC Temp
18:15:01.191,66.000000,NIC Temp
18:15:01.691,66.000000,NIC Temp
18:15:02.191,66.000000,NIC Temp
18:15:02.691,66.000000,NIC Temp
18:15:03.191,66.000000,NIC Temp
18:15:03.691,66.000000,NIC Temp
18:15:04.191,66.000000,NIC Temp
18:15:04.691,66.000000,NIC Temp
18:15:05.191,66.000000,NIC Temp
18:15:05.691,66.000000,NIC Temp
18:15:06.191,66.000000,NIC Temp
18:15:06.691,66.000000,NIC Temp
18:15:07.191,66.000000,NIC Temp
18:15:07.691,66.000000,NIC Temp
18:15:08.191,66.000000,NIC Temp
18:14:58.191,29.000000,CPU_VRM0 Temp
18:14:58.691,29.000000,CPU_VRM0 Temp
18:14:59.191,29.000000,CPU_VRM0 Temp
18:14:59.691,29.000000,CPU_VRM0 Temp
18:15:00.191,29.000000,CPU_VRM0 Temp
18:15:00.691,29.000000,CPU_VRM0 Temp
18:15:01.191,29.000000,CPU_VRM0 Temp
18:15:01.691,29.000000,CPU_VRM0 Temp
18:15:02.191,29.000000,CPU_VRM0 Temp
18:15:02.691,29.000000,CPU_VRM0 Temp
18:15:03.191,29.000000,CPU_VRM0 Temp
18:15:03.691,29.000000,CPU_VRM0 Temp
18:15:04.191,29.000000,CPU_VRM0 Temp
18:15:04.691,29.000000,CPU_VRM0 Temp
18:15:05.191,29.000000,CPU_VRM0 Temp
18:15:05.691,29.000000,CPU_VRM0 Temp
18:15:06.191,29.000000,CPU_VRM0 Temp
18:15:06.691,29.000000,CPU_VRM0 Temp
18:15:07.191,29.000000,CPU_VRM0 Temp
18:15:07.691,29.000000,CPU_VRM0 Temp
18:15:08.191,29.000000,CPU_VRM0 Temp
18:14:58.191,48.000000,CPU Temp
18:14:58.691,48.000000,CPU Temp
18:14:59.191,48.000000,CPU Temp
18:14:59.691,48.000000,CPU Temp
18:15:00.191,48.000000,CPU Temp
18:15:00.691,48.000000,CPU Temp
18:15:01.191,48.000000,CPU Temp
18:15:01.691,48.000000,CPU Temp
18:15:02.191,48.000000,CPU Temp
18:15:02.691,48.000000,CPU Temp
18:15:03.191,48.000000,CPU Temp
18:15:03.691,48.000000,CPU Temp
18:15:04.191,48.000000,CPU Temp
18:15:04.691,48.000000,CPU Temp
18:15:05.191,48.000000,CPU Temp
18:15:05.691,48.000000,CPU Temp
18:15:06.191,48.000000,CPU Temp
18:15:06.691,48.000000,CPU Temp
18:15:07.191,48.000000,CPU Temp
18:15:07.691,48.000000,CPU Temp
18:15:08.191,48.000000,CPU Temp
18:14:58.191,45.000000,CPU_VRM1 Temp
18:14:58.691,45.000000,CPU_VRM1 Temp
18:14:59.191,45.000000,CPU_VRM1 Temp
18:14:59.691,45.000000,CPU_VRM1 Temp
18:15:00.191,45.000000,CPU_VRM1 Temp
18:15:00.691,45.000000,CPU_VRM1 Temp
18:15:01.191,45.000000,CPU_VRM1 Temp
18:15:01.691,45.000000,CPU_VRM1 Temp
18:15:02.191,45.000000,CPU_VRM1 Temp
18:15:02.691,45.000000,CPU_VRM1 Temp
18:15:03.191,45.000000,CPU_VRM1 Temp
18:15:03.691,45.000000,CPU_VRM1 Temp
18:15:04.191,45.000000,CPU_VRM1 Temp
18:15:04.691,45.000000,CPU_VRM1 Temp
18:15:05.191,45.000000,CPU_VRM1 Temp
18:15:05.691,45.000000,CPU_VRM1 Temp
18:15:06.191,45.000000,CPU_VRM1 Temp
18:15:06.691,45.000000,CPU_VRM1 Temp
18:15:07.191,45.000000,CPU_VRM1 Temp
18:15:07.691,45.000000,CPU_VRM1 Temp
18:15:08.191,45.000000,CPU_VRM1 Temp
18:14:58.191,32.000000,SOC_VRM Temp
18:14:58.691,32.000000,SOC_VRM Temp
18:14:59.191,32.000000,SOC_VRM Temp
18:14:59.691,32.000000,SOC_VRM Temp
18:15:00.191,32.000000,SOC_VRM Temp
18:15:00.691,32.000000,SOC_VRM Temp
18:15:01.191,32.000000,SOC_VRM Temp
18:15:01.691,32.000000,SOC_VRM Temp
18:15:02.191,32.000000,SOC_VRM Temp
18:15:02.691,32.000000,SOC_VRM Temp
18:15:03.191,32.000000,SOC_VRM Temp
18:15:03.691,32.000000,SOC_VRM Temp
18:15:04.191,32.000000,SOC_VRM Temp
18:15:04.691,32.000000,SOC_VRM Temp
18:15:05.191,32.000000,SOC_VRM Temp
18:15:05.691,32.000000,SOC_VRM Temp
18:15:06.191,32.000000,SOC_VRM Temp
18:15:06.691,32.000000,SOC_VRM Temp
18:15:07.191,32.000000,SOC_VRM Temp
18:15:07.691,32.000000,SOC_VRM Temp
18:15:08.191,32.000000,SOC_VRM Temp
18:14:58.191,45.000000,VDDIO_VRM Temp
18:14:58.691,45.000000,VDDIO_VRM Temp
18:14:59.191,45.000000,VDDIO_VRM Temp
18:14:59.691,45.000000,VDDIO_VRM Temp
18:15:00.191,45.000000,VDDIO_VRM Temp
18:15:00.691,45.000000,VDDIO_VRM Temp
18:15:01.191,45.000000,VDDIO_VRM Temp
18:15:01.691,45.000000,VDDIO_VRM Temp
18:15:02.191,45.000000,VDDIO_VRM Temp
18:15:02.691,45.000000,VDDIO_VRM Temp
18:15:03.191,45.000000,VDDIO_VRM Temp
18:15:03.691,45.000000,VDDIO_VRM Temp
18:15:04.191,45.000000,VDDIO_VRM Temp
18:15:04.691,45.000000,VDDIO_VRM Temp
18:15:05.191,45.000000,VDDIO_VRM Temp
18:15:05.691,45.000000,VDDIO_VRM Temp
18:15:06.191,45.000000,VDDIO_VRM Temp
18:15:06.691,45.000000,VDDIO_VRM Temp
18:15:07.191,45.000000,VDDIO_VRM Temp
18:15:07.691,45.000000,VDDIO_VRM Temp
18:15:08.191,45.000000,VDDIO_VRM Temp
18:14:58.191,29.000000,DIMMA~C Temp
18:14:58.691,29.000000,DIMMA~C Temp
18:14:59.191,29.000000,DIMMA~C Temp
18:14:59.691,29.000000,DIMMA~C Temp
18:15:00.191,29.000000,DIMMA~C Temp
18:15:00.691,29.000000,DIMMA~C Temp
18:15:01.191,29.000000,DIMMA~C Temp
18:15:01.691,29.000000,DIMMA~C Temp
18:15:02.191,29.000000,DIMMA~C Temp
18:15:02.691,29.000000,DIMMA~C Temp
18:15:03.191,29.000000,DIMMA~C Temp
18:15:03.691,29.000000,DIMMA~C Temp
18:15:04.191,29.000000,DIMMA~C Temp
18:15:04.691,29.000000,DIMMA~C Temp
18:15:05.191,29.000000,DIMMA~C Temp
18:15:05.691,29.000000,DIMMA~C Temp
18:15:06.191,29.000000,DIMMA~C Temp
18:15:06.691,29.000000,DIMMA~C Temp
18:15:07.191,29.000000,DIMMA~C Temp
18:15:07.691,29.000000,DIMMA~C Temp
18:15:08.191,29.000000,DIMMA~C Temp
18:14:58.191,31.000000,DIMMD~F Temp
18:14:58.691,31.000000,DIMMD~F Temp
18:14:59.191,31.000000,DIMMD~F Temp
18:14:59.691,31.000000,DIMMD~F Temp
18:15:00.191,31.000000,DIMMD~F Temp
18:15:00.691,31.000000,DIMMD~F Temp
18:15:01.191,31.000000,DIMMD~F Temp
18:15:01.691,31.000000,DIMMD~F Temp
18:15:02.191,31.000000,DIMMD~F Temp
18:15:02.691,31.000000,DIMMD~F Temp
18:15:03.191,31.000000,DIMMD~F Temp
18:15:03.691,31.000000,DIMMD~F Temp
18:15:04.191,31.000000,DIMMD~F Temp
18:15:04.691,31.000000,DIMMD~F Temp
18:15:05.191,31.000000,DIMMD~F Temp
18:15:05.691,31.000000,DIMMD~F Temp
18:15:06.191,31.000000,DIMMD~F Temp
18:15:06.691,31.000000,DIMMD~F Temp
18:15:07.191,31.000000,DIMMD~F Temp
18:15:07.691,31.000000,DIMMD~F Temp
18:15:08.191,31.000000,DIMMD~F Temp
18:14:58.191,26.000000,Inlet Temp
18:14:58.691,26.000000,Inlet Temp
18:14:59.191,26.000000,Inlet Temp
18:14:59.691,26.000000,Inlet Temp
18:15:00.191,26.000000,Inlet Temp
18:15:00.691,26.000000,Inlet Temp
18:15:01.191,26.000000,Inlet Temp
18:15:01.691,26.000000,Inlet Temp
18:15:02.191,26.000000,Inlet Temp
18:15:02.691,26.000000,Inlet Temp
18:15:03.191,26.000000,Inlet Temp
18:15:03.691,26.000000,Inlet Temp
18:15:04.191,26.000000,Inlet Temp
18:15:04.691,26.000000,Inlet Temp
18:15:05.191,26.000000,Inlet Temp
18:15:05.691,26.000000,Inlet Temp
18:15:06.191,26.000000,Inlet Temp
18:15:06.691,26.000000,Inlet Temp
18:15:07.191,26.000000,Inlet Temp
18:15:07.691,26.000000,Inlet Temp
18:15:08.191,26.000000,Inlet Temp
18:14:58.192,22.000000,System Temp
18:14:58.692,22.000000,System Temp
18:14:59.192,22.000000,System Temp
18:14:59.692,22.000000,System Temp
18:15:00.192,22.000000,System Temp
18:15:00.692,22.000000,System Temp
18:15:01.192,22.000000,System Temp
18:15:01.692,22.000000,System Temp
18:15:02.192,22.000000,System Temp
18:15:02.692,22.000000,System Temp
18:15:03.192,22.000000,System Temp
18:15:03.692,22.000000,System Temp
18:15:04.192,22.000000,System Temp
18:15:04.692,22.000000,System Temp
18:15:05.192,22.000000,System Temp
18:15:05.692,22.000000,System Temp
18:15:06.192,22.000000,System Temp
18:15:06.692,22.000000,System Temp
18:15:07.192,22.000000,System Temp
18:15:07.692,22.000000,System Temp
18:15:08.192,22.000000,System Temp
18:15:08.692,22.000000,System Temp
18:14:58.192,39.000000,Peripheral Temp
18:14:58.692,39.000000,Peripheral Temp
18:14:59.192,39.000000,Peripheral Temp
18:14:59.692,39.000000,Peripheral Temp
18:15:00.192,39.000000,Peripheral Temp
18:15:00.692,39.000000,Peripheral Temp
18:15:01.192,39.000000,Peripheral Temp
18:15:01.692,39.000000,Peripheral Temp
18:15:02.192,39.000000,Peripheral Temp
18:15:02.692,39.000000,Peripheral Temp
18:15:03.192,39.000000,Peripheral Temp
18:15:03.692,39.000000,Peripheral Temp
18:15:04.192,39.000000,Peripheral Temp
18:15:04.692,39.000000,Peripheral Temp
18:15:05.192,39.000000,Peripheral Temp
18:15:05.692,39.000000,Peripheral Temp
18:15:06.192,39.000000,Peripheral Temp
18:15:06.692,39.000000,Peripheral Temp
18:15:07.192,39.000000,Peripheral Temp
18:15:07.692,39.000000,Peripheral Temp
18:15:08.192,39.000000,Peripheral Temp
18:15:08.692,39.000000,Peripheral Temp
18:14:58.192,50.000000,AOC_NIC2 Temp
18:14:58.692,50.000000,AOC_NIC2 Temp
18:14:59.192,50.000000,AOC_NIC2 Temp
18:14:59.692,50.000000,AOC_NIC2 Temp
18:15:00.192,50.000000,AOC_NIC2 Temp
18:15:00.692,50.000000,AOC_NIC2 Temp
18:15:01.192,50.000000,AOC_NIC2 Temp
18:15:01.692,50.000000,AOC_NIC2 Temp
18:15:02.192,50.000000,AOC_NIC2 Temp
18:15:02.692,50.000000,AOC_NIC2 Temp
18:15:03.192,50.000000,AOC_NIC2 Temp
18:15:03.692,50.000000,AOC_NIC2 Temp
18:15:04.192,50.000000,AOC_NIC2 Temp
18:15:04.692,50.000000,AOC_NIC2 Temp
18:15:05.192,50.000000,AOC_NIC2 Temp
18:15:05.692,50.000000,AOC_NIC2 Temp
18:15:06.192,50.000000,AOC_NIC2 Temp
18:15:06.692,50.000000,AOC_NIC2 Temp
18:15:07.192,50.000000,AOC_NIC2 Temp
18:15:07.692,50.000000,AOC_NIC2 Temp
18:15:08.192,50.000000,AOC_NIC2 Temp
18:15:08.692,50.000000,AOC_NIC2 Temp
18:14:58.192,28.000000,NVMe_SSDA Temp 
18:14:58.692,28.000000,NVMe_SSDA Temp 
18:14:59.192,28.000000,NVMe_SSDA Temp 
18:14:59.692,28.000000,NVMe_SSDA Temp 
18:15:00.192,28.000000,NVMe_SSDA Temp 
18:15:00.692,28.000000,NVMe_SSDA Temp 
18:15:01.192,28.000000,NVMe_SSDA Temp 
18:15:01.692,28.000000,NVMe_SSDA Temp 
18:15:02.192,28.000000,NVMe_SSDA Temp 
18:15:02.692,28.000000,NVMe_SSDA Temp 
18:15:03.192,28.000000,NVMe_SSDA Temp 
18:15:03.692,28.000000,NVMe_SSDA Temp 
18:15:04.192,28.000000,NVMe_SSDA Temp 
18:15:04.692,28.000000,NVMe_SSDA Temp 
18:15:05.192,28.000000,NVMe_SSDA Temp 
18:15:05.692,28.000000,NVMe_SSDA Temp 
18:15:06.192,28.000000,NVMe_SSDA Temp 
18:15:06.692,28.000000,NVMe_SSDA Temp 
18:15:07.192,28.000000,NVMe_SSDA Temp 
18:15:07.692,28.000000,NVMe_SSDA Temp 
18:15:08.192,28.000000,NVMe_SSDA Temp 
18:15:08.692,28.000000,NVMe_SSDA Temp 
18:14:58.192,66.000000,NIC Temp
18:14:58.692,66.000000,NIC Temp
18:14:59.192,66.000000,NIC Temp
18:14:59.692,66.000000,NIC Temp
18:15:00.192,66.000000,NIC Temp
18:15:00.692,66.000000,NIC Temp
18:15:01.192,66.000000,NIC Temp
18:15:01.692,66.000000,NIC Temp
18:15:02.192,66.000000,NIC Temp
18:15:02.692,66.000000,NIC Temp
18:15:03.192,66.000000,NIC Temp
18:15:03.692,66.000000,NIC Temp
18:15:04.192,66.000000,NIC Temp
18:15:04.692,66.000000,NIC Temp
18:15:05.192,66.000000,NIC Temp
18:15:05.692,66.000000,NIC Temp
18:15:06.192,66.000000,NIC Temp
18:15:06.692,66.000000,NIC Temp
18:15:07.192,66.000000,NIC Temp
18:15:07.692,66.000000,NIC Temp
18:15:08.192,66.000000,NIC Temp
18:15:08.692,66.000000,NIC Temp
18:14:58.192,29.000000,CPU_VRM0 Temp
18:14:58.692,29.000000,CPU_VRM0 Temp
18:14:59.192,29.000000,CPU_VRM0 Temp
18:14:59.692,29.000000,CPU_VRM0 Temp
18:15:00.192,29.000000,CPU_VRM0 Temp
18:15:00.692,29.000000,CPU_VRM0 Temp
18:15:01.192,29.000000,CPU_VRM0 Temp
18:15:01.692,29.000000,CPU_VRM0 Temp
18:15:02.192,29.000000,CPU_VRM0 Temp
18:15:02.692,29.000000,CPU_VRM0 Temp
18:15:03.192,29.000000,CPU_VRM0 Temp
18:15:03.692,29.000000,CPU_VRM0 Temp
18:15:04.192,29.000000,CPU_VRM0 Temp
18:15:04.692,29.000000,CPU_VRM0 Temp
18:15:05.192,29.000000,CPU_VRM0 Temp
18:15:05.692,29.000000,CPU_VRM0 Temp
18:15:06.192,29.000000,CPU_VRM0 Temp
18:15:06.692,29.000000,CPU_VRM0 Temp
18:15:07.192,29.000000,CPU_VRM0 Temp
18:15:07.692,29.000000,CPU_VRM0 Temp
18:15:08.192,29.000000,CPU_VRM0 Temp
18:15:08.692,29.000000,CPU_VRM0 Temp
18:14:58.192,48.000000,CPU Temp
18:14:58.692,48.000000,CPU Temp
18:14:59.192,48.000000,CPU Temp
18:14:59.692,48.000000,CPU Temp
18:15:00.192,48.000000,CPU Temp
18:15:00.692,48.000000,CPU Temp
18:15:01.192,48.000000,CPU Temp
18:15:01.692,48.000000,CPU Temp
18:15:02.192,48.000000,CPU Temp
18:15:02.692,48.000000,CPU Temp
18:15:03.192,48.000000,CPU Temp
18:15:03.692,48.000000,CPU Temp
18:15:04.192,48.000000,CPU Temp
18:15:04.692,48.000000,CPU Temp
18:15:05.192,48.000000,CPU Temp
18:15:05.692,48.000000,CPU Temp
18:15:06.192,48.000000,CPU Temp
18:15:06.692,48.000000,CPU Temp
18:15:07.192,48.000000,CPU Temp
18:15:07.692,48.000000,CPU Temp
18:15:08.192,48.000000,CPU Temp
18:15:08.692,48.000000,CPU Temp
18:14:58.192,45.000000,CPU_VRM1 Temp
18:14:58.692,45.000000,CPU_VRM1 Temp
18:14:59.192,45.000000,CPU_VRM1 Temp
18:14:59.692,45.000000,CPU_VRM1 Temp
18:15:00.192,45.000000,CPU_VRM1 Temp
18:15:00.692,45.000000,CPU_VRM1 Temp
18:15:01.192,45.000000,CPU_VRM1 Temp
18:15:01.692,45.000000,CPU_VRM1 Temp
18:15:02.192,45.000000,CPU_VRM1 Temp
18:15:02.692,45.000000,CPU_VRM1 Temp
18:15:03.192,45.000000,CPU_VRM1 Temp
18:15:03.692,45.000000,CPU_VRM1 Temp
18:15:04.192,45.000000,CPU_VRM1 Temp
18:15:04.692,45.000000,CPU_VRM1 Temp
18:15:05.192,45.000000,CPU_VRM1 Temp
18:15:05.692,45.000000,CPU_VRM1 Temp
18:15:06.192,45.000000,CPU_VRM1 Temp
18:15:06.692,45.000000,CPU_VRM1 Temp
18:15:07.192,45.000000,CPU_VRM1 Temp
18:15:07.692,45.000000,CPU_VRM1 Temp
18:15:08.192,45.000000,CPU_VRM1 Temp
18:15:08.692,45.000000,CPU_VRM1 Temp
18:14:58.192,32.000000,SOC_VRM Temp
18:14:58.692,32.000000,SOC_VRM Temp
18:14:59.192,32.000000,SOC_VRM Temp
18:14:59.692,32.000000,SOC_VRM Temp
18:15:00.192,32.000000,SOC_VRM Temp
18:15:00.692,32.000000,SOC_VRM Temp
18:15:01.192,32.000000,SOC_VRM Temp
18:15:01.692,32.000000,SOC_VRM Temp
18:15:02.192,32.000000,SOC_VRM Temp
18:15:02.692,32.000000,SOC_VRM Temp
18:15:03.192,32.000000,SOC_VRM Temp
18:15:03.692,32.000000,SOC_VRM Temp
18:15:04.192,32.000000,SOC_VRM Temp
18:15:04.692,32.000000,SOC_VRM Temp
18:15:05.192,32.000000,SOC_VRM Temp
18:15:05.692,32.000000,SOC_VRM Temp
18:15:06.192,32.000000,SOC_VRM Temp
18:15:06.692,32.000000,SOC_VRM Temp
18:15:07.192,32.000000,SOC_VRM Temp
18:15:07.692,32.000000,SOC_VRM Temp
18:15:08.192,32.000000,SOC_VRM Temp
18:15:08.692,32.000000,SOC_VRM Temp
18:14:58.192,45.000000,VDDIO_VRM Temp
18:14:58.692,45.000000,VDDIO_VRM Temp
18:14:59.192,45.000000,VDDIO_VRM Temp
18:14:59.692,45.000000,VDDIO_VRM Temp
18:15:00.192,45.000000,VDDIO_VRM Temp
18:15:00.692,45.000000,VDDIO_VRM Temp
18:15:01.192,45.000000,VDDIO_VRM Temp
18:15:01.692,45.000000,VDDIO_VRM Temp
18:15:02.192,45.000000,VDDIO_VRM Temp
18:15:02.692,45.000000,VDDIO_VRM Temp
18:15:03.192,45.000000,VDDIO_VRM Temp
18:15:03.692,45.000000,VDDIO_VRM Temp
18:15:04.192,45.000000,VDDIO_VRM Temp
18:15:04.692,45.000000,VDDIO_VRM Temp
18:15:05.192,45.000000,VDDIO_VRM Temp
18:15:05.692,45.000000,VDDIO_VRM Temp
18:15:06.192,45.000000,VDDIO_VRM Temp
18:15:06.692,45.000000,VDDIO_VRM Temp
18:15:07.192,45.000000,VDDIO_VRM Temp
18:15:07.692,45.000000,VDDIO_VRM Temp
18:15:08.192,45.000000,VDDIO_VRM Temp
18:15:08.692,45.000000,VDDIO_VRM Temp
18:14:58.192,29.000000,DIMMA~C Temp
18:14:58.692,29.000000,DIMMA~C Temp
18:14:59.192,29.000000,DIMMA~C Temp
18:14:59.692,29.000000,DIMMA~C Temp
18:15:00.192,29.000000,DIMMA~C Temp
18:15:00.692,29.000000,DIMMA~C Temp
18:15:01.192,29.000000,DIMMA~C Temp
18:15:01.692,29.000000,DIMMA~C Temp
18:15:02.192,29.000000,DIMMA~C Temp
18:15:02.692,29.000000,DIMMA~C Temp
18:15:03.192,29.000000,DIMMA~C Temp
18:15:03.692,29.000000,DIMMA~C Temp
18:15:04.192,29.000000,DIMMA~C Temp
18:15:04.692,29.000000,DIMMA~C Temp
18:15:05.192,29.000000,DIMMA~C Temp
18:15:05.692,29.000000,DIMMA~C Temp
18:15:06.192,29.000000,DIMMA~C Temp
18:15:06.692,29.000000,DIMMA~C Temp
18:15:07.192,29.000000,DIMMA~C Temp
18:15:07.692,29.000000,DIMMA~C Temp
18:15:08.192,29.000000,DIMMA~C Temp
18:15:08.692,29.000000,DIMMA~C Temp
18:14:58.192,31.000000,DIMMD~F Temp
18:14:58.692,31.000000,DIMMD~F Temp
18:14:59.192,31.000000,DIMMD~F Temp
18:14:59.692,31.000000,DIMMD~F Temp
18:15:00.192,31.000000,DIMMD~F Temp
18:15:00.692,31.000000,DIMMD~F Temp
18:15:01.192,31.000000,DIMMD~F Temp
18:15:01.692,31.000000,DIMMD~F Temp
18:15:02.192,31.000000,DIMMD~F Temp
18:15:02.692,31.000000,DIMMD~F Temp
18:15:03.192,31.000000,DIMMD~F Temp
18:15:03.692,31.000000,DIMMD~F Temp
18:15:04.192,31.000000,DIMMD~F Temp
18:15:04.692,31.000000,DIMMD~F Temp
18:15:05.192,31.000000,DIMMD~F Temp
18:15:05.692,31.000000,DIMMD~F Temp
18:15:06.192,31.000000,DIMMD~F Temp
18:15:06.692,31.000000,DIMMD~F Temp
18:15:07.192,31.000000,DIMMD~F Temp
18:15:07.692,31.000000,DIMMD~F Temp
18:15:08.192,31.000000,DIMMD~F Temp
18:15:08.692,31.000000,DIMMD~F Temp
18:14:58.192,26.000000,Inlet Temp
18:14:58.692,26.000000,Inlet Temp
18:14:59.192,26.000000,Inlet Temp
18:14:59.692,26.000000,Inlet Temp
18:15:00.192,26.000000,Inlet Temp
18:15:00.692,26.000000,Inlet Temp
18:15:01.192,26.000000,Inlet Temp
18:15:01.692,26.000000,Inlet Temp
18:15:02.192,26.000000,Inlet Temp
18:15:02.692,26.000000,Inlet Temp
18:15:03.192,26.000000,Inlet Temp
18:15:03.692,26.000000,Inlet Temp
18:15:04.192,26.000000,Inlet Temp
18:15:04.692,26.000000,Inlet Temp
18:15:05.192,26.000000,Inlet Temp
18:15:05.692,26.000000,Inlet Temp
18:15:06.192,26.000000,Inlet Temp
18:15:06.692,26.000000,Inlet Temp
18:15:07.192,26.000000,Inlet Temp
18:15:07.692,26.000000,Inlet Temp
18:15:08.192,26.000000,Inlet Temp
18:15:08.692,26.000000,Inlet Temp
18:14:58.192,22.000000,System Temp
18:14:58.692,22.000000,System Temp
18:14:59.192,22.000000,System Temp
18:14:59.692,22.000000,System Temp
18:15:00.192,22.000000,System Temp
18:15:00.692,22.000000,System Temp
18:15:01.192,22.000000,System Temp
18:15:01.692,22.000000,System Temp
18:15:02.192,22.000000,System Temp
18:15:02.692,22.000000,System Temp
18:15:03.192,22.000000,System Temp
18:15:03.692,22.000000,System Temp
18:15:04.192,22.000000,System Temp
18:15:04.692,22.000000,System Temp
18:15:05.192,22.000000,System Temp
18:15:05.692,22.000000,System Temp
18:15:06.192,22.000000,System Temp
18:15:06.692,22.000000,System Temp
18:15:07.192,22.000000,System Temp
18:15:07.692,22.000000,System Temp
18:15:08.192,22.000000,System Temp
18:15:08.692,22.000000,System Temp
18:15:09.192,22.000000,System Temp
18:14:58.192,39.000000,Peripheral Temp
18:14:58.692,39.000000,Peripheral Temp
18:14:59.192,39.000000,Peripheral Temp
18:14:59.692,39.000000,Peripheral Temp
18:15:00.192,39.000000,Peripheral Temp
18:15:00.692,39.000000,Peripheral Temp
18:15:01.192,39.000000,Peripheral Temp
18:15:01.692,39.000000,Peripheral Temp
18:15:02.192,39.000000,Peripheral Temp
18:15:02.692,39.000000,Peripheral Temp
18:15:03.192,39.000000,Peripheral Temp
18:15:03.692,39.000000,Peripheral Temp
18:15:04.192,39.000000,Peripheral Temp
18:15:04.692,39.000000,Peripheral Temp
18:15:05.192,39.000000,Peripheral Temp
18:15:05.692,39.000000,Peripheral Temp
18:15:06.192,39.000000,Peripheral Temp
18:15:06.692,39.000000,Peripheral Temp
18:15:07.192,39.000000,Peripheral Temp
18:15:07.692,39.000000,Peripheral Temp
18:15:08.192,39.000000,Peripheral Temp
18:15:08.692,39.000000,Peripheral Temp
18:15:09.192,39.000000,Peripheral Temp
18:14:58.192,50.000000,AOC_NIC2 Temp
18:14:58.692,50.000000,AOC_NIC2 Temp
18:14:59.192,50.000000,AOC_NIC2 Temp
18:14:59.692,50.000000,AOC_NIC2 Temp
18:15:00.192,50.000000,AOC_NIC2 Temp
18:15:00.692,50.000000,AOC_NIC2 Temp
18:15:01.192,50.000000,AOC_NIC2 Temp
18:15:01.692,50.000000,AOC_NIC2 Temp
18:15:02.192,50.000000,AOC_NIC2 Temp
18:15:02.692,50.000000,AOC_NIC2 Temp
18:15:03.192,50.000000,AOC_NIC2 Temp
18:15:03.692,50.000000,AOC_NIC2 Temp
18:15:04.192,50.000000,AOC_NIC2 Temp
18:15:04.692,50.000000,AOC_NIC2 Temp
18:15:05.192,50.000000,AOC_NIC2 Temp
18:15:05.692,50.000000,AOC_NIC2 Temp
18:15:06.192,50.000000,AOC_NIC2 Temp
18:15:06.692,50.000000,AOC_NIC2 Temp
18:15:07.192,50.000000,AOC_NIC2 Temp
18:15:07.692,50.000000,AOC_NIC2 Temp
18:15:08.192,50.000000,AOC_NIC2 Temp
18:15:08.692,50.000000,AOC_NIC2 Temp
18:15:09.192,50.000000,AOC_NIC2 Temp
18:14:58.192,28.000000,NVMe_SSDA Temp 
18:14:58.692,28.000000,NVMe_SSDA Temp 
18:14:59.192,28.000000,NVMe_SSDA Temp 
18:14:59.692,28.000000,NVMe_SSDA Temp 
18:15:00.192,28.000000,NVMe_SSDA Temp 
18:15:00.692,28.000000,NVMe_SSDA Temp 
18:15:01.192,28.000000,NVMe_SSDA Temp 
18:15:01.692,28.000000,NVMe_SSDA Temp 
18:15:02.192,28.000000,NVMe_SSDA Temp 
18:15:02.692,28.000000,NVMe_SSDA Temp 
18:15:03.192,28.000000,NVMe_SSDA Temp 
18:15:03.692,28.000000,NVMe_SSDA Temp 
18:15:04.192,28.000000,NVMe_SSDA Temp 
18:15:04.692,28.000000,NVMe_SSDA Temp 
18:15:05.192,28.000000,NVMe_SSDA Temp 
18:15:05.692,28.000000,NVMe_SSDA Temp 
18:15:06.192,28.000000,NVMe_SSDA Temp 
18:15:06.692,28.000000,NVMe_SSDA Temp 
18:15:07.192,28.000000,NVMe_SSDA Temp 
18:15:07.692,28.000000,NVMe_SSDA Temp 
18:15:08.192,28.000000,NVMe_SSDA Temp 
18:15:08.692,28.000000,NVMe_SSDA Temp 
18:15:09.192,28.000000,NVMe_SSDA Temp 
18:14:58.192,66.000000,NIC Temp
18:14:58.692,66.000000,NIC Temp
18:14:59.192,66.000000,NIC Temp
18:14:59.692,66.000000,NIC Temp
18:15:00.192,66.000000,NIC Temp
18:15:00.692,66.000000,NIC Temp
18:15:01.192,66.000000,NIC Temp
18:15:01.692,66.000000,NIC Temp
18:15:02.192,66.000000,NIC Temp
18:15:02.692,66.000000,NIC Temp
18:15:03.192,66.000000,NIC Temp
18:15:03.692,66.000000,NIC Temp
18:15:04.192,66.000000,NIC Temp
18:15:04.692,66.000000,NIC Temp
18:15:05.192,66.000000,NIC Temp
18:15:05.692,66.000000,NIC Temp
18:15:06.192,66.000000,NIC Temp
18:15:06.692,66.000000,NIC Temp
18:15:07.192,66.000000,NIC Temp
18:15:07.692,66.000000,NIC Temp
18:15:08.192,66.000000,NIC Temp
18:15:08.692,66.000000,NIC Temp
18:15:09.192,66.000000,NIC Temp
18:14:58.192,29.000000,CPU_VRM0 Temp
18:14:58.692,29.000000,CPU_VRM0 Temp
18:14:59.192,29.000000,CPU_VRM0 Temp
18:14:59.692,29.000000,CPU_VRM0 Temp
18:15:00.192,29.000000,CPU_VRM0 Temp
18:15:00.692,29.000000,CPU_VRM0 Temp
18:15:01.192,29.000000,CPU_VRM0 Temp
18:15:01.692,29.000000,CPU_VRM0 Temp
18:15:02.192,29.000000,CPU_VRM0 Temp
18:15:02.692,29.000000,CPU_VRM0 Temp
18:15:03.192,29.000000,CPU_VRM0 Temp
18:15:03.692,29.000000,CPU_VRM0 Temp
18:15:04.192,29.000000,CPU_VRM0 Temp
18:15:04.692,29.000000,CPU_VRM0 Temp
18:15:05.192,29.000000,CPU_VRM0 Temp
18:15:05.692,29.000000,CPU_VRM0 Temp
18:15:06.192,29.000000,CPU_VRM0 Temp
18:15:06.692,29.000000,CPU_VRM0 Temp
18:15:07.192,29.000000,CPU_VRM0 Temp
18:15:07.692,29.000000,CPU_VRM0 Temp
18:15:08.192,29.000000,CPU_VRM0 Temp
18:15:08.692,29.000000,CPU_VRM0 Temp
18:15:09.192,29.000000,CPU_VRM0 Temp
18:14:58.192,48.000000,CPU Temp
18:14:58.692,48.000000,CPU Temp
18:14:59.192,48.000000,CPU Temp
18:14:59.692,48.000000,CPU Temp
18:15:00.192,48.000000,CPU Temp
18:15:00.692,48.000000,CPU Temp
18:15:01.192,48.000000,CPU Temp
18:15:01.692,48.000000,CPU Temp
18:15:02.192,48.000000,CPU Temp
18:15:02.692,48.000000,CPU Temp
18:15:03.192,48.000000,CPU Temp
18:15:03.692,48.000000,CPU Temp
18:15:04.192,48.000000,CPU Temp
18:15:04.692,48.000000,CPU Temp
18:15:05.192,48.000000,CPU Temp
18:15:05.692,48.000000,CPU Temp
18:15:06.192,48.000000,CPU Temp
18:15:06.692,48.000000,CPU Temp
18:15:07.192,48.000000,CPU Temp
18:15:07.692,48.000000,CPU Temp
18:15:08.192,48.000000,CPU Temp
18:15:08.692,48.000000,CPU Temp
18:15:09.192,48.000000,CPU Temp
18:14:58.192,45.000000,CPU_VRM1 Temp
18:14:58.692,45.000000,CPU_VRM1 Temp
18:14:59.192,45.000000,CPU_VRM1 Temp
18:14:59.692,45.000000,CPU_VRM1 Temp
18:15:00.192,45.000000,CPU_VRM1 Temp
18:15:00.692,45.000000,CPU_VRM1 Temp
18:15:01.192,45.000000,CPU_VRM1 Temp
18:15:01.692,45.000000,CPU_VRM1 Temp
18:15:02.192,45.000000,CPU_VRM1 Temp
18:15:02.692,45.000000,CPU_VRM1 Temp
18:15:03.192,45.000000,CPU_VRM1 Temp
18:15:03.692,45.000000,CPU_VRM1 Temp
18:15:04.192,45.000000,CPU_VRM1 Temp
18:15:04.692,45.000000,CPU_VRM1 Temp
18:15:05.192,45.000000,CPU_VRM1 Temp
18:15:05.692,45.000000,CPU_VRM1 Temp
18:15:06.192,45.000000,CPU_VRM1 Temp
18:15:06.692,45.000000,CPU_VRM1 Temp
18:15:07.192,45.000000,CPU_VRM1 Temp
18:15:07.692,45.000000,CPU_VRM1 Temp
18:15:08.192,45.000000,CPU_VRM1 Temp
18:15:08.692,45.000000,CPU_VRM1 Temp
18:15:09.192,45.000000,CPU_VRM1 Temp
18:14:58.192,32.000000,SOC_VRM Temp
18:14:58.692,32.000000,SOC_VRM Temp
18:14:59.192,32.000000,SOC_VRM Temp
18:14:59.692,32.000000,SOC_VRM Temp
18:15:00.192,32.000000,SOC_VRM Temp
18:15:00.692,32.000000,SOC_VRM Temp
18:15:01.192,32.000000,SOC_VRM Temp
18:15:01.692,32.000000,SOC_VRM Temp
18:15:02.192,32.000000,SOC_VRM Temp
18:15:02.692,32.000000,SOC_VRM Temp
18:15:03.192,32.000000,SOC_VRM Temp
18:15:03.692,32.000000,SOC_VRM Temp
18:15:04.192,32.000000,SOC_VRM Temp
18:15:04.692,32.000000,SOC_VRM Temp
18:15:05.192,32.000000,SOC_VRM Temp
18:15:05.692,32.000000,SOC_VRM Temp
18:15:06.192,32.000000,SOC_VRM Temp
18:15:06.692,32.000000,SOC_VRM Temp
18:15:07.192,32.000000,SOC_VRM Temp
18:15:07.692,32.000000,SOC_VRM Temp
18:15:08.192,32.000000,SOC_VRM Temp
18:15:08.692,32.000000,SOC_VRM Temp
18:15:09.192,32.000000,SOC_VRM Temp
18:14:58.192,45.000000,VDDIO_VRM Temp
18:14:58.692,45.000000,VDDIO_VRM Temp
18:14:59.192,45.000000,VDDIO_VRM Temp
18:14:59.692,45.000000,VDDIO_VRM Temp
18:15:00.192,45.000000,VDDIO_VRM Temp
18:15:00.692,45.000000,VDDIO_VRM Temp
18:15:01.192,45.000000,VDDIO_VRM Temp
18:15:01.692,45.000000,VDDIO_VRM Temp
18:15:02.192,45.000000,VDDIO_VRM Temp
18:15:02.692,45.000000,VDDIO_VRM Temp
18:15:03.192,45.000000,VDDIO_VRM Temp
18:15:03.692,45.000000,VDDIO_VRM Temp
18:15:04.192,45.000000,VDDIO_VRM Temp
18:15:04.692,45.000000,VDDIO_VRM Temp
18:15:05.192,45.000000,VDDIO_VRM Temp
18:15:05.692,45.000000,VDDIO_VRM Temp
18:15:06.192,45.000000,VDDIO_VRM Temp
18:15:06.692,45.000000,VDDIO_VRM Temp
18:15:07.192,45.000000,VDDIO_VRM Temp
18:15:07.692,45.000000,VDDIO_VRM Temp
18:15:08.192,45.000000,VDDIO_VRM Temp
18:15:08.692,45.000000,VDDIO_VRM Temp
18:15:09.192,45.000000,VDDIO_VRM Temp
18:14:58.192,29.000000,DIMMA~C Temp
18:14:58.692,29.000000,DIMMA~C Temp
18:14:59.192,29.000000,DIMMA~C Temp
18:14:59.692,29.000000,DIMMA~C Temp
18:15:00.192,29.000000,DIMMA~C Temp
18:15:00.692,29.000000,DIMMA~C Temp
18:15:01.192,29.000000,DIMMA~C Temp
18:15:01.692,29.000000,DIMMA~C Temp
18:15:02.192,29.000000,DIMMA~C Temp
18:15:02.692,29.000000,DIMMA~C Temp
18:15:03.192,29.000000,DIMMA~C Temp
18:15:03.692,29.000000,DIMMA~C Temp
18:15:04.192,29.000000,DIMMA~C Temp
18:15:04.692,29.000000,DIMMA~C Temp
18:15:05.192,29.000000,DIMMA~C Temp
18:15:05.692,29.000000,DIMMA~C Temp
18:15:06.192,29.000000,DIMMA~C Temp
18:15:06.692,29.000000,DIMMA~C Temp
18:15:07.192,29.000000,DIMMA~C Temp
18:15:07.692,29.000000,DIMMA~C Temp
18:15:08.192,29.000000,DIMMA~C Temp
18:15:08.692,29.000000,DIMMA~C Temp
18:15:09.192,29.000000,DIMMA~C Temp
18:14:58.192,31.000000,DIMMD~F Temp
18:14:58.692,31.000000,DIMMD~F Temp
18:14:59.192,31.000000,DIMMD~F Temp
18:14:59.692,31.000000,DIMMD~F Temp
18:15:00.192,31.000000,DIMMD~F Temp
18:15:00.692,31.000000,DIMMD~F Temp
18:15:01.192,31.000000,DIMMD~F Temp
18:15:01.692,31.000000,DIMMD~F Temp
18:15:02.192,31.000000,DIMMD~F Temp
18:15:02.692,31.000000,DIMMD~F Temp
18:15:03.192,31.000000,DIMMD~F Temp
18:15:03.692,31.000000,DIMMD~F Temp
18:15:04.192,31.000000,DIMMD~F Temp
18:15:04.692,31.000000,DIMMD~F Temp
18:15:05.192,31.000000,DIMMD~F Temp
18:15:05.692,31.000000,DIMMD~F Temp
18:15:06.192,31.000000,DIMMD~F Temp
18:15:06.692,31.000000,DIMMD~F Temp
18:15:07.192,31.000000,DIMMD~F Temp
18:15:07.692,31.000000,DIMMD~F Temp
18:15:08.192,31.000000,DIMMD~F Temp
18:15:08.692,31.000000,DIMMD~F Temp
18:15:09.192,31.000000,DIMMD~F Temp
18:14:58.192,26.000000,Inlet Temp
18:14:58.692,26.000000,Inlet Temp
18:14:59.192,26.000000,Inlet Temp
18:14:59.692,26.000000,Inlet Temp
18:15:00.192,26.000000,Inlet Temp
18:15:00.692,26.000000,Inlet Temp
18:15:01.192,26.000000,Inlet Temp
18:15:01.692,26.000000,Inlet Temp
18:15:02.192,26.000000,Inlet Temp
18:15:02.692,26.000000,Inlet Temp
18:15:03.192,26.000000,Inlet Temp
18:15:03.692,26.000000,Inlet Temp
18:15:04.192,26.000000,Inlet Temp
18:15:04.692,26.000000,Inlet Temp
18:15:05.192,26.000000,Inlet Temp
18:15:05.692,26.000000,Inlet Temp
18:15:06.192,26.000000,Inlet Temp
18:15:06.692,26.000000,Inlet Temp
18:15:07.192,26.000000,Inlet Temp
18:15:07.692,26.000000,Inlet Temp
18:15:08.192,26.000000,Inlet Temp
18:15:08.692,26.000000,Inlet Temp
18:15:09.192,26.000000,Inlet Temp
18:14:58.192,22.000000,System Temp
18:14:58.692,22.000000,System Temp
18:14:59.192,22.000000,System Temp
18:14:59.692,22.000000,System Temp
18:15:00.192,22.000000,System Temp
18:15:00.692,22.000000,System Temp
18:15:01.192,22.000000,System Temp
18:15:01.692,22.000000,System Temp
18:15:02.192,22.000000,System Temp
18:15:02.692,22.000000,System Temp
18:15:03.192,22.000000,System Temp
18:15:03.692,22.000000,System Temp
18:15:04.192,22.000000,System Temp
18:15:04.692,22.000000,System Temp
18:15:05.192,22.000000,System Temp
18:15:05.692,22.000000,System Temp
18:15:06.192,22.000000,System Temp
18:15:06.692,22.000000,System Temp
18:15:07.192,22.000000,System Temp
18:15:07.692,22.000000,System Temp
18:15:08.192,22.000000,System Temp
18:15:08.692,22.000000,System Temp
18:15:09.192,22.000000,System Temp
18:15:09.692,22.000000,System Temp
18:15:10.192,22.000000,System Temp
18:15:10.692,22.000000,System Temp
18:15:11.192,22.000000,System Temp
18:15:11.692,22.000000,System Temp
18:15:12.192,22.000000,System Temp
18:15:12.692,22.000000,System Temp
18:15:13.192,22.000000,System Temp
18:14:58.192,39.000000,Peripheral Temp
18:14:58.692,39.000000,Peripheral Temp
18:14:59.192,39.000000,Peripheral Temp
18:14:59.692,39.000000,Peripheral Temp
18:15:00.192,39.000000,Peripheral Temp
18:15:00.692,39.000000,Peripheral Temp
18:15:01.192,39.000000,Peripheral Temp
18:15:01.692,39.000000,Peripheral Temp
18:15:02.192,39.000000,Peripheral Temp
18:15:02.692,39.000000,Peripheral Temp
18:15:03.192,39.000000,Peripheral Temp
18:15:03.692,39.000000,Peripheral Temp
18:15:04.192,39.000000,Peripheral Temp
18:15:04.692,39.000000,Peripheral Temp
18:15:05.192,39.000000,Peripheral Temp
18:15:05.692,39.000000,Peripheral Temp
18:15:06.192,39.000000,Peripheral Temp
18:15:06.692,39.000000,Peripheral Temp
18:15:07.192,39.000000,Peripheral Temp
18:15:07.692,39.000000,Peripheral Temp
18:15:08.192,39.000000,Peripheral Temp
18:15:08.692,39.000000,Peripheral Temp
18:15:09.192,39.000000,Peripheral Temp
18:15:09.692,39.000000,Peripheral Temp
18:15:10.192,39.000000,Peripheral Temp
18:15:10.692,39.000000,Peripheral Temp
18:15:11.192,39.000000,Peripheral Temp
18:15:11.692,39.000000,Peripheral Temp
18:15:12.192,39.000000,Peripheral Temp
18:15:12.692,39.000000,Peripheral Temp
18:15:13.192,39.000000,Peripheral Temp
18:14:58.192,50.000000,AOC_NIC2 Temp
18:14:58.692,50.000000,AOC_NIC2 Temp
18:14:59.192,50.000000,AOC_NIC2 Temp
18:14:59.692,50.000000,AOC_NIC2 Temp
18:15:00.192,50.000000,AOC_NIC2 Temp
18:15:00.692,50.000000,AOC_NIC2 Temp
18:15:01.192,50.000000,AOC_NIC2 Temp
18:15:01.692,50.000000,AOC_NIC2 Temp
18:15:02.192,50.000000,AOC_NIC2 Temp
18:15:02.692,50.000000,AOC_NIC2 Temp
18:15:03.192,49.000000,AOC_NIC2 Temp
18:15:03.692,49.000000,AOC_NIC2 Temp
18:15:04.192,49.000000,AOC_NIC2 Temp
18:15:04.692,49.000000,AOC_NIC2 Temp
18:15:05.192,49.000000,AOC_NIC2 Temp
18:15:05.692,49.000000,AOC_NIC2 Temp
18:15:06.192,49.000000,AOC_NIC2 Temp
18:15:06.692,49.000000,AOC_NIC2 Temp
18:15:07.192,49.000000,AOC_NIC2 Temp
18:15:07.692,49.000000,AOC_NIC2 Temp
18:15:08.192,49.000000,AOC_NIC2 Temp
18:15:08.692,49.000000,AOC_NIC2 Temp
18:15:09.192,49.000000,AOC_NIC2 Temp
18:15:09.692,49.000000,AOC_NIC2 Temp
18:15:10.192,49.000000,AOC_NIC2 Temp
18:15:10.692,49.000000,AOC_NIC2 Temp
18:15:11.192,49.000000,AOC_NIC2 Temp
18:15:11.692,49.000000,AOC_NIC2 Temp
18:15:12.192,49.000000,AOC_NIC2 Temp
18:15:12.692,49.000000,AOC_NIC2 Temp
18:15:13.192,49.000000,AOC_NIC2 Temp
18:14:58.192,28.000000,NVMe_SSDA Temp 
18:14:58.692,28.000000,NVMe_SSDA Temp 
18:14:59.192,28.000000,NVMe_SSDA Temp 
18:14:59.692,28.000000,NVMe_SSDA Temp 
18:15:00.192,28.000000,NVMe_SSDA Temp 
18:15:00.692,28.000000,NVMe_SSDA Temp 
18:15:01.192,28.000000,NVMe_SSDA Temp 
18:15:01.692,28.000000,NVMe_SSDA Temp 
18:15:02.192,28.000000,NVMe_SSDA Temp 
18:15:02.692,28.000000,NVMe_SSDA Temp 
18:15:03.192,27.000000,NVMe_SSDA Temp 
18:15:03.692,27.000000,NVMe_SSDA Temp 
18:15:04.192,27.000000,NVMe_SSDA Temp 
18:15:04.692,27.000000,NVMe_SSDA Temp 
18:15:05.192,27.000000,NVMe_SSDA Temp 
18:15:05.692,27.000000,NVMe_SSDA Temp 
18:15:06.192,27.000000,NVMe_SSDA Temp 
18:15:06.692,27.000000,NVMe_SSDA Temp 
18:15:07.192,27.000000,NVMe_SSDA Temp 
18:15:07.692,27.000000,NVMe_SSDA Temp 
18:15:08.192,27.000000,NVMe_SSDA Temp 
18:15:08.692,27.000000,NVMe_SSDA Temp 
18:15:09.192,27.000000,NVMe_SSDA Temp 
18:15:09.692,27.000000,NVMe_SSDA Temp 
18:15:10.192,27.000000,NVMe_SSDA Temp 
18:15:10.692,27.000000,NVMe_SSDA Temp 
18:15:11.192,27.000000,NVMe_SSDA Temp 
18:15:11.692,27.000000,NVMe_SSDA Temp 
18:15:12.192,27.000000,NVMe_SSDA Temp 
18:15:12.692,27.000000,NVMe_SSDA Temp 
18:15:13.192,27.000000,NVMe_SSDA Temp 
18:14:58.192,66.000000,NIC Temp
18:14:58.692,66.000000,NIC Temp
18:14:59.192,66.000000,NIC Temp
18:14:59.692,66.000000,NIC Temp
18:15:00.192,66.000000,NIC Temp
18:15:00.692,66.000000,NIC Temp
18:15:01.192,66.000000,NIC Temp
18:15:01.692,66.000000,NIC Temp
18:15:02.192,66.000000,NIC Temp
18:15:02.692,66.000000,NIC Temp
18:15:03.192,67.000000,NIC Temp
18:15:03.692,67.000000,NIC Temp
18:15:04.192,67.000000,NIC Temp
18:15:04.692,67.000000,NIC Temp
18:15:05.192,67.000000,NIC Temp
18:15:05.692,67.000000,NIC Temp
18:15:06.192,67.000000,NIC Temp
18:15:06.692,67.000000,NIC Temp
18:15:07.192,67.000000,NIC Temp
18:15:07.692,67.000000,NIC Temp
18:15:08.192,67.000000,NIC Temp
18:15:08.692,67.000000,NIC Temp
18:15:09.192,67.000000,NIC Temp
18:15:09.692,67.000000,NIC Temp
18:15:10.192,67.000000,NIC Temp
18:15:10.692,67.000000,NIC Temp
18:15:11.192,67.000000,NIC Temp
18:15:11.692,67.000000,NIC Temp
18:15:12.192,67.000000,NIC Temp
18:15:12.692,67.000000,NIC Temp
18:15:13.192,67.000000,NIC Temp
18:14:58.192,29.000000,CPU_VRM0 Temp
18:14:58.692,29.000000,CPU_VRM0 Temp
18:14:59.192,29.000000,CPU_VRM0 Temp
18:14:59.692,29.000000,CPU_VRM0 Temp
18:15:00.192,29.000000,CPU_VRM0 Temp
18:15:00.692,29.000000,CPU_VRM0 Temp
18:15:01.192,29.000000,CPU_VRM0 Temp
18:15:01.692,29.000000,CPU_VRM0 Temp
18:15:02.192,29.000000,CPU_VRM0 Temp
18:15:02.692,29.000000,CPU_VRM0 Temp
18:15:03.192,29.000000,CPU_VRM0 Temp
18:15:03.692,29.000000,CPU_VRM0 Temp
18:15:04.192,29.000000,CPU_VRM0 Temp
18:15:04.692,29.000000,CPU_VRM0 Temp
18:15:05.192,29.000000,CPU_VRM0 Temp
18:15:05.692,29.000000,CPU_VRM0 Temp
18:15:06.192,29.000000,CPU_VRM0 Temp
18:15:06.692,29.000000,CPU_VRM0 Temp
18:15:07.192,29.000000,CPU_VRM0 Temp
18:15:07.692,29.000000,CPU_VRM0 Temp
18:15:08.192,29.000000,CPU_VRM0 Temp
18:15:08.692,29.000000,CPU_VRM0 Temp
18:15:09.192,29.000000,CPU_VRM0 Temp
18:15:09.692,29.000000,CPU_VRM0 Temp
18:15:10.192,29.000000,CPU_VRM0 Temp
18:15:10.692,29.000000,CPU_VRM0 Temp
18:15:11.192,29.000000,CPU_VRM0 Temp
18:15:11.692,29.000000,CPU_VRM0 Temp
18:15:12.192,29.000000,CPU_VRM0 Temp
18:15:12.692,29.000000,CPU_VRM0 Temp
18:15:13.192,29.000000,CPU_VRM0 Temp
18:14:58.192,48.000000,CPU Temp
18:14:58.692,48.000000,CPU Temp
18:14:59.192,48.000000,CPU Temp
18:14:59.692,48.000000,CPU Temp
18:15:00.192,48.000000,CPU Temp
18:15:00.692,48.000000,CPU Temp
18:15:01.192,48.000000,CPU Temp
18:15:01.692,48.000000,CPU Temp
18:15:02.192,48.000000,CPU Temp
18:15:02.692,48.000000,CPU Temp
18:15:03.192,48.000000,CPU Temp
18:15:03.692,48.000000,CPU Temp
18:15:04.192,48.000000,CPU Temp
18:15:04.692,48.000000,CPU Temp
18:15:05.192,48.000000,CPU Temp
18:15:05.692,48.000000,CPU Temp
18:15:06.192,48.000000,CPU Temp
18:15:06.692,48.000000,CPU Temp
18:15:07.192,48.000000,CPU Temp
18:15:07.692,48.000000,CPU Temp
18:15:08.192,48.000000,CPU Temp
18:15:08.692,48.000000,CPU Temp
18:15:09.192,48.000000,CPU Temp
18:15:09.692,48.000000,CPU Temp
18:15:10.192,48.000000,CPU Temp
18:15:10.692,48.000000,CPU Temp
18:15:11.192,48.000000,CPU Temp
18:15:11.692,48.000000,CPU Temp
18:15:12.192,48.000000,CPU Temp
18:15:12.692,48.000000,CPU Temp
18:15:13.192,48.000000,CPU Temp
18:14:58.192,45.000000,CPU_VRM1 Temp
18:14:58.692,45.000000,CPU_VRM1 Temp
18:14:59.192,45.000000,CPU_VRM1 Temp
18:14:59.692,45.000000,CPU_VRM1 Temp
18:15:00.192,45.000000,CPU_VRM1 Temp
18:15:00.692,45.000000,CPU_VRM1 Temp
18:15:01.192,45.000000,CPU_VRM1 Temp
18:15:01.692,45.000000,CPU_VRM1 Temp
18:15:02.192,45.000000,CPU_VRM1 Temp
18:15:02.692,45.000000,CPU_VRM1 Temp
18:15:03.192,45.000000,CPU_VRM1 Temp
18:15:03.692,45.000000,CPU_VRM1 Temp
18:15:04.192,45.000000,CPU_VRM1 Temp
18:15:04.692,45.000000,CPU_VRM1 Temp
18:15:05.192,45.000000,CPU_VRM1 Temp
18:15:05.692,45.000000,CPU_VRM1 Temp
18:15:06.192,45.000000,CPU_VRM1 Temp
18:15:06.692,45.000000,CPU_VRM1 Temp
18:15:07.192,45.000000,CPU_VRM1 Temp
18:15:07.692,45.000000,CPU_VRM1 Temp
18:15:08.192,45.000000,CPU_VRM1 Temp
18:15:08.692,45.000000,CPU_VRM1 Temp
18:15:09.192,45.000000,CPU_VRM1 Temp
18:15:09.692,45.000000,CPU_VRM1 Temp
18:15:10.192,45.000000,CPU_VRM1 Temp
18:15:10.692,45.000000,CPU_VRM1 Temp
18:15:11.192,45.000000,CPU_VRM1 Temp
18:15:11.692,45.000000,CPU_VRM1 Temp
18:15:12.192,45.000000,CPU_VRM1 Temp
18:15:12.692,45.000000,CPU_VRM1 Temp
18:15:13.192,45.000000,CPU_VRM1 Temp
18:14:58.192,32.000000,SOC_VRM Temp
18:14:58.692,32.000000,SOC_VRM Temp
18:14:59.192,32.000000,SOC_VRM Temp
18:14:59.692,32.000000,SOC_VRM Temp
18:15:00.192,32.000000,SOC_VRM Temp
18:15:00.692,32.000000,SOC_VRM Temp
18:15:01.192,32.000000,SOC_VRM Temp
18:15:01.692,32.000000,SOC_VRM Temp
18:15:02.192,32.000000,SOC_VRM Temp
18:15:02.692,32.000000,SOC_VRM Temp
18:15:03.192,32.000000,SOC_VRM Temp
18:15:03.692,32.000000,SOC_VRM Temp
18:15:04.192,32.000000,SOC_VRM Temp
18:15:04.692,32.000000,SOC_VRM Temp
18:15:05.192,32.000000,SOC_VRM Temp
18:15:05.692,32.000000,SOC_VRM Temp
18:15:06.192,32.000000,SOC_VRM Temp
18:15:06.692,32.000000,SOC_VRM Temp
18:15:07.192,32.000000,SOC_VRM Temp
18:15:07.692,32.000000,SOC_VRM Temp
18:15:08.192,32.000000,SOC_VRM Temp
18:15:08.692,32.000000,SOC_VRM Temp
18:15:09.192,32.000000,SOC_VRM Temp
18:15:09.692,32.000000,SOC_VRM Temp
18:15:10.192,32.000000,SOC_VRM Temp
18:15:10.692,32.000000,SOC_VRM Temp
18:15:11.192,32.000000,SOC_VRM Temp
18:15:11.692,32.000000,SOC_VRM Temp
18:15:12.192,32.000000,SOC_VRM Temp
18:15:12.692,32.000000,SOC_VRM Temp
18:15:13.192,32.000000,SOC_VRM Temp
18:14:58.192,45.000000,VDDIO_VRM Temp
18:14:58.692,45.000000,VDDIO_VRM Temp
18:14:59.192,45.000000,VDDIO_VRM Temp
18:14:59.692,45.000000,VDDIO_VRM Temp
18:15:00.192,45.000000,VDDIO_VRM Temp
18:15:00.692,45.000000,VDDIO_VRM Temp
18:15:01.192,45.000000,VDDIO_VRM Temp
18:15:01.692,45.000000,VDDIO_VRM Temp
18:15:02.192,45.000000,VDDIO_VRM Temp
18:15:02.692,45.000000,VDDIO_VRM Temp
18:15:03.192,45.000000,VDDIO_VRM Temp
18:15:03.692,45.000000,VDDIO_VRM Temp
18:15:04.192,45.000000,VDDIO_VRM Temp
18:15:04.692,45.000000,VDDIO_VRM Temp
18:15:05.192,45.000000,VDDIO_VRM Temp
18:15:05.692,45.000000,VDDIO_VRM Temp
18:15:06.192,45.000000,VDDIO_VRM Temp
18:15:06.692,45.000000,VDDIO_VRM Temp
18:15:07.192,45.000000,VDDIO_VRM Temp
18:15:07.692,45.000000,VDDIO_VRM Temp
18:15:08.192,45.000000,VDDIO_VRM Temp
18:15:08.692,45.000000,VDDIO_VRM Temp
18:15:09.192,45.000000,VDDIO_VRM Temp
18:15:09.692,45.000000,VDDIO_VRM Temp
18:15:10.192,45.000000,VDDIO_VRM Temp
18:15:10.692,45.000000,VDDIO_VRM Temp
18:15:11.192,45.000000,VDDIO_VRM Temp
18:15:11.692,45.000000,VDDIO_VRM Temp
18:15:12.192,45.000000,VDDIO_VRM Temp
18:15:12.692,45.000000,VDDIO_VRM Temp
18:15:13.192,45.000000,VDDIO_VRM Temp
18:14:58.192,29.000000,DIMMA~C Temp
18:14:58.692,29.000000,DIMMA~C Temp
18:14:59.192,29.000000,DIMMA~C Temp
18:14:59.692,29.000000,DIMMA~C Temp
18:15:00.192,29.000000,DIMMA~C Temp
18:15:00.692,29.000000,DIMMA~C Temp
18:15:01.192,29.000000,DIMMA~C Temp
18:15:01.692,29.000000,DIMMA~C Temp
18:15:02.192,29.000000,DIMMA~C Temp
18:15:02.692,29.000000,DIMMA~C Temp
18:15:03.192,29.000000,DIMMA~C Temp
18:15:03.692,29.000000,DIMMA~C Temp
18:15:04.192,29.000000,DIMMA~C Temp
18:15:04.692,29.000000,DIMMA~C Temp
18:15:05.192,29.000000,DIMMA~C Temp
18:15:05.692,29.000000,DIMMA~C Temp
18:15:06.192,29.000000,DIMMA~C Temp
18:15:06.692,29.000000,DIMMA~C Temp
18:15:07.192,29.000000,DIMMA~C Temp
18:15:07.692,29.000000,DIMMA~C Temp
18:15:08.192,29.000000,DIMMA~C Temp
18:15:08.692,29.000000,DIMMA~C Temp
18:15:09.192,29.000000,DIMMA~C Temp
18:15:09.692,29.000000,DIMMA~C Temp
18:15:10.192,29.000000,DIMMA~C Temp
18:15:10.692,29.000000,DIMMA~C Temp
18:15:11.192,29.000000,DIMMA~C Temp
18:15:11.692,29.000000,DIMMA~C Temp
18:15:12.192,29.000000,DIMMA~C Temp
18:15:12.692,29.000000,DIMMA~C Temp
18:15:13.192,29.000000,DIMMA~C Temp
18:14:58.192,31.000000,DIMMD~F Temp
18:14:58.692,31.000000,DIMMD~F Temp
18:14:59.192,31.000000,DIMMD~F Temp
18:14:59.692,31.000000,DIMMD~F Temp
18:15:00.192,31.000000,DIMMD~F Temp
18:15:00.692,31.000000,DIMMD~F Temp
18:15:01.192,31.000000,DIMMD~F Temp
18:15:01.692,31.000000,DIMMD~F Temp
18:15:02.192,31.000000,DIMMD~F Temp
18:15:02.692,31.000000,DIMMD~F Temp
18:15:03.192,31.000000,DIMMD~F Temp
18:15:03.692,31.000000,DIMMD~F Temp
18:15:04.192,31.000000,DIMMD~F Temp
18:15:04.692,31.000000,DIMMD~F Temp
18:15:05.192,31.000000,DIMMD~F Temp
18:15:05.692,31.000000,DIMMD~F Temp
18:15:06.192,31.000000,DIMMD~F Temp
18:15:06.692,31.000000,DIMMD~F Temp
18:15:07.192,31.000000,DIMMD~F Temp
18:15:07.692,31.000000,DIMMD~F Temp
18:15:08.192,31.000000,DIMMD~F Temp
18:15:08.692,31.000000,DIMMD~F Temp
18:15:09.192,31.000000,DIMMD~F Temp
18:15:09.692,31.000000,DIMMD~F Temp
18:15:10.192,31.000000,DIMMD~F Temp
18:15:10.692,31.000000,DIMMD~F Temp
18:15:11.192,31.000000,DIMMD~F Temp
18:15:11.692,31.000000,DIMMD~F Temp
18:15:12.192,31.000000,DIMMD~F Temp
18:15:12.692,31.000000,DIMMD~F Temp
18:15:13.192,31.000000,DIMMD~F Temp
18:14:58.192,26.000000,Inlet Temp
18:14:58.692,26.000000,Inlet Temp
18:14:59.192,26.000000,Inlet Temp
18:14:59.692,26.000000,Inlet Temp
18:15:00.192,26.000000,Inlet Temp
18:15:00.692,26.000000,Inlet Temp
18:15:01.192,26.000000,Inlet Temp
18:15:01.692,26.000000,Inlet Temp
18:15:02.192,26.000000,Inlet Temp
18:15:02.692,26.000000,Inlet Temp
18:15:03.192,26.000000,Inlet Temp
18:15:03.692,26.000000,Inlet Temp
18:15:04.192,26.000000,Inlet Temp
18:15:04.692,26.000000,Inlet Temp
18:15:05.192,26.000000,Inlet Temp
18:15:05.692,26.000000,Inlet Temp
18:15:06.192,26.000000,Inlet Temp
18:15:06.692,26.000000,Inlet Temp
18:15:07.192,26.000000,Inlet Temp
18:15:07.692,26.000000,Inlet Temp
18:15:08.192,26.000000,Inlet Temp
18:15:08.692,26.000000,Inlet Temp
18:15:09.192,26.000000,Inlet Temp
18:15:09.692,26.000000,Inlet Temp
18:15:10.192,26.000000,Inlet Temp
18:15:10.692,26.000000,Inlet Temp
18:15:11.192,26.000000,Inlet Temp
18:15:11.692,26.000000,Inlet Temp
18:15:12.192,26.000000,Inlet Temp
18:15:12.692,26.000000,Inlet Temp
18:15:13.192,26.000000,Inlet Temp
18:14:58.192,22.000000,System Temp
18:14:58.692,22.000000,System Temp
18:14:59.192,22.000000,System Temp
18:14:59.692,22.000000,System Temp
18:15:00.192,22.000000,System Temp
18:15:00.692,22.000000,System Temp
18:15:01.192,22.000000,System Temp
18:15:01.692,22.000000,System Temp
18:15:02.192,22.000000,System Temp
18:15:02.692,22.000000,System Temp
18:15:03.192,22.000000,System Temp
18:15:03.692,22.000000,System Temp
18:15:04.192,22.000000,System Temp
18:15:04.692,22.000000,System Temp
18:15:05.192,22.000000,System Temp
18:15:05.692,22.000000,System Temp
18:15:06.192,22.000000,System Temp
18:15:06.692,22.000000,System Temp
18:15:07.192,22.000000,System Temp
18:15:07.692,22.000000,System Temp
18:15:08.192,22.000000,System Temp
18:15:08.692,22.000000,System Temp
18:15:09.192,22.000000,System Temp
18:15:09.692,22.000000,System Temp
18:15:10.192,22.000000,System Temp
18:15:10.692,22.000000,System Temp
18:15:11.192,22.000000,System Temp
18:15:11.692,22.000000,System Temp
18:15:12.192,22.000000,System Temp
18:15:12.692,22.000000,System Temp
18:15:13.192,22.000000,System Temp
18:15:13.692,22.000000,System Temp
18:14:58.192,39.000000,Peripheral Temp
18:14:58.692,39.000000,Peripheral Temp
18:14:59.192,39.000000,Peripheral Temp
18:14:59.692,39.000000,Peripheral Temp
18:15:00.192,39.000000,Peripheral Temp
18:15:00.692,39.000000,Peripheral Temp
18:15:01.192,39.000000,Peripheral Temp
18:15:01.692,39.000000,Peripheral Temp
18:15:02.192,39.000000,Peripheral Temp
18:15:02.692,39.000000,Peripheral Temp
18:15:03.192,39.000000,Peripheral Temp
18:15:03.692,39.000000,Peripheral Temp
18:15:04.192,39.000000,Peripheral Temp
18:15:04.692,39.000000,Peripheral Temp
18:15:05.192,39.000000,Peripheral Temp
18:15:05.692,39.000000,Peripheral Temp
18:15:06.192,39.000000,Peripheral Temp
18:15:06.692,39.000000,Peripheral Temp
18:15:07.192,39.000000,Peripheral Temp
18:15:07.692,39.000000,Peripheral Temp
18:15:08.192,39.000000,Peripheral Temp
18:15:08.692,39.000000,Peripheral Temp
18:15:09.192,39.000000,Peripheral Temp
18:15:09.692,39.000000,Peripheral Temp
18:15:10.192,39.000000,Peripheral Temp
18:15:10.692,39.000000,Peripheral Temp
18:15:11.192,39.000000,Peripheral Temp
18:15:11.692,39.000000,Peripheral Temp
18:15:12.192,39.000000,Peripheral Temp
18:15:12.692,39.000000,Peripheral Temp
18:15:13.192,39.000000,Peripheral Temp
18:15:13.692,39.000000,Peripheral Temp
18:14:58.192,50.000000,AOC_NIC2 Temp
18:14:58.692,50.000000,AOC_NIC2 Temp
18:14:59.192,50.000000,AOC_NIC2 Temp
18:14:59.692,50.000000,AOC_NIC2 Temp
18:15:00.192,50.000000,AOC_NIC2 Temp
18:15:00.692,50.000000,AOC_NIC2 Temp
18:15:01.192,50.000000,AOC_NIC2 Temp
18:15:01.692,50.000000,AOC_NIC2 Temp
18:15:02.192,50.000000,AOC_NIC2 Temp
18:15:02.692,50.000000,AOC_NIC2 Temp
18:15:03.192,49.000000,AOC_NIC2 Temp
18:15:03.692,49.000000,AOC_NIC2 Temp
18:15:04.192,49.000000,AOC_NIC2 Temp
18:15:04.692,49.000000,AOC_NIC2 Temp
18:15:05.192,49.000000,AOC_NIC2 Temp
18:15:05.692,49.000000,AOC_NIC2 Temp
18:15:06.192,49.000000,AOC_NIC2 Temp
18:15:06.692,49.000000,AOC_NIC2 Temp
18:15:07.192,49.000000,AOC_NIC2 Temp
18:15:07.692,49.000000,AOC_NIC2 Temp
18:15:08.192,49.000000,AOC_NIC2 Temp
18:15:08.692,49.000000,AOC_NIC2 Temp
18:15:09.192,49.000000,AOC_NIC2 Temp
18:15:09.692,49.000000,AOC_NIC2 Temp
18:15:10.192,49.000000,AOC_NIC2 Temp
18:15:10.692,49.000000,AOC_NIC2 Temp
18:15:11.192,49.000000,AOC_NIC2 Temp
18:15:11.692,49.000000,AOC_NIC2 Temp
18:15:12.192,49.000000,AOC_NIC2 Temp
18:15:12.692,49.000000,AOC_NIC2 Temp
18:15:13.192,49.000000,AOC_NIC2 Temp
18:15:13.692,49.000000,AOC_NIC2 Temp
18:14:58.192,28.000000,NVMe_SSDA Temp 
18:14:58.692,28.000000,NVMe_SSDA Temp 
18:14:59.192,28.000000,NVMe_SSDA Temp 
18:14:59.692,28.000000,NVMe_SSDA Temp 
18:15:00.192,28.000000,NVMe_SSDA Temp 
18:15:00.692,28.000000,NVMe_SSDA Temp 
18:15:01.192,28.000000,NVMe_SSDA Temp 
18:15:01.692,28.000000,NVMe_SSDA Temp 
18:15:02.192,28.000000,NVMe_SSDA Temp 
18:15:02.692,28.000000,NVMe_SSDA Temp 
18:15:03.192,27.000000,NVMe_SSDA Temp 
18:15:03.692,27.000000,NVMe_SSDA Temp 
18:15:04.192,27.000000,NVMe_SSDA Temp 
18:15:04.692,27.000000,NVMe_SSDA Temp 
18:15:05.192,27.000000,NVMe_SSDA Temp 
18:15:05.692,27.000000,NVMe_SSDA Temp 
18:15:06.192,27.000000,NVMe_SSDA Temp 
18:15:06.692,27.000000,NVMe_SSDA Temp 
18:15:07.192,27.000000,NVMe_SSDA Temp 
18:15:07.692,27.000000,NVMe_SSDA Temp 
18:15:08.192,27.000000,NVMe_SSDA Temp 
18:15:08.692,27.000000,NVMe_SSDA Temp 
18:15:09.192,27.000000,NVMe_SSDA Temp 
18:15:09.692,27.000000,NVMe_SSDA Temp 
18:15:10.192,27.000000,NVMe_SSDA Temp 
18:15:10.692,27.000000,NVMe_SSDA Temp 
18:15:11.192,27.000000,NVMe_SSDA Temp 
18:15:11.692,27.000000,NVMe_SSDA Temp 
18:15:12.192,27.000000,NVMe_SSDA Temp 
18:15:12.692,27.000000,NVMe_SSDA Temp 
18:15:13.192,27.000000,NVMe_SSDA Temp 
18:15:13.692,27.000000,NVMe_SSDA Temp 
18:14:58.192,66.000000,NIC Temp
18:14:58.692,66.000000,NIC Temp
18:14:59.192,66.000000,NIC Temp
18:14:59.692,66.000000,NIC Temp
18:15:00.192,66.000000,NIC Temp
18:15:00.692,66.000000,NIC Temp
18:15:01.192,66.000000,NIC Temp
18:15:01.692,66.000000,NIC Temp
18:15:02.192,66.000000,NIC Temp
18:15:02.692,66.000000,NIC Temp
18:15:03.192,67.000000,NIC Temp
18:15:03.692,67.000000,NIC Temp
18:15:04.192,67.000000,NIC Temp
18:15:04.692,67.000000,NIC Temp
18:15:05.192,67.000000,NIC Temp
18:15:05.692,67.000000,NIC Temp
18:15:06.192,67.000000,NIC Temp
18:15:06.692,67.000000,NIC Temp
18:15:07.192,67.000000,NIC Temp
18:15:07.692,67.000000,NIC Temp
18:15:08.192,67.000000,NIC Temp
18:15:08.692,67.000000,NIC Temp
18:15:09.192,67.000000,NIC Temp
18:15:09.692,67.000000,NIC Temp
18:15:10.192,67.000000,NIC Temp
18:15:10.692,67.000000,NIC Temp
18:15:11.192,67.000000,NIC Temp
18:15:11.692,67.000000,NIC Temp
18:15:12.192,67.000000,NIC Temp
18:15:12.692,67.000000,NIC Temp
18:15:13.192,67.000000,NIC Temp
18:15:13.692,67.000000,NIC Temp
18:14:58.192,29.000000,CPU_VRM0 Temp
18:14:58.692,29.000000,CPU_VRM0 Temp
18:14:59.192,29.000000,CPU_VRM0 Temp
18:14:59.692,29.000000,CPU_VRM0 Temp
18:15:00.192,29.000000,CPU_VRM0 Temp
18:15:00.692,29.000000,CPU_VRM0 Temp
18:15:01.192,29.000000,CPU_VRM0 Temp
18:15:01.692,29.000000,CPU_VRM0 Temp
18:15:02.192,29.000000,CPU_VRM0 Temp
18:15:02.692,29.000000,CPU_VRM0 Temp
18:15:03.192,29.000000,CPU_VRM0 Temp
18:15:03.692,29.000000,CPU_VRM0 Temp
18:15:04.192,29.000000,CPU_VRM0 Temp
18:15:04.692,29.000000,CPU_VRM0 Temp
18:15:05.192,29.000000,CPU_VRM0 Temp
18:15:05.692,29.000000,CPU_VRM0 Temp
18:15:06.192,29.000000,CPU_VRM0 Temp
18:15:06.692,29.000000,CPU_VRM0 Temp
18:15:07.192,29.000000,CPU_VRM0 Temp
18:15:07.692,29.000000,CPU_VRM0 Temp
18:15:08.192,29.000000,CPU_VRM0 Temp
18:15:08.692,29.000000,CPU_VRM0 Temp
18:15:09.192,29.000000,CPU_VRM0 Temp
18:15:09.692,29.000000,CPU_VRM0 Temp
18:15:10.192,29.000000,CPU_VRM0 Temp
18:15:10.692,29.000000,CPU_VRM0 Temp
18:15:11.192,29.000000,CPU_VRM0 Temp
18:15:11.692,29.000000,CPU_VRM0 Temp
18:15:12.192,29.000000,CPU_VRM0 Temp
18:15:12.692,29.000000,CPU_VRM0 Temp
18:15:13.192,29.000000,CPU_VRM0 Temp
18:15:13.692,29.000000,CPU_VRM0 Temp
18:14:58.192,48.000000,CPU Temp
18:14:58.692,48.000000,CPU Temp
18:14:59.192,48.000000,CPU Temp
18:14:59.692,48.000000,CPU Temp
18:15:00.192,48.000000,CPU Temp
18:15:00.692,48.000000,CPU Temp
18:15:01.192,48.000000,CPU Temp
18:15:01.692,48.000000,CPU Temp
18:15:02.192,48.000000,CPU Temp
18:15:02.692,48.000000,CPU Temp
18:15:03.192,48.000000,CPU Temp
18:15:03.692,48.000000,CPU Temp
18:15:04.192,48.000000,CPU Temp
18:15:04.692,48.000000,CPU Temp
18:15:05.192,48.000000,CPU Temp
18:15:05.692,48.000000,CPU Temp
18:15:06.192,48.000000,CPU Temp
18:15:06.692,48.000000,CPU Temp
18:15:07.192,48.000000,CPU Temp
18:15:07.692,48.000000,CPU Temp
18:15:08.192,48.000000,CPU Temp
18:15:08.692,48.000000,CPU Temp
18:15:09.192,48.000000,CPU Temp
18:15:09.692,48.000000,CPU Temp
18:15:10.192,48.000000,CPU Temp
18:15:10.692,48.000000,CPU Temp
18:15:11.192,48.000000,CPU Temp
18:15:11.692,48.000000,CPU Temp
18:15:12.192,48.000000,CPU Temp
18:15:12.692,48.000000,CPU Temp
18:15:13.192,48.000000,CPU Temp
18:15:13.692,48.000000,CPU Temp
18:14:58.192,45.000000,CPU_VRM1 Temp
18:14:58.692,45.000000,CPU_VRM1 Temp
18:14:59.192,45.000000,CPU_VRM1 Temp
18:14:59.692,45.000000,CPU_VRM1 Temp
18:15:00.192,45.000000,CPU_VRM1 Temp
18:15:00.692,45.000000,CPU_VRM1 Temp
18:15:01.192,45.000000,CPU_VRM1 Temp
18:15:01.692,45.000000,CPU_VRM1 Temp
18:15:02.192,45.000000,CPU_VRM1 Temp
18:15:02.692,45.000000,CPU_VRM1 Temp
18:15:03.192,45.000000,CPU_VRM1 Temp
18:15:03.692,45.000000,CPU_VRM1 Temp
18:15:04.192,45.000000,CPU_VRM1 Temp
18:15:04.692,45.000000,CPU_VRM1 Temp
18:15:05.192,45.000000,CPU_VRM1 Temp
18:15:05.692,45.000000,CPU_VRM1 Temp
18:15:06.192,45.000000,CPU_VRM1 Temp
18:15:06.692,45.000000,CPU_VRM1 Temp
18:15:07.192,45.000000,CPU_VRM1 Temp
18:15:07.692,45.000000,CPU_VRM1 Temp
18:15:08.192,45.000000,CPU_VRM1 Temp
18:15:08.692,45.000000,CPU_VRM1 Temp
18:15:09.192,45.000000,CPU_VRM1 Temp
18:15:09.692,45.000000,CPU_VRM1 Temp
18:15:10.192,45.000000,CPU_VRM1 Temp
18:15:10.692,45.000000,CPU_VRM1 Temp
18:15:11.192,45.000000,CPU_VRM1 Temp
18:15:11.692,45.000000,CPU_VRM1 Temp
18:15:12.192,45.000000,CPU_VRM1 Temp
18:15:12.692,45.000000,CPU_VRM1 Temp
18:15:13.192,45.000000,CPU_VRM1 Temp
18:15:13.692,45.000000,CPU_VRM1 Temp
18:14:58.192,32.000000,SOC_VRM Temp
18:14:58.692,32.000000,SOC_VRM Temp
18:14:59.192,32.000000,SOC_VRM Temp
18:14:59.692,32.000000,SOC_VRM Temp
18:15:00.192,32.000000,SOC_VRM Temp
18:15:00.692,32.000000,SOC_VRM Temp
18:15:01.192,32.000000,SOC_VRM Temp
18:15:01.692,32.000000,SOC_VRM Temp
18:15:02.192,32.000000,SOC_VRM Temp
18:15:02.692,32.000000,SOC_VRM Temp
18:15:03.192,32.000000,SOC_VRM Temp
18:15:03.692,32.000000,SOC_VRM Temp
18:15:04.192,32.000000,SOC_VRM Temp
18:15:04.692,32.000000,SOC_VRM Temp
18:15:05.192,32.000000,SOC_VRM Temp
18:15:05.692,32.000000,SOC_VRM Temp
18:15:06.192,32.000000,SOC_VRM Temp
18:15:06.692,32.000000,SOC_VRM Temp
18:15:07.192,32.000000,SOC_VRM Temp
18:15:07.692,32.000000,SOC_VRM Temp
18:15:08.192,32.000000,SOC_VRM Temp
18:15:08.692,32.000000,SOC_VRM Temp
18:15:09.192,32.000000,SOC_VRM Temp
18:15:09.692,32.000000,SOC_VRM Temp
18:15:10.192,32.000000,SOC_VRM Temp
18:15:10.692,32.000000,SOC_VRM Temp
18:15:11.192,32.000000,SOC_VRM Temp
18:15:11.692,32.000000,SOC_VRM Temp
18:15:12.192,32.000000,SOC_VRM Temp
18:15:12.692,32.000000,SOC_VRM Temp
18:15:13.192,32.000000,SOC_VRM Temp
18:15:13.692,32.000000,SOC_VRM Temp
18:14:58.192,45.000000,VDDIO_VRM Temp
18:14:58.692,45.000000,VDDIO_VRM Temp
18:14:59.192,45.000000,VDDIO_VRM Temp
18:14:59.692,45.000000,VDDIO_VRM Temp
18:15:00.192,45.000000,VDDIO_VRM Temp
18:15:00.692,45.000000,VDDIO_VRM Temp
18:15:01.192,45.000000,VDDIO_VRM Temp
18:15:01.692,45.000000,VDDIO_VRM Temp
18:15:02.192,45.000000,VDDIO_VRM Temp
18:15:02.692,45.000000,VDDIO_VRM Temp
18:15:03.192,45.000000,VDDIO_VRM Temp
18:15:03.692,45.000000,VDDIO_VRM Temp
18:15:04.192,45.000000,VDDIO_VRM Temp
18:15:04.692,45.000000,VDDIO_VRM Temp
18:15:05.192,45.000000,VDDIO_VRM Temp
18:15:05.692,45.000000,VDDIO_VRM Temp
18:15:06.192,45.000000,VDDIO_VRM Temp
18:15:06.692,45.000000,VDDIO_VRM Temp
18:15:07.192,45.000000,VDDIO_VRM Temp
18:15:07.692,45.000000,VDDIO_VRM Temp
18:15:08.192,45.000000,VDDIO_VRM Temp
18:15:08.692,45.000000,VDDIO_VRM Temp
18:15:09.192,45.000000,VDDIO_VRM Temp
18:15:09.692,45.000000,VDDIO_VRM Temp
18:15:10.192,45.000000,VDDIO_VRM Temp
18:15:10.692,45.000000,VDDIO_VRM Temp
18:15:11.192,45.000000,VDDIO_VRM Temp
18:15:11.692,45.000000,VDDIO_VRM Temp
18:15:12.192,45.000000,VDDIO_VRM Temp
18:15:12.692,45.000000,VDDIO_VRM Temp
18:15:13.192,45.000000,VDDIO_VRM Temp
18:15:13.692,45.000000,VDDIO_VRM Temp
18:14:58.192,29.000000,DIMMA~C Temp
18:14:58.692,29.000000,DIMMA~C Temp
18:14:59.192,29.000000,DIMMA~C Temp
18:14:59.692,29.000000,DIMMA~C Temp
18:15:00.192,29.000000,DIMMA~C Temp
18:15:00.692,29.000000,DIMMA~C Temp
18:15:01.192,29.000000,DIMMA~C Temp
18:15:01.692,29.000000,DIMMA~C Temp
18:15:02.192,29.000000,DIMMA~C Temp
18:15:02.692,29.000000,DIMMA~C Temp
18:15:03.192,29.000000,DIMMA~C Temp
18:15:03.692,29.000000,DIMMA~C Temp
18:15:04.192,29.000000,DIMMA~C Temp
18:15:04.692,29.000000,DIMMA~C Temp
18:15:05.192,29.000000,DIMMA~C Temp
18:15:05.692,29.000000,DIMMA~C Temp
18:15:06.192,29.000000,DIMMA~C Temp
18:15:06.692,29.000000,DIMMA~C Temp
18:15:07.192,29.000000,DIMMA~C Temp
18:15:07.692,29.000000,DIMMA~C Temp
18:15:08.192,29.000000,DIMMA~C Temp
18:15:08.692,29.000000,DIMMA~C Temp
18:15:09.192,29.000000,DIMMA~C Temp
18:15:09.692,29.000000,DIMMA~C Temp
18:15:10.192,29.000000,DIMMA~C Temp
18:15:10.692,29.000000,DIMMA~C Temp
18:15:11.192,29.000000,DIMMA~C Temp
18:15:11.692,29.000000,DIMMA~C Temp
18:15:12.192,29.000000,DIMMA~C Temp
18:15:12.692,29.000000,DIMMA~C Temp
18:15:13.192,29.000000,DIMMA~C Temp
18:15:13.692,29.000000,DIMMA~C Temp
18:14:58.192,31.000000,DIMMD~F Temp
18:14:58.692,31.000000,DIMMD~F Temp
18:14:59.192,31.000000,DIMMD~F Temp
18:14:59.692,31.000000,DIMMD~F Temp
18:15:00.192,31.000000,DIMMD~F Temp
18:15:00.692,31.000000,DIMMD~F Temp
18:15:01.192,31.000000,DIMMD~F Temp
18:15:01.692,31.000000,DIMMD~F Temp
18:15:02.192,31.000000,DIMMD~F Temp
18:15:02.692,31.000000,DIMMD~F Temp
18:15:03.192,31.000000,DIMMD~F Temp
18:15:03.692,31.000000,DIMMD~F Temp
18:15:04.192,31.000000,DIMMD~F Temp
18:15:04.692,31.000000,DIMMD~F Temp
18:15:05.192,31.000000,DIMMD~F Temp
18:15:05.692,31.000000,DIMMD~F Temp
18:15:06.192,31.000000,DIMMD~F Temp
18:15:06.692,31.000000,DIMMD~F Temp
18:15:07.192,31.000000,DIMMD~F Temp
18:15:07.692,31.000000,DIMMD~F Temp
18:15:08.192,31.000000,DIMMD~F Temp
18:15:08.692,31.000000,DIMMD~F Temp
18:15:09.192,31.000000,DIMMD~F Temp
18:15:09.692,31.000000,DIMMD~F Temp
18:15:10.192,31.000000,DIMMD~F Temp
18:15:10.692,31.000000,DIMMD~F Temp
18:15:11.192,31.000000,DIMMD~F Temp
18:15:11.692,31.000000,DIMMD~F Temp
18:15:12.192,31.000000,DIMMD~F Temp
18:15:12.692,31.000000,DIMMD~F Temp
18:15:13.192,31.000000,DIMMD~F Temp
18:15:13.692,31.000000,DIMMD~F Temp
18:14:58.192,26.000000,Inlet Temp
18:14:58.692,26.000000,Inlet Temp
18:14:59.192,26.000000,Inlet Temp
18:14:59.692,26.000000,Inlet Temp
18:15:00.192,26.000000,Inlet Temp
18:15:00.692,26.000000,Inlet Temp
18:15:01.192,26.000000,Inlet Temp
18:15:01.692,26.000000,Inlet Temp
18:15:02.192,26.000000,Inlet Temp
18:15:02.692,26.000000,Inlet Temp
18:15:03.192,26.000000,Inlet Temp
18:15:03.692,26.000000,Inlet Temp
18:15:04.192,26.000000,Inlet Temp
18:15:04.692,26.000000,Inlet Temp
18:15:05.192,26.000000,Inlet Temp
18:15:05.692,26.000000,Inlet Temp
18:15:06.192,26.000000,Inlet Temp
18:15:06.692,26.000000,Inlet Temp
18:15:07.192,26.000000,Inlet Temp
18:15:07.692,26.000000,Inlet Temp
18:15:08.192,26.000000,Inlet Temp
18:15:08.692,26.000000,Inlet Temp
18:15:09.192,26.000000,Inlet Temp
18:15:09.692,26.000000,Inlet Temp
18:15:10.192,26.000000,Inlet Temp
18:15:10.692,26.000000,Inlet Temp
18:15:11.192,26.000000,Inlet Temp
18:15:11.692,26.000000,Inlet Temp
18:15:12.192,26.000000,Inlet Temp
18:15:12.692,26.000000,Inlet Temp
18:15:13.192,26.000000,Inlet Temp
18:15:13.692,26.000000,Inlet Temp
18:15:04.094,22.000000,System Temp
18:15:04.594,22.000000,System Temp
18:15:05.094,22.000000,System Temp
18:15:05.594,22.000000,System Temp
18:15:06.094,22.000000,System Temp
18:15:06.594,22.000000,System Temp
18:15:07.094,22.000000,System Temp
18:15:07.594,22.000000,System Temp
18:15:08.094,22.000000,System Temp
18:15:08.594,22.000000,System Temp
18:15:09.094,22.000000,System Temp
18:15:09.594,22.000000,System Temp
18:15:10.094,22.000000,System Temp
18:15:10.594,22.000000,System Temp
18:15:11.094,22.000000,System Temp
18:15:11.594,22.000000,System Temp
18:15:12.094,22.000000,System Temp
18:15:12.594,22.000000,System Temp
18:15:13.094,22.000000,System Temp
18:15:13.594,22.000000,System Temp
18:15:14.094,22.000000,System Temp
18:15:04.094,39.000000,Peripheral Temp
18:15:04.594,39.000000,Peripheral Temp
18:15:05.094,39.000000,Peripheral Temp
18:15:05.594,39.000000,Peripheral Temp
18:15:06.094,39.000000,Peripheral Temp
18:15:06.594,39.000000,Peripheral Temp
18:15:07.094,39.000000,Peripheral Temp
18:15:07.594,39.000000,Peripheral Temp
18:15:08.094,39.000000,Peripheral Temp
18:15:08.594,39.000000,Peripheral Temp
18:15:09.094,39.000000,Peripheral Temp
18:15:09.594,39.000000,Peripheral Temp
18:15:10.094,39.000000,Peripheral Temp
18:15:10.594,39.000000,Peripheral Temp
18:15:11.094,39.000000,Peripheral Temp
18:15:11.594,39.000000,Peripheral Temp
18:15:12.094,39.000000,Peripheral Temp
18:15:12.594,39.000000,Peripheral Temp
18:15:13.094,39.000000,Peripheral Temp
18:15:13.594,39.000000,Peripheral Temp
18:15:14.094,39.000000,Peripheral Temp
18:15:04.094,49.000000,AOC_NIC2 Temp
18:15:04.594,49.000000,AOC_NIC2 Temp
18:15:05.094,49.000000,AOC_NIC2 Temp
18:15:05.594,49.000000,AOC_NIC2 Temp
18:15:06.094,49.000000,AOC_NIC2 Temp
18:15:06.594,49.000000,AOC_NIC2 Temp
18:15:07.094,49.000000,AOC_NIC2 Temp
18:15:07.594,49.000000,AOC_NIC2 Temp
18:15:08.094,49.000000,AOC_NIC2 Temp
18:15:08.594,49.000000,AOC_NIC2 Temp
18:15:09.094,49.000000,AOC_NIC2 Temp
18:15:09.594,49.000000,AOC_NIC2 Temp
18:15:10.094,49.000000,AOC_NIC2 Temp
18:15:10.594,49.000000,AOC_NIC2 Temp
18:15:11.094,49.000000,AOC_NIC2 Temp
18:15:11.594,49.000000,AOC_NIC2 Temp
18:15:12.094,49.000000,AOC_NIC2 Temp
18:15:12.594,49.000000,AOC_NIC2 Temp
18:15:13.094,49.000000,AOC_NIC2 Temp
18:15:13.594,49.000000,AOC_NIC2 Temp
18:15:14.094,49.000000,AOC_NIC2 Temp
18:15:04.094,27.000000,NVMe_SSDA Temp 
18:15:04.594,27.000000,NVMe_SSDA Temp 
18:15:05.094,27.000000,NVMe_SSDA Temp 
18:15:05.594,27.000000,NVMe_SSDA Temp 
18:15:06.094,27.000000,NVMe_SSDA Temp 
18:15:06.594,27.000000,NVMe_SSDA Temp 
18:15:07.094,27.000000,NVMe_SSDA Temp 
18:15:07.594,27.000000,NVMe_SSDA Temp 
18:15:08.094,27.000000,NVMe_SSDA Temp 
18:15:08.594,27.000000,NVMe_SSDA Temp 
18:15:09.094,27.000000,NVMe_SSDA Temp 
18:15:09.594,27.000000,NVMe_SSDA Temp 
18:15:10.094,27.000000,NVMe_SSDA Temp 
18:15:10.594,27.000000,NVMe_SSDA Temp 
18:15:11.094,27.000000,NVMe_SSDA Temp 
18:15:11.594,27.000000,NVMe_SSDA Temp 
18:15:12.094,27.000000,NVMe_SSDA Temp 
18:15:12.594,27.000000,NVMe_SSDA Temp 
18:15:13.094,27.000000,NVMe_SSDA Temp 
18:15:13.594,27.000000,NVMe_SSDA Temp 
18:15:14.094,27.000000,NVMe_SSDA Temp 
18:15:04.094,67.000000,NIC Temp
18:15:04.594,67.000000,NIC Temp
18:15:05.094,67.000000,NIC Temp
18:15:05.594,67.000000,NIC Temp
18:15:06.094,67.000000,NIC Temp
18:15:06.594,67.000000,NIC Temp
18:15:07.094,67.000000,NIC Temp
18:15:07.594,67.000000,NIC Temp
18:15:08.094,67.000000,NIC Temp
18:15:08.594,67.000000,NIC Temp
18:15:09.094,67.000000,NIC Temp
18:15:09.594,67.000000,NIC Temp
18:15:10.094,67.000000,NIC Temp
18:15:10.594,67.000000,NIC Temp
18:15:11.094,67.000000,NIC Temp
18:15:11.594,67.000000,NIC Temp
18:15:12.094,67.000000,NIC Temp
18:15:12.594,67.000000,NIC Temp
18:15:13.094,67.000000,NIC Temp
18:15:13.594,67.000000,NIC Temp
18:15:14.094,67.000000,NIC Temp
18:15:04.094,29.000000,CPU_VRM0 Temp
18:15:04.594,29.000000,CPU_VRM0 Temp
18:15:05.094,29.000000,CPU_VRM0 Temp
18:15:05.594,29.000000,CPU_VRM0 Temp
18:15:06.094,29.000000,CPU_VRM0 Temp
18:15:06.594,29.000000,CPU_VRM0 Temp
18:15:07.094,29.000000,CPU_VRM0 Temp
18:15:07.594,29.000000,CPU_VRM0 Temp
18:15:08.094,29.000000,CPU_VRM0 Temp
18:15:08.594,29.000000,CPU_VRM0 Temp
18:15:09.094,29.000000,CPU_VRM0 Temp
18:15:09.594,29.000000,CPU_VRM0 Temp
18:15:10.094,29.000000,CPU_VRM0 Temp
18:15:10.594,29.000000,CPU_VRM0 Temp
18:15:11.094,29.000000,CPU_VRM0 Temp
18:15:11.594,29.000000,CPU_VRM0 Temp
18:15:12.094,29.000000,CPU_VRM0 Temp
18:15:12.594,29.000000,CPU_VRM0 Temp
18:15:13.094,29.000000,CPU_VRM0 Temp
18:15:13.594,29.000000,CPU_VRM0 Temp
18:15:14.094,29.000000,CPU_VRM0 Temp
18:15:04.094,48.000000,CPU Temp
18:15:04.594,48.000000,CPU Temp
18:15:05.094,48.000000,CPU Temp
18:15:05.594,48.000000,CPU Temp
18:15:06.094,48.000000,CPU Temp
18:15:06.594,48.000000,CPU Temp
18:15:07.094,48.000000,CPU Temp
18:15:07.594,48.000000,CPU Temp
18:15:08.094,48.000000,CPU Temp
18:15:08.594,48.000000,CPU Temp
18:15:09.094,48.000000,CPU Temp
18:15:09.594,48.000000,CPU Temp
18:15:10.094,48.000000,CPU Temp
18:15:10.594,48.000000,CPU Temp
18:15:11.094,48.000000,CPU Temp
18:15:11.594,48.000000,CPU Temp
18:15:12.094,48.000000,CPU Temp
18:15:12.594,48.000000,CPU Temp
18:15:13.094,48.000000,CPU Temp
18:15:13.594,48.000000,CPU Temp
18:15:14.094,48.000000,CPU Temp
18:15:04.094,45.000000,CPU_VRM1 Temp
18:15:04.594,45.000000,CPU_VRM1 Temp
18:15:05.094,45.000000,CPU_VRM1 Temp
18:15:05.594,45.000000,CPU_VRM1 Temp
18:15:06.094,45.000000,CPU_VRM1 Temp
18:15:06.594,45.000000,CPU_VRM1 Temp
18:15:07.094,45.000000,CPU_VRM1 Temp
18:15:07.594,45.000000,CPU_VRM1 Temp
18:15:08.094,45.000000,CPU_VRM1 Temp
18:15:08.594,45.000000,CPU_VRM1 Temp
18:15:09.094,45.000000,CPU_VRM1 Temp
18:15:09.594,45.000000,CPU_VRM1 Temp
18:15:10.094,45.000000,CPU_VRM1 Temp
18:15:10.594,45.000000,CPU_VRM1 Temp
18:15:11.094,45.000000,CPU_VRM1 Temp
18:15:11.594,45.000000,CPU_VRM1 Temp
18:15:12.094,45.000000,CPU_VRM1 Temp
18:15:12.594,45.000000,CPU_VRM1 Temp
18:15:13.094,45.000000,CPU_VRM1 Temp
18:15:13.594,45.000000,CPU_VRM1 Temp
18:15:14.094,45.000000,CPU_VRM1 Temp
18:15:04.094,32.000000,SOC_VRM Temp
18:15:04.594,32.000000,SOC_VRM Temp
18:15:05.094,32.000000,SOC_VRM Temp
18:15:05.594,32.000000,SOC_VRM Temp
18:15:06.094,32.000000,SOC_VRM Temp
18:15:06.594,32.000000,SOC_VRM Temp
18:15:07.094,32.000000,SOC_VRM Temp
18:15:07.594,32.000000,SOC_VRM Temp
18:15:08.094,32.000000,SOC_VRM Temp
18:15:08.594,32.000000,SOC_VRM Temp
18:15:09.094,32.000000,SOC_VRM Temp
18:15:09.594,32.000000,SOC_VRM Temp
18:15:10.094,32.000000,SOC_VRM Temp
18:15:10.594,32.000000,SOC_VRM Temp
18:15:11.094,32.000000,SOC_VRM Temp
18:15:11.594,32.000000,SOC_VRM Temp
18:15:12.094,32.000000,SOC_VRM Temp
18:15:12.594,32.000000,SOC_VRM Temp
18:15:13.094,32.000000,SOC_VRM Temp
18:15:13.594,32.000000,SOC_VRM Temp
18:15:14.094,32.000000,SOC_VRM Temp
18:15:04.094,45.000000,VDDIO_VRM Temp
18:15:04.594,45.000000,VDDIO_VRM Temp
18:15:05.094,45.000000,VDDIO_VRM Temp
18:15:05.594,45.000000,VDDIO_VRM Temp
18:15:06.094,45.000000,VDDIO_VRM Temp
18:15:06.594,45.000000,VDDIO_VRM Temp
18:15:07.094,45.000000,VDDIO_VRM Temp
18:15:07.594,45.000000,VDDIO_VRM Temp
18:15:08.094,45.000000,VDDIO_VRM Temp
18:15:08.594,45.000000,VDDIO_VRM Temp
18:15:09.094,45.000000,VDDIO_VRM Temp
18:15:09.594,45.000000,VDDIO_VRM Temp
18:15:10.094,45.000000,VDDIO_VRM Temp
18:15:10.594,45.000000,VDDIO_VRM Temp
18:15:11.094,45.000000,VDDIO_VRM Temp
18:15:11.594,45.000000,VDDIO_VRM Temp
18:15:12.094,45.000000,VDDIO_VRM Temp
18:15:12.594,45.000000,VDDIO_VRM Temp
18:15:13.094,45.000000,VDDIO_VRM Temp
18:15:13.594,45.000000,VDDIO_VRM Temp
18:15:14.094,45.000000,VDDIO_VRM Temp
18:15:04.094,29.000000,DIMMA~C Temp
18:15:04.594,29.000000,DIMMA~C Temp
18:15:05.094,29.000000,DIMMA~C Temp
18:15:05.594,29.000000,DIMMA~C Temp
18:15:06.094,29.000000,DIMMA~C Temp
18:15:06.594,29.000000,DIMMA~C Temp
18:15:07.094,29.000000,DIMMA~C Temp
18:15:07.594,29.000000,DIMMA~C Temp
18:15:08.094,29.000000,DIMMA~C Temp
18:15:08.594,29.000000,DIMMA~C Temp
18:15:09.094,29.000000,DIMMA~C Temp
18:15:09.594,29.000000,DIMMA~C Temp
18:15:10.094,29.000000,DIMMA~C Temp
18:15:10.594,29.000000,DIMMA~C Temp
18:15:11.094,29.000000,DIMMA~C Temp
18:15:11.594,29.000000,DIMMA~C Temp
18:15:12.094,29.000000,DIMMA~C Temp
18:15:12.594,29.000000,DIMMA~C Temp
18:15:13.094,29.000000,DIMMA~C Temp
18:15:13.594,29.000000,DIMMA~C Temp
18:15:14.094,29.000000,DIMMA~C Temp
18:15:04.094,31.000000,DIMMD~F Temp
18:15:04.594,31.000000,DIMMD~F Temp
18:15:05.094,31.000000,DIMMD~F Temp
18:15:05.594,31.000000,DIMMD~F Temp
18:15:06.094,31.000000,DIMMD~F Temp
18:15:06.594,31.000000,DIMMD~F Temp
18:15:07.094,31.000000,DIMMD~F Temp
18:15:07.594,31.000000,DIMMD~F Temp
18:15:08.094,31.000000,DIMMD~F Temp
18:15:08.594,31.000000,DIMMD~F Temp
18:15:09.094,31.000000,DIMMD~F Temp
18:15:09.594,31.000000,DIMMD~F Temp
18:15:10.094,31.000000,DIMMD~F Temp
18:15:10.594,31.000000,DIMMD~F Temp
18:15:11.094,31.000000,DIMMD~F Temp
18:15:11.594,31.000000,DIMMD~F Temp
18:15:12.094,31.000000,DIMMD~F Temp
18:15:12.594,31.000000,DIMMD~F Temp
18:15:13.094,31.000000,DIMMD~F Temp
18:15:13.594,31.000000,DIMMD~F Temp
18:15:14.094,31.000000,DIMMD~F Temp
18:15:04.094,26.000000,Inlet Temp
18:15:04.594,26.000000,Inlet Temp
18:15:05.094,26.000000,Inlet Temp
18:15:05.594,26.000000,Inlet Temp
18:15:06.094,26.000000,Inlet Temp
18:15:06.594,26.000000,Inlet Temp
18:15:07.094,26.000000,Inlet Temp
18:15:07.594,26.000000,Inlet Temp
18:15:08.094,26.000000,Inlet Temp
18:15:08.594,26.000000,Inlet Temp
18:15:09.094,26.000000,Inlet Temp
18:15:09.594,26.000000,Inlet Temp
18:15:10.094,26.000000,Inlet Temp
18:15:10.594,26.000000,Inlet Temp
18:15:11.094,26.000000,Inlet Temp
18:15:11.594,26.000000,Inlet Temp
18:15:12.094,26.000000,Inlet Temp
18:15:12.594,26.000000,Inlet Temp
18:15:13.094,26.000000,Inlet Temp
18:15:13.594,26.000000,Inlet Temp
18:15:14.094,26.000000,Inlet Temp
18:15:04.165,22.000000,System Temp
18:15:04.665,22.000000,System Temp
18:15:05.165,22.000000,System Temp
18:15:05.665,22.000000,System Temp
18:15:06.165,22.000000,System Temp
18:15:06.665,22.000000,System Temp
18:15:07.165,22.000000,System Temp
18:15:07.665,22.000000,System Temp
18:15:08.165,22.000000,System Temp
18:15:08.665,22.000000,System Temp
18:15:09.165,22.000000,System Temp
18:15:09.665,22.000000,System Temp
18:15:10.165,22.000000,System Temp
18:15:10.665,22.000000,System Temp
18:15:11.165,22.000000,System Temp
18:15:11.665,22.000000,System Temp
18:15:12.165,22.000000,System Temp
18:15:12.665,22.000000,System Temp
18:15:13.165,22.000000,System Temp
18:15:13.665,22.000000,System Temp
18:15:14.165,22.000000,System Temp
18:15:14.665,22.000000,System Temp
18:15:04.165,39.000000,Peripheral Temp
18:15:04.665,39.000000,Peripheral Temp
18:15:05.165,39.000000,Peripheral Temp
18:15:05.665,39.000000,Peripheral Temp
18:15:06.165,39.000000,Peripheral Temp
18:15:06.665,39.000000,Peripheral Temp
18:15:07.165,39.000000,Peripheral Temp
18:15:07.665,39.000000,Peripheral Temp
18:15:08.165,39.000000,Peripheral Temp
18:15:08.665,39.000000,Peripheral Temp
18:15:09.165,39.000000,Peripheral Temp
18:15:09.665,39.000000,Peripheral Temp
18:15:10.165,39.000000,Peripheral Temp
18:15:10.665,39.000000,Peripheral Temp
18:15:11.165,39.000000,Peripheral Temp
18:15:11.665,39.000000,Peripheral Temp
18:15:12.165,39.000000,Peripheral Temp
18:15:12.665,39.000000,Peripheral Temp
18:15:13.165,39.000000,Peripheral Temp
18:15:13.665,39.000000,Peripheral Temp
18:15:14.165,39.000000,Peripheral Temp
18:15:14.665,39.000000,Peripheral Temp
18:15:04.165,49.000000,AOC_NIC2 Temp
18:15:04.665,49.000000,AOC_NIC2 Temp
18:15:05.165,49.000000,AOC_NIC2 Temp
18:15:05.665,49.000000,AOC_NIC2 Temp
18:15:06.165,49.000000,AOC_NIC2 Temp
18:15:06.665,49.000000,AOC_NIC2 Temp
18:15:07.165,49.000000,AOC_NIC2 Temp
18:15:07.665,49.000000,AOC_NIC2 Temp
18:15:08.165,49.000000,AOC_NIC2 Temp
18:15:08.665,49.000000,AOC_NIC2 Temp
18:15:09.165,49.000000,AOC_NIC2 Temp
18:15:09.665,49.000000,AOC_NIC2 Temp
18:15:10.165,49.000000,AOC_NIC2 Temp
18:15:10.665,49.000000,AOC_NIC2 Temp
18:15:11.165,49.000000,AOC_NIC2 Temp
18:15:11.665,49.000000,AOC_NIC2 Temp
18:15:12.165,49.000000,AOC_NIC2 Temp
18:15:12.665,49.000000,AOC_NIC2 Temp
18:15:13.165,49.000000,AOC_NIC2 Temp
18:15:13.665,49.000000,AOC_NIC2 Temp
18:15:14.165,49.000000,AOC_NIC2 Temp
18:15:14.665,49.000000,AOC_NIC2 Temp
18:15:04.165,27.000000,NVMe_SSDA Temp 
18:15:04.665,27.000000,NVMe_SSDA Temp 
18:15:05.165,27.000000,NVMe_SSDA Temp 
18:15:05.665,27.000000,NVMe_SSDA Temp 
18:15:06.165,27.000000,NVMe_SSDA Temp 
18:15:06.665,27.000000,NVMe_SSDA Temp 
18:15:07.165,27.000000,NVMe_SSDA Temp 
18:15:07.665,27.000000,NVMe_SSDA Temp 
18:15:08.165,27.000000,NVMe_SSDA Temp 
18:15:08.665,27.000000,NVMe_SSDA Temp 
18:15:09.165,27.000000,NVMe_SSDA Temp 
18:15:09.665,27.000000,NVMe_SSDA Temp 
18:15:10.165,27.000000,NVMe_SSDA Temp 
18:15:10.665,27.000000,NVMe_SSDA Temp 
18:15:11.165,27.000000,NVMe_SSDA Temp 
18:15:11.665,27.000000,NVMe_SSDA Temp 
18:15:12.165,27.000000,NVMe_SSDA Temp 
18:15:12.665,27.000000,NVMe_SSDA Temp 
18:15:13.165,27.000000,NVMe_SSDA Temp 
18:15:13.665,27.000000,NVMe_SSDA Temp 
18:15:14.165,27.000000,NVMe_SSDA Temp 
18:15:14.665,27.000000,NVMe_SSDA Temp 
18:15:04.165,67.000000,NIC Temp
18:15:04.665,67.000000,NIC Temp
18:15:05.165,67.000000,NIC Temp
18:15:05.665,67.000000,NIC Temp
18:15:06.165,67.000000,NIC Temp
18:15:06.665,67.000000,NIC Temp
18:15:07.165,67.000000,NIC Temp
18:15:07.665,67.000000,NIC Temp
18:15:08.165,67.000000,NIC Temp
18:15:08.665,67.000000,NIC Temp
18:15:09.165,67.000000,NIC Temp
18:15:09.665,67.000000,NIC Temp
18:15:10.165,67.000000,NIC Temp
18:15:10.665,67.000000,NIC Temp
18:15:11.165,67.000000,NIC Temp
18:15:11.665,67.000000,NIC Temp
18:15:12.165,67.000000,NIC Temp
18:15:12.665,67.000000,NIC Temp
18:15:13.165,67.000000,NIC Temp
18:15:13.665,67.000000,NIC Temp
18:15:14.165,67.000000,NIC Temp
18:15:14.665,67.000000,NIC Temp
18:15:04.165,29.000000,CPU_VRM0 Temp
18:15:04.665,29.000000,CPU_VRM0 Temp
18:15:05.165,29.000000,CPU_VRM0 Temp
18:15:05.665,29.000000,CPU_VRM0 Temp
18:15:06.165,29.000000,CPU_VRM0 Temp
18:15:06.665,29.000000,CPU_VRM0 Temp
18:15:07.165,29.000000,CPU_VRM0 Temp
18:15:07.665,29.000000,CPU_VRM0 Temp
18:15:08.165,29.000000,CPU_VRM0 Temp
18:15:08.665,29.000000,CPU_VRM0 Temp
18:15:09.165,29.000000,CPU_VRM0 Temp
18:15:09.665,29.000000,CPU_VRM0 Temp
18:15:10.165,29.000000,CPU_VRM0 Temp
18:15:10.665,29.000000,CPU_VRM0 Temp
18:15:11.165,29.000000,CPU_VRM0 Temp
18:15:11.665,29.000000,CPU_VRM0 Temp
18:15:12.165,29.000000,CPU_VRM0 Temp
18:15:12.665,29.000000,CPU_VRM0 Temp
18:15:13.165,29.000000,CPU_VRM0 Temp
18:15:13.665,29.000000,CPU_VRM0 Temp
18:15:14.165,29.000000,CPU_VRM0 Temp
18:15:14.665,29.000000,CPU_VRM0 Temp
18:15:04.165,48.000000,CPU Temp
18:15:04.665,48.000000,CPU Temp
18:15:05.165,48.000000,CPU Temp
18:15:05.665,48.000000,CPU Temp
18:15:06.165,48.000000,CPU Temp
18:15:06.665,48.000000,CPU Temp
18:15:07.165,48.000000,CPU Temp
18:15:07.665,48.000000,CPU Temp
18:15:08.165,48.000000,CPU Temp
18:15:08.665,48.000000,CPU Temp
18:15:09.165,48.000000,CPU Temp
18:15:09.665,48.000000,CPU Temp
18:15:10.165,48.000000,CPU Temp
18:15:10.665,48.000000,CPU Temp
18:15:11.165,48.000000,CPU Temp
18:15:11.665,48.000000,CPU Temp
18:15:12.165,48.000000,CPU Temp
18:15:12.665,48.000000,CPU Temp
18:15:13.165,48.000000,CPU Temp
18:15:13.665,48.000000,CPU Temp
18:15:14.165,48.000000,CPU Temp
18:15:14.665,48.000000,CPU Temp
18:15:04.165,45.000000,CPU_VRM1 Temp
18:15:04.665,45.000000,CPU_VRM1 Temp
18:15:05.165,45.000000,CPU_VRM1 Temp
18:15:05.665,45.000000,CPU_VRM1 Temp
18:15:06.165,45.000000,CPU_VRM1 Temp
18:15:06.665,45.000000,CPU_VRM1 Temp
18:15:07.165,45.000000,CPU_VRM1 Temp
18:15:07.665,45.000000,CPU_VRM1 Temp
18:15:08.165,45.000000,CPU_VRM1 Temp
18:15:08.665,45.000000,CPU_VRM1 Temp
18:15:09.165,45.000000,CPU_VRM1 Temp
18:15:09.665,45.000000,CPU_VRM1 Temp
18:15:10.165,45.000000,CPU_VRM1 Temp
18:15:10.665,45.000000,CPU_VRM1 Temp
18:15:11.165,45.000000,CPU_VRM1 Temp
18:15:11.665,45.000000,CPU_VRM1 Temp
18:15:12.165,45.000000,CPU_VRM1 Temp
18:15:12.665,45.000000,CPU_VRM1 Temp
18:15:13.165,45.000000,CPU_VRM1 Temp
18:15:13.665,45.000000,CPU_VRM1 Temp
18:15:14.165,45.000000,CPU_VRM1 Temp
18:15:14.665,45.000000,CPU_VRM1 Temp
18:15:04.165,32.000000,SOC_VRM Temp
18:15:04.665,32.000000,SOC_VRM Temp
18:15:05.165,32.000000,SOC_VRM Temp
18:15:05.665,32.000000,SOC_VRM Temp
18:15:06.165,32.000000,SOC_VRM Temp
18:15:06.665,32.000000,SOC_VRM Temp
18:15:07.165,32.000000,SOC_VRM Temp
18:15:07.665,32.000000,SOC_VRM Temp
18:15:08.165,32.000000,SOC_VRM Temp
18:15:08.665,32.000000,SOC_VRM Temp
18:15:09.165,32.000000,SOC_VRM Temp
18:15:09.665,32.000000,SOC_VRM Temp
18:15:10.165,32.000000,SOC_VRM Temp
18:15:10.665,32.000000,SOC_VRM Temp
18:15:11.165,32.000000,SOC_VRM Temp
18:15:11.665,32.000000,SOC_VRM Temp
18:15:12.165,32.000000,SOC_VRM Temp
18:15:12.665,32.000000,SOC_VRM Temp
18:15:13.165,32.000000,SOC_VRM Temp
18:15:13.665,32.000000,SOC_VRM Temp
18:15:14.165,32.000000,SOC_VRM Temp
18:15:14.665,32.000000,SOC_VRM Temp
18:15:04.165,45.000000,VDDIO_VRM Temp
18:15:04.665,45.000000,VDDIO_VRM Temp
18:15:05.165,45.000000,VDDIO_VRM Temp
18:15:05.665,45.000000,VDDIO_VRM Temp
18:15:06.165,45.000000,VDDIO_VRM Temp
18:15:06.665,45.000000,VDDIO_VRM Temp
18:15:07.165,45.000000,VDDIO_VRM Temp
18:15:07.665,45.000000,VDDIO_VRM Temp
18:15:08.165,45.000000,VDDIO_VRM Temp
18:15:08.665,45.000000,VDDIO_VRM Temp
18:15:09.165,45.000000,VDDIO_VRM Temp
18:15:09.665,45.000000,VDDIO_VRM Temp
18:15:10.165,45.000000,VDDIO_VRM Temp
18:15:10.665,45.000000,VDDIO_VRM Temp
18:15:11.165,45.000000,VDDIO_VRM Temp
18:15:11.665,45.000000,VDDIO_VRM Temp
18:15:12.165,45.000000,VDDIO_VRM Temp
18:15:12.665,45.000000,VDDIO_VRM Temp
18:15:13.165,45.000000,VDDIO_VRM Temp
18:15:13.665,45.000000,VDDIO_VRM Temp
18:15:14.165,45.000000,VDDIO_VRM Temp
18:15:14.665,45.000000,VDDIO_VRM Temp
18:15:04.165,29.000000,DIMMA~C Temp
18:15:04.665,29.000000,DIMMA~C Temp
18:15:05.165,29.000000,DIMMA~C Temp
18:15:05.665,29.000000,DIMMA~C Temp
18:15:06.165,29.000000,DIMMA~C Temp
18:15:06.665,29.000000,DIMMA~C Temp
18:15:07.165,29.000000,DIMMA~C Temp
18:15:07.665,29.000000,DIMMA~C Temp
18:15:08.165,29.000000,DIMMA~C Temp
18:15:08.665,29.000000,DIMMA~C Temp
18:15:09.165,29.000000,DIMMA~C Temp
18:15:09.665,29.000000,DIMMA~C Temp
18:15:10.165,29.000000,DIMMA~C Temp
18:15:10.665,29.000000,DIMMA~C Temp
18:15:11.165,29.000000,DIMMA~C Temp
18:15:11.665,29.000000,DIMMA~C Temp
18:15:12.165,29.000000,DIMMA~C Temp
18:15:12.665,29.000000,DIMMA~C Temp
18:15:13.165,29.000000,DIMMA~C Temp
18:15:13.665,29.000000,DIMMA~C Temp
18:15:14.165,29.000000,DIMMA~C Temp
18:15:14.665,29.000000,DIMMA~C Temp
18:15:04.165,31.000000,DIMMD~F Temp
18:15:04.665,31.000000,DIMMD~F Temp
18:15:05.165,31.000000,DIMMD~F Temp
18:15:05.665,31.000000,DIMMD~F Temp
18:15:06.165,31.000000,DIMMD~F Temp
18:15:06.665,31.000000,DIMMD~F Temp
18:15:07.165,31.000000,DIMMD~F Temp
18:15:07.665,31.000000,DIMMD~F Temp
18:15:08.165,31.000000,DIMMD~F Temp
18:15:08.665,31.000000,DIMMD~F Temp
18:15:09.165,31.000000,DIMMD~F Temp
18:15:09.665,31.000000,DIMMD~F Temp
18:15:10.165,31.000000,DIMMD~F Temp
18:15:10.665,31.000000,DIMMD~F Temp
18:15:11.165,31.000000,DIMMD~F Temp
18:15:11.665,31.000000,DIMMD~F Temp
18:15:12.165,31.000000,DIMMD~F Temp
18:15:12.665,31.000000,DIMMD~F Temp
18:15:13.165,31.000000,DIMMD~F Temp
18:15:13.665,31.000000,DIMMD~F Temp
18:15:14.165,31.000000,DIMMD~F Temp
18:15:14.665,31.000000,DIMMD~F Temp
18:15:04.165,26.000000,Inlet Temp
18:15:04.665,26.000000,Inlet Temp
18:15:05.165,26.000000,Inlet Temp
18:15:05.665,26.000000,Inlet Temp
18:15:06.165,26.000000,Inlet Temp
18:15:06.665,26.000000,Inlet Temp
18:15:07.165,26.000000,Inlet Temp
18:15:07.665,26.000000,Inlet Temp
18:15:08.165,26.000000,Inlet Temp
18:15:08.665,26.000000,Inlet Temp
18:15:09.165,26.000000,Inlet Temp
18:15:09.665,26.000000,Inlet Temp
18:15:10.165,26.000000,Inlet Temp
18:15:10.665,26.000000,Inlet Temp
18:15:11.165,26.000000,Inlet Temp
18:15:11.665,26.000000,Inlet Temp
18:15:12.165,26.000000,Inlet Temp
18:15:12.665,26.000000,Inlet Temp
18:15:13.165,26.000000,Inlet Temp
18:15:13.665,26.000000,Inlet Temp
18:15:14.165,26.000000,Inlet Temp
18:15:14.665,26.000000,Inlet Temp
18:15:07.140,22.000000,System Temp
18:15:07.640,22.000000,System Temp
18:15:08.140,22.000000,System Temp
18:15:08.640,22.000000,System Temp
18:15:09.140,22.000000,System Temp
18:15:09.640,22.000000,System Temp
18:15:10.140,22.000000,System Temp
18:15:10.640,22.000000,System Temp
18:15:11.140,22.000000,System Temp
18:15:11.640,22.000000,System Temp
18:15:12.140,22.000000,System Temp
18:15:12.640,22.000000,System Temp
18:15:13.140,22.000000,System Temp
18:15:13.640,22.000000,System Temp
18:15:14.140,22.000000,System Temp
18:15:14.640,22.000000,System Temp
18:15:15.140,22.000000,System Temp
18:15:15.640,22.000000,System Temp
18:15:16.140,22.000000,System Temp
18:15:16.640,22.000000,System Temp
18:15:17.140,22.000000,System Temp
18:15:17.640,22.000000,System Temp
18:15:18.140,22.000000,System Temp
18:15:18.640,22.000000,System Temp
18:15:19.140,22.000000,System Temp
18:15:19.640,22.000000,System Temp
18:15:20.140,22.000000,System Temp
18:15:20.640,22.000000,System Temp
18:15:21.140,22.000000,System Temp
18:15:07.140,39.000000,Peripheral Temp
18:15:07.640,39.000000,Peripheral Temp
18:15:08.140,39.000000,Peripheral Temp
18:15:08.640,39.000000,Peripheral Temp
18:15:09.140,39.000000,Peripheral Temp
18:15:09.640,39.000000,Peripheral Temp
18:15:10.140,39.000000,Peripheral Temp
18:15:10.640,39.000000,Peripheral Temp
18:15:11.140,39.000000,Peripheral Temp
18:15:11.640,39.000000,Peripheral Temp
18:15:12.140,39.000000,Peripheral Temp
18:15:12.640,39.000000,Peripheral Temp
18:15:13.140,39.000000,Peripheral Temp
18:15:13.640,39.000000,Peripheral Temp
18:15:14.140,39.000000,Peripheral Temp
18:15:14.640,39.000000,Peripheral Temp
18:15:15.140,39.000000,Peripheral Temp
18:15:15.640,39.000000,Peripheral Temp
18:15:16.140,39.000000,Peripheral Temp
18:15:16.640,39.000000,Peripheral Temp
18:15:17.140,39.000000,Peripheral Temp
18:15:17.640,39.000000,Peripheral Temp
18:15:18.140,39.000000,Peripheral Temp
18:15:18.640,39.000000,Peripheral Temp
18:15:19.140,39.000000,Peripheral Temp
18:15:19.640,39.000000,Peripheral Temp
18:15:20.140,39.000000,Peripheral Temp
18:15:20.640,39.000000,Peripheral Temp
18:15:21.140,39.000000,Peripheral Temp
18:15:07.140,49.000000,AOC_NIC2 Temp
18:15:07.640,49.000000,AOC_NIC2 Temp
18:15:08.140,49.000000,AOC_NIC2 Temp
18:15:08.640,49.000000,AOC_NIC2 Temp
18:15:09.140,49.000000,AOC_NIC2 Temp
18:15:09.640,49.000000,AOC_NIC2 Temp
18:15:10.140,49.000000,AOC_NIC2 Temp
18:15:10.640,49.000000,AOC_NIC2 Temp
18:15:11.140,49.000000,AOC_NIC2 Temp
18:15:11.640,49.000000,AOC_NIC2 Temp
18:15:12.140,49.000000,AOC_NIC2 Temp
18:15:12.640,49.000000,AOC_NIC2 Temp
18:15:13.140,49.000000,AOC_NIC2 Temp
18:15:13.640,49.000000,AOC_NIC2 Temp
18:15:14.140,49.000000,AOC_NIC2 Temp
18:15:14.640,49.000000,AOC_NIC2 Temp
18:15:15.140,49.000000,AOC_NIC2 Temp
18:15:15.640,49.000000,AOC_NIC2 Temp
18:15:16.140,49.000000,AOC_NIC2 Temp
18:15:16.640,49.000000,AOC_NIC2 Temp
18:15:17.140,49.000000,AOC_NIC2 Temp
18:15:17.640,49.000000,AOC_NIC2 Temp
18:15:18.140,49.000000,AOC_NIC2 Temp
18:15:18.640,49.000000,AOC_NIC2 Temp
18:15:19.140,49.000000,AOC_NIC2 Temp
18:15:19.640,49.000000,AOC_NIC2 Temp
18:15:20.140,49.000000,AOC_NIC2 Temp
18:15:20.640,49.000000,AOC_NIC2 Temp
18:15:21.140,49.000000,AOC_NIC2 Temp
18:15:07.140,27.000000,NVMe_SSDA Temp 
18:15:07.640,27.000000,NVMe_SSDA Temp 
18:15:08.140,27.000000,NVMe_SSDA Temp 
18:15:08.640,27.000000,NVMe_SSDA Temp 
18:15:09.140,27.000000,NVMe_SSDA Temp 
18:15:09.640,27.000000,NVMe_SSDA Temp 
18:15:10.140,27.000000,NVMe_SSDA Temp 
18:15:10.640,27.000000,NVMe_SSDA Temp 
18:15:11.140,27.000000,NVMe_SSDA Temp 
18:15:11.640,27.000000,NVMe_SSDA Temp 
18:15:12.140,27.000000,NVMe_SSDA Temp 
18:15:12.640,27.000000,NVMe_SSDA Temp 
18:15:13.140,27.000000,NVMe_SSDA Temp 
18:15:13.640,27.000000,NVMe_SSDA Temp 
18:15:14.140,27.000000,NVMe_SSDA Temp 
18:15:14.640,27.000000,NVMe_SSDA Temp 
18:15:15.140,27.000000,NVMe_SSDA Temp 
18:15:15.640,27.000000,NVMe_SSDA Temp 
18:15:16.140,27.000000,NVMe_SSDA Temp 
18:15:16.640,27.000000,NVMe_SSDA Temp 
18:15:17.140,27.000000,NVMe_SSDA Temp 
18:15:17.640,27.000000,NVMe_SSDA Temp 
18:15:18.140,27.000000,NVMe_SSDA Temp 
18:15:18.640,27.000000,NVMe_SSDA Temp 
18:15:19.140,27.000000,NVMe_SSDA Temp 
18:15:19.640,27.000000,NVMe_SSDA Temp 
18:15:20.140,27.000000,NVMe_SSDA Temp 
18:15:20.640,27.000000,NVMe_SSDA Temp 
18:15:21.140,27.000000,NVMe_SSDA Temp 
18:15:07.140,67.000000,NIC Temp
18:15:07.640,67.000000,NIC Temp
18:15:08.140,66.000000,NIC Temp
18:15:08.640,66.000000,NIC Temp
18:15:09.140,66.000000,NIC Temp
18:15:09.640,66.000000,NIC Temp
18:15:10.140,66.000000,NIC Temp
18:15:10.640,66.000000,NIC Temp
18:15:11.140,66.000000,NIC Temp
18:15:11.640,66.000000,NIC Temp
18:15:12.140,66.000000,NIC Temp
18:15:12.640,66.000000,NIC Temp
18:15:13.140,66.000000,NIC Temp
18:15:13.640,66.000000,NIC Temp
18:15:14.140,66.000000,NIC Temp
18:15:14.640,66.000000,NIC Temp
18:15:15.140,66.000000,NIC Temp
18:15:15.640,66.000000,NIC Temp
18:15:16.140,66.000000,NIC Temp
18:15:16.640,66.000000,NIC Temp
18:15:17.140,66.000000,NIC Temp
18:15:17.640,66.000000,NIC Temp
18:15:18.140,66.000000,NIC Temp
18:15:18.640,66.000000,NIC Temp
18:15:19.140,66.000000,NIC Temp
18:15:19.640,66.000000,NIC Temp
18:15:20.140,66.000000,NIC Temp
18:15:20.640,66.000000,NIC Temp
18:15:21.140,66.000000,NIC Temp
18:15:07.140,29.000000,CPU_VRM0 Temp
18:15:07.640,29.000000,CPU_VRM0 Temp
18:15:08.140,29.000000,CPU_VRM0 Temp
18:15:08.640,29.000000,CPU_VRM0 Temp
18:15:09.140,29.000000,CPU_VRM0 Temp
18:15:09.640,29.000000,CPU_VRM0 Temp
18:15:10.140,29.000000,CPU_VRM0 Temp
18:15:10.640,29.000000,CPU_VRM0 Temp
18:15:11.140,29.000000,CPU_VRM0 Temp
18:15:11.640,29.000000,CPU_VRM0 Temp
18:15:12.140,29.000000,CPU_VRM0 Temp
18:15:12.640,29.000000,CPU_VRM0 Temp
18:15:13.140,29.000000,CPU_VRM0 Temp
18:15:13.640,29.000000,CPU_VRM0 Temp
18:15:14.140,29.000000,CPU_VRM0 Temp
18:15:14.640,29.000000,CPU_VRM0 Temp
18:15:15.140,29.000000,CPU_VRM0 Temp
18:15:15.640,29.000000,CPU_VRM0 Temp
18:15:16.140,29.000000,CPU_VRM0 Temp
18:15:16.640,29.000000,CPU_VRM0 Temp
18:15:17.140,29.000000,CPU_VRM0 Temp
18:15:17.640,29.000000,CPU_VRM0 Temp
18:15:18.140,29.000000,CPU_VRM0 Temp
18:15:18.640,29.000000,CPU_VRM0 Temp
18:15:19.140,29.000000,CPU_VRM0 Temp
18:15:19.640,29.000000,CPU_VRM0 Temp
18:15:20.140,29.000000,CPU_VRM0 Temp
18:15:20.640,29.000000,CPU_VRM0 Temp
18:15:21.140,29.000000,CPU_VRM0 Temp
18:15:07.140,48.000000,CPU Temp
18:15:07.640,48.000000,CPU Temp
18:15:08.140,48.000000,CPU Temp
18:15:08.640,48.000000,CPU Temp
18:15:09.140,48.000000,CPU Temp
18:15:09.640,48.000000,CPU Temp
18:15:10.140,48.000000,CPU Temp
18:15:10.640,48.000000,CPU Temp
18:15:11.140,48.000000,CPU Temp
18:15:11.640,48.000000,CPU Temp
18:15:12.140,48.000000,CPU Temp
18:15:12.640,48.000000,CPU Temp
18:15:13.140,48.000000,CPU Temp
18:15:13.640,48.000000,CPU Temp
18:15:14.140,48.000000,CPU Temp
18:15:14.640,48.000000,CPU Temp
18:15:15.140,48.000000,CPU Temp
18:15:15.640,48.000000,CPU Temp
18:15:16.140,48.000000,CPU Temp
18:15:16.640,48.000000,CPU Temp
18:15:17.140,48.000000,CPU Temp
18:15:17.640,48.000000,CPU Temp
18:15:18.140,48.000000,CPU Temp
18:15:18.640,48.000000,CPU Temp
18:15:19.140,48.000000,CPU Temp
18:15:19.640,48.000000,CPU Temp
18:15:20.140,48.000000,CPU Temp
18:15:20.640,48.000000,CPU Temp
18:15:21.140,48.000000,CPU Temp
18:15:07.140,45.000000,CPU_VRM1 Temp
18:15:07.640,45.000000,CPU_VRM1 Temp
18:15:08.140,45.000000,CPU_VRM1 Temp
18:15:08.640,45.000000,CPU_VRM1 Temp
18:15:09.140,45.000000,CPU_VRM1 Temp
18:15:09.640,45.000000,CPU_VRM1 Temp
18:15:10.140,45.000000,CPU_VRM1 Temp
18:15:10.640,45.000000,CPU_VRM1 Temp
18:15:11.140,45.000000,CPU_VRM1 Temp
18:15:11.640,45.000000,CPU_VRM1 Temp
18:15:12.140,45.000000,CPU_VRM1 Temp
18:15:12.640,45.000000,CPU_VRM1 Temp
18:15:13.140,45.000000,CPU_VRM1 Temp
18:15:13.640,45.000000,CPU_VRM1 Temp
18:15:14.140,45.000000,CPU_VRM1 Temp
18:15:14.640,45.000000,CPU_VRM1 Temp
18:15:15.140,45.000000,CPU_VRM1 Temp
18:15:15.640,45.000000,CPU_VRM1 Temp
18:15:16.140,45.000000,CPU_VRM1 Temp
18:15:16.640,45.000000,CPU_VRM1 Temp
18:15:17.140,45.000000,CPU_VRM1 Temp
18:15:17.640,45.000000,CPU_VRM1 Temp
18:15:18.140,45.000000,CPU_VRM1 Temp
18:15:18.640,45.000000,CPU_VRM1 Temp
18:15:19.140,45.000000,CPU_VRM1 Temp
18:15:19.640,45.000000,CPU_VRM1 Temp
18:15:20.140,45.000000,CPU_VRM1 Temp
18:15:20.640,45.000000,CPU_VRM1 Temp
18:15:21.140,45.000000,CPU_VRM1 Temp
18:15:07.140,32.000000,SOC_VRM Temp
18:15:07.640,32.000000,SOC_VRM Temp
18:15:08.140,32.000000,SOC_VRM Temp
18:15:08.640,32.000000,SOC_VRM Temp
18:15:09.140,32.000000,SOC_VRM Temp
18:15:09.640,32.000000,SOC_VRM Temp
18:15:10.140,32.000000,SOC_VRM Temp
18:15:10.640,32.000000,SOC_VRM Temp
18:15:11.140,32.000000,SOC_VRM Temp
18:15:11.640,32.000000,SOC_VRM Temp
18:15:12.140,32.000000,SOC_VRM Temp
18:15:12.640,32.000000,SOC_VRM Temp
18:15:13.140,32.000000,SOC_VRM Temp
18:15:13.640,32.000000,SOC_VRM Temp
18:15:14.140,32.000000,SOC_VRM Temp
18:15:14.640,32.000000,SOC_VRM Temp
18:15:15.140,32.000000,SOC_VRM Temp
18:15:15.640,32.000000,SOC_VRM Temp
18:15:16.140,32.000000,SOC_VRM Temp
18:15:16.640,32.000000,SOC_VRM Temp
18:15:17.140,32.000000,SOC_VRM Temp
18:15:17.640,32.000000,SOC_VRM Temp
18:15:18.140,32.000000,SOC_VRM Temp
18:15:18.640,32.000000,SOC_VRM Temp
18:15:19.140,32.000000,SOC_VRM Temp
18:15:19.640,32.000000,SOC_VRM Temp
18:15:20.140,32.000000,SOC_VRM Temp
18:15:20.640,32.000000,SOC_VRM Temp
18:15:21.140,32.000000,SOC_VRM Temp
18:15:07.140,45.000000,VDDIO_VRM Temp
18:15:07.640,45.000000,VDDIO_VRM Temp
18:15:08.140,45.000000,VDDIO_VRM Temp
18:15:08.640,45.000000,VDDIO_VRM Temp
18:15:09.140,45.000000,VDDIO_VRM Temp
18:15:09.640,45.000000,VDDIO_VRM Temp
18:15:10.140,45.000000,VDDIO_VRM Temp
18:15:10.640,45.000000,VDDIO_VRM Temp
18:15:11.140,45.000000,VDDIO_VRM Temp
18:15:11.640,45.000000,VDDIO_VRM Temp
18:15:12.140,45.000000,VDDIO_VRM Temp
18:15:12.640,45.000000,VDDIO_VRM Temp
18:15:13.140,45.000000,VDDIO_VRM Temp
18:15:13.640,45.000000,VDDIO_VRM Temp
18:15:14.140,45.000000,VDDIO_VRM Temp
18:15:14.640,45.000000,VDDIO_VRM Temp
18:15:15.140,45.000000,VDDIO_VRM Temp
18:15:15.640,45.000000,VDDIO_VRM Temp
18:15:16.140,45.000000,VDDIO_VRM Temp
18:15:16.640,45.000000,VDDIO_VRM Temp
18:15:17.140,45.000000,VDDIO_VRM Temp
18:15:17.640,45.000000,VDDIO_VRM Temp
18:15:18.140,45.000000,VDDIO_VRM Temp
18:15:18.640,45.000000,VDDIO_VRM Temp
18:15:19.140,45.000000,VDDIO_VRM Temp
18:15:19.640,45.000000,VDDIO_VRM Temp
18:15:20.140,45.000000,VDDIO_VRM Temp
18:15:20.640,45.000000,VDDIO_VRM Temp
18:15:21.140,45.000000,VDDIO_VRM Temp
18:15:07.140,29.000000,DIMMA~C Temp
18:15:07.640,29.000000,DIMMA~C Temp
18:15:08.140,29.000000,DIMMA~C Temp
18:15:08.640,29.000000,DIMMA~C Temp
18:15:09.140,29.000000,DIMMA~C Temp
18:15:09.640,29.000000,DIMMA~C Temp
18:15:10.140,29.000000,DIMMA~C Temp
18:15:10.640,29.000000,DIMMA~C Temp
18:15:11.140,29.000000,DIMMA~C Temp
18:15:11.640,29.000000,DIMMA~C Temp
18:15:12.140,29.000000,DIMMA~C Temp
18:15:12.640,29.000000,DIMMA~C Temp
18:15:13.140,29.000000,DIMMA~C Temp
18:15:13.640,29.000000,DIMMA~C Temp
18:15:14.140,29.000000,DIMMA~C Temp
18:15:14.640,29.000000,DIMMA~C Temp
18:15:15.140,29.000000,DIMMA~C Temp
18:15:15.640,29.000000,DIMMA~C Temp
18:15:16.140,29.000000,DIMMA~C Temp
18:15:16.640,29.000000,DIMMA~C Temp
18:15:17.140,29.000000,DIMMA~C Temp
18:15:17.640,29.000000,DIMMA~C Temp
18:15:18.140,29.000000,DIMMA~C Temp
18:15:18.640,29.000000,DIMMA~C Temp
18:15:19.140,29.000000,DIMMA~C Temp
18:15:19.640,29.000000,DIMMA~C Temp
18:15:20.140,29.000000,DIMMA~C Temp
18:15:20.640,29.000000,DIMMA~C Temp
18:15:21.140,29.000000,DIMMA~C Temp
18:15:07.140,31.000000,DIMMD~F Temp
18:15:07.640,31.000000,DIMMD~F Temp
18:15:08.140,31.000000,DIMMD~F Temp
18:15:08.640,31.000000,DIMMD~F Temp
18:15:09.140,31.000000,DIMMD~F Temp
18:15:09.640,31.000000,DIMMD~F Temp
18:15:10.140,31.000000,DIMMD~F Temp
18:15:10.640,31.000000,DIMMD~F Temp
18:15:11.140,31.000000,DIMMD~F Temp
18:15:11.640,31.000000,DIMMD~F Temp
18:15:12.140,31.000000,DIMMD~F Temp
18:15:12.640,31.000000,DIMMD~F Temp
18:15:13.140,31.000000,DIMMD~F Temp
18:15:13.640,31.000000,DIMMD~F Temp
18:15:14.140,31.000000,DIMMD~F Temp
18:15:14.640,31.000000,DIMMD~F Temp
18:15:15.140,31.000000,DIMMD~F Temp
18:15:15.640,31.000000,DIMMD~F Temp
18:15:16.140,31.000000,DIMMD~F Temp
18:15:16.640,31.000000,DIMMD~F Temp
18:15:17.140,31.000000,DIMMD~F Temp
18:15:17.640,31.000000,DIMMD~F Temp
18:15:18.140,31.000000,DIMMD~F Temp
18:15:18.640,31.000000,DIMMD~F Temp
18:15:19.140,31.000000,DIMMD~F Temp
18:15:19.640,31.000000,DIMMD~F Temp
18:15:20.140,31.000000,DIMMD~F Temp
18:15:20.640,31.000000,DIMMD~F Temp
18:15:21.140,31.000000,DIMMD~F Temp
18:15:07.140,26.000000,Inlet Temp
18:15:07.640,26.000000,Inlet Temp
18:15:08.140,26.000000,Inlet Temp
18:15:08.640,26.000000,Inlet Temp
18:15:09.140,26.000000,Inlet Temp
18:15:09.640,26.000000,Inlet Temp
18:15:10.140,26.000000,Inlet Temp
18:15:10.640,26.000000,Inlet Temp
18:15:11.140,26.000000,Inlet Temp
18:15:11.640,26.000000,Inlet Temp
18:15:12.140,26.000000,Inlet Temp
18:15:12.640,26.000000,Inlet Temp
18:15:13.140,26.000000,Inlet Temp
18:15:13.640,26.000000,Inlet Temp
18:15:14.140,26.000000,Inlet Temp
18:15:14.640,26.000000,Inlet Temp
18:15:15.140,26.000000,Inlet Temp
18:15:15.640,26.000000,Inlet Temp
18:15:16.140,26.000000,Inlet Temp
18:15:16.640,26.000000,Inlet Temp
18:15:17.140,26.000000,Inlet Temp
18:15:17.640,26.000000,Inlet Temp
18:15:18.140,26.000000,Inlet Temp
18:15:18.640,26.000000,Inlet Temp
18:15:19.140,26.000000,Inlet Temp
18:15:19.640,26.000000,Inlet Temp
18:15:20.140,26.000000,Inlet Temp
18:15:20.640,26.000000,Inlet Temp
18:15:21.140,26.000000,Inlet Temp
18:15:11.213,22.000000,System Temp
18:15:11.713,22.000000,System Temp
18:15:12.213,22.000000,System Temp
18:15:12.713,22.000000,System Temp
18:15:13.213,22.000000,System Temp
18:15:13.713,22.000000,System Temp
18:15:14.213,22.000000,System Temp
18:15:14.713,22.000000,System Temp
18:15:15.213,22.000000,System Temp
18:15:15.713,22.000000,System Temp
18:15:16.213,22.000000,System Temp
18:15:16.713,22.000000,System Temp
18:15:17.213,22.000000,System Temp
18:15:17.713,22.000000,System Temp
18:15:18.213,22.000000,System Temp
18:15:18.713,22.000000,System Temp
18:15:19.213,22.000000,System Temp
18:15:19.713,22.000000,System Temp
18:15:20.213,22.000000,System Temp
18:15:20.713,22.000000,System Temp
18:15:21.213,22.000000,System Temp
18:15:21.713,22.000000,System Temp
18:15:22.213,22.000000,System Temp
18:15:22.713,22.000000,System Temp
18:15:23.213,22.000000,System Temp
18:15:23.713,22.000000,System Temp
18:15:24.213,22.000000,System Temp
18:15:24.713,22.000000,System Temp
18:15:25.213,22.000000,System Temp
18:15:11.213,39.000000,Peripheral Temp
18:15:11.713,39.000000,Peripheral Temp
18:15:12.213,39.000000,Peripheral Temp
18:15:12.713,39.000000,Peripheral Temp
18:15:13.213,39.000000,Peripheral Temp
18:15:13.713,39.000000,Peripheral Temp
18:15:14.213,39.000000,Peripheral Temp
18:15:14.713,39.000000,Peripheral Temp
18:15:15.213,39.000000,Peripheral Temp
18:15:15.713,39.000000,Peripheral Temp
18:15:16.213,39.000000,Peripheral Temp
18:15:16.713,39.000000,Peripheral Temp
18:15:17.213,39.000000,Peripheral Temp
18:15:17.713,39.000000,Peripheral Temp
18:15:18.213,39.000000,Peripheral Temp
18:15:18.713,39.000000,Peripheral Temp
18:15:19.213,39.000000,Peripheral Temp
18:15:19.713,39.000000,Peripheral Temp
18:15:20.213,39.000000,Peripheral Temp
18:15:20.713,39.000000,Peripheral Temp
18:15:21.213,39.000000,Peripheral Temp
18:15:21.713,39.000000,Peripheral Temp
18:15:22.213,39.000000,Peripheral Temp
18:15:22.713,39.000000,Peripheral Temp
18:15:23.213,39.000000,Peripheral Temp
18:15:23.713,39.000000,Peripheral Temp
18:15:24.213,39.000000,Peripheral Temp
18:15:24.713,39.000000,Peripheral Temp
18:15:25.213,39.000000,Peripheral Temp
18:15:11.213,49.000000,AOC_NIC2 Temp
18:15:11.713,49.000000,AOC_NIC2 Temp
18:15:12.213,49.000000,AOC_NIC2 Temp
18:15:12.713,49.000000,AOC_NIC2 Temp
18:15:13.213,50.000000,AOC_NIC2 Temp
18:15:13.713,50.000000,AOC_NIC2 Temp
18:15:14.213,50.000000,AOC_NIC2 Temp
18:15:14.713,50.000000,AOC_NIC2 Temp
18:15:15.213,50.000000,AOC_NIC2 Temp
18:15:15.713,50.000000,AOC_NIC2 Temp
18:15:16.213,50.000000,AOC_NIC2 Temp
18:15:16.713,50.000000,AOC_NIC2 Temp
18:15:17.213,50.000000,AOC_NIC2 Temp
18:15:17.713,50.000000,AOC_NIC2 Temp
18:15:18.213,50.000000,AOC_NIC2 Temp
18:15:18.713,50.000000,AOC_NIC2 Temp
18:15:19.213,50.000000,AOC_NIC2 Temp
18:15:19.713,50.000000,AOC_NIC2 Temp
18:15:20.213,50.000000,AOC_NIC2 Temp
18:15:20.713,50.000000,AOC_NIC2 Temp
18:15:21.213,50.000000,AOC_NIC2 Temp
18:15:21.713,50.000000,AOC_NIC2 Temp
18:15:22.213,50.000000,AOC_NIC2 Temp
18:15:22.713,50.000000,AOC_NIC2 Temp
18:15:23.213,50.000000,AOC_NIC2 Temp
18:15:23.713,50.000000,AOC_NIC2 Temp
18:15:24.213,50.000000,AOC_NIC2 Temp
18:15:24.713,50.000000,AOC_NIC2 Temp
18:15:25.213,50.000000,AOC_NIC2 Temp
18:15:11.213,27.000000,NVMe_SSDA Temp 
18:15:11.713,27.000000,NVMe_SSDA Temp 
18:15:12.213,27.000000,NVMe_SSDA Temp 
18:15:12.713,27.000000,NVMe_SSDA Temp 
18:15:13.213,28.000000,NVMe_SSDA Temp 
18:15:13.713,28.000000,NVMe_SSDA Temp 
18:15:14.213,28.000000,NVMe_SSDA Temp 
18:15:14.713,28.000000,NVMe_SSDA Temp 
18:15:15.213,28.000000,NVMe_SSDA Temp 
18:15:15.713,28.000000,NVMe_SSDA Temp 
18:15:16.213,28.000000,NVMe_SSDA Temp 
18:15:16.713,28.000000,NVMe_SSDA Temp 
18:15:17.213,28.000000,NVMe_SSDA Temp 
18:15:17.713,28.000000,NVMe_SSDA Temp 
18:15:18.213,28.000000,NVMe_SSDA Temp 
18:15:18.713,28.000000,NVMe_SSDA Temp 
18:15:19.213,28.000000,NVMe_SSDA Temp 
18:15:19.713,28.000000,NVMe_SSDA Temp 
18:15:20.213,28.000000,NVMe_SSDA Temp 
18:15:20.713,28.000000,NVMe_SSDA Temp 
18:15:21.213,28.000000,NVMe_SSDA Temp 
18:15:21.713,28.000000,NVMe_SSDA Temp 
18:15:22.213,28.000000,NVMe_SSDA Temp 
18:15:22.713,28.000000,NVMe_SSDA Temp 
18:15:23.213,28.000000,NVMe_SSDA Temp 
18:15:23.713,28.000000,NVMe_SSDA Temp 
18:15:24.213,28.000000,NVMe_SSDA Temp 
18:15:24.713,28.000000,NVMe_SSDA Temp 
18:15:25.213,28.000000,NVMe_SSDA Temp 
18:15:11.213,66.000000,NIC Temp
18:15:11.713,66.000000,NIC Temp
18:15:12.213,66.000000,NIC Temp
18:15:12.713,66.000000,NIC Temp
18:15:13.213,67.000000,NIC Temp
18:15:13.713,67.000000,NIC Temp
18:15:14.213,67.000000,NIC Temp
18:15:14.713,67.000000,NIC Temp
18:15:15.213,67.000000,NIC Temp
18:15:15.713,67.000000,NIC Temp
18:15:16.213,67.000000,NIC Temp
18:15:16.713,67.000000,NIC Temp
18:15:17.213,67.000000,NIC Temp
18:15:17.713,67.000000,NIC Temp
18:15:18.213,67.000000,NIC Temp
18:15:18.713,67.000000,NIC Temp
18:15:19.213,67.000000,NIC Temp
18:15:19.713,67.000000,NIC Temp
18:15:20.213,67.000000,NIC Temp
18:15:20.713,67.000000,NIC Temp
18:15:21.213,67.000000,NIC Temp
18:15:21.713,67.000000,NIC Temp
18:15:22.213,67.000000,NIC Temp
18:15:22.713,67.000000,NIC Temp
18:15:23.213,67.000000,NIC Temp
18:15:23.713,67.000000,NIC Temp
18:15:24.213,67.000000,NIC Temp
18:15:24.713,67.000000,NIC Temp
18:15:25.213,67.000000,NIC Temp
18:15:11.213,29.000000,CPU_VRM0 Temp
18:15:11.713,29.000000,CPU_VRM0 Temp
18:15:12.213,29.000000,CPU_VRM0 Temp
18:15:12.713,29.000000,CPU_VRM0 Temp
18:15:13.213,29.000000,CPU_VRM0 Temp
18:15:13.713,29.000000,CPU_VRM0 Temp
18:15:14.213,29.000000,CPU_VRM0 Temp
18:15:14.713,29.000000,CPU_VRM0 Temp
18:15:15.213,29.000000,CPU_VRM0 Temp
18:15:15.713,29.000000,CPU_VRM0 Temp
18:15:16.213,29.000000,CPU_VRM0 Temp
18:15:16.713,29.000000,CPU_VRM0 Temp
18:15:17.213,29.000000,CPU_VRM0 Temp
18:15:17.713,29.000000,CPU_VRM0 Temp
18:15:18.213,29.000000,CPU_VRM0 Temp
18:15:18.713,29.000000,CPU_VRM0 Temp
18:15:19.213,29.000000,CPU_VRM0 Temp
18:15:19.713,29.000000,CPU_VRM0 Temp
18:15:20.213,29.000000,CPU_VRM0 Temp
18:15:20.713,29.000000,CPU_VRM0 Temp
18:15:21.213,29.000000,CPU_VRM0 Temp
18:15:21.713,29.000000,CPU_VRM0 Temp
18:15:22.213,29.000000,CPU_VRM0 Temp
18:15:22.713,29.000000,CPU_VRM0 Temp
18:15:23.213,29.000000,CPU_VRM0 Temp
18:15:23.713,29.000000,CPU_VRM0 Temp
18:15:24.213,29.000000,CPU_VRM0 Temp
18:15:24.713,29.000000,CPU_VRM0 Temp
18:15:25.213,29.000000,CPU_VRM0 Temp
18:15:11.213,48.000000,CPU Temp
18:15:11.713,48.000000,CPU Temp
18:15:12.213,48.000000,CPU Temp
18:15:12.713,48.000000,CPU Temp
18:15:13.213,49.000000,CPU Temp
18:15:13.713,49.000000,CPU Temp
18:15:14.213,49.000000,CPU Temp
18:15:14.713,49.000000,CPU Temp
18:15:15.213,49.000000,CPU Temp
18:15:15.713,49.000000,CPU Temp
18:15:16.213,49.000000,CPU Temp
18:15:16.713,49.000000,CPU Temp
18:15:17.213,49.000000,CPU Temp
18:15:17.713,49.000000,CPU Temp
18:15:18.213,49.000000,CPU Temp
18:15:18.713,49.000000,CPU Temp
18:15:19.213,49.000000,CPU Temp
18:15:19.713,49.000000,CPU Temp
18:15:20.213,49.000000,CPU Temp
18:15:20.713,49.000000,CPU Temp
18:15:21.213,49.000000,CPU Temp
18:15:21.713,49.000000,CPU Temp
18:15:22.213,49.000000,CPU Temp
18:15:22.713,49.000000,CPU Temp
18:15:23.213,49.000000,CPU Temp
18:15:23.713,49.000000,CPU Temp
18:15:24.213,49.000000,CPU Temp
18:15:24.713,49.000000,CPU Temp
18:15:25.213,49.000000,CPU Temp
18:15:11.213,45.000000,CPU_VRM1 Temp
18:15:11.713,45.000000,CPU_VRM1 Temp
18:15:12.213,45.000000,CPU_VRM1 Temp
18:15:12.713,45.000000,CPU_VRM1 Temp
18:15:13.213,46.000000,CPU_VRM1 Temp
18:15:13.713,46.000000,CPU_VRM1 Temp
18:15:14.213,46.000000,CPU_VRM1 Temp
18:15:14.713,46.000000,CPU_VRM1 Temp
18:15:15.213,46.000000,CPU_VRM1 Temp
18:15:15.713,46.000000,CPU_VRM1 Temp
18:15:16.213,46.000000,CPU_VRM1 Temp
18:15:16.713,46.000000,CPU_VRM1 Temp
18:15:17.213,46.000000,CPU_VRM1 Temp
18:15:17.713,46.000000,CPU_VRM1 Temp
18:15:18.213,46.000000,CPU_VRM1 Temp
18:15:18.713,46.000000,CPU_VRM1 Temp
18:15:19.213,46.000000,CPU_VRM1 Temp
18:15:19.713,46.000000,CPU_VRM1 Temp
18:15:20.213,46.000000,CPU_VRM1 Temp
18:15:20.713,46.000000,CPU_VRM1 Temp
18:15:21.213,46.000000,CPU_VRM1 Temp
18:15:21.713,46.000000,CPU_VRM1 Temp
18:15:22.213,46.000000,CPU_VRM1 Temp
18:15:22.713,46.000000,CPU_VRM1 Temp
18:15:23.213,46.000000,CPU_VRM1 Temp
18:15:23.713,46.000000,CPU_VRM1 Temp
18:15:24.213,46.000000,CPU_VRM1 Temp
18:15:24.713,46.000000,CPU_VRM1 Temp
18:15:25.213,46.000000,CPU_VRM1 Temp
18:15:11.213,32.000000,SOC_VRM Temp
18:15:11.713,32.000000,SOC_VRM Temp
18:15:12.213,32.000000,SOC_VRM Temp
18:15:12.713,32.000000,SOC_VRM Temp
18:15:13.213,32.000000,SOC_VRM Temp
18:15:13.713,32.000000,SOC_VRM Temp
18:15:14.213,32.000000,SOC_VRM Temp
18:15:14.713,32.000000,SOC_VRM Temp
18:15:15.213,32.000000,SOC_VRM Temp
18:15:15.713,32.000000,SOC_VRM Temp
18:15:16.213,32.000000,SOC_VRM Temp
18:15:16.713,32.000000,SOC_VRM Temp
18:15:17.213,32.000000,SOC_VRM Temp
18:15:17.713,32.000000,SOC_VRM Temp
18:15:18.213,32.000000,SOC_VRM Temp
18:15:18.713,32.000000,SOC_VRM Temp
18:15:19.213,32.000000,SOC_VRM Temp
18:15:19.713,32.000000,SOC_VRM Temp
18:15:20.213,32.000000,SOC_VRM Temp
18:15:20.713,32.000000,SOC_VRM Temp
18:15:21.213,32.000000,SOC_VRM Temp
18:15:21.713,32.000000,SOC_VRM Temp
18:15:22.213,32.000000,SOC_VRM Temp
18:15:22.713,32.000000,SOC_VRM Temp
18:15:23.213,32.000000,SOC_VRM Temp
18:15:23.713,32.000000,SOC_VRM Temp
18:15:24.213,32.000000,SOC_VRM Temp
18:15:24.713,32.000000,SOC_VRM Temp
18:15:25.213,32.000000,SOC_VRM Temp
18:15:11.213,45.000000,VDDIO_VRM Temp
18:15:11.713,45.000000,VDDIO_VRM Temp
18:15:12.213,45.000000,VDDIO_VRM Temp
18:15:12.713,45.000000,VDDIO_VRM Temp
18:15:13.213,45.000000,VDDIO_VRM Temp
18:15:13.713,45.000000,VDDIO_VRM Temp
18:15:14.213,45.000000,VDDIO_VRM Temp
18:15:14.713,45.000000,VDDIO_VRM Temp
18:15:15.213,45.000000,VDDIO_VRM Temp
18:15:15.713,45.000000,VDDIO_VRM Temp
18:15:16.213,45.000000,VDDIO_VRM Temp
18:15:16.713,45.000000,VDDIO_VRM Temp
18:15:17.213,45.000000,VDDIO_VRM Temp
18:15:17.713,45.000000,VDDIO_VRM Temp
18:15:18.213,45.000000,VDDIO_VRM Temp
18:15:18.713,45.000000,VDDIO_VRM Temp
18:15:19.213,45.000000,VDDIO_VRM Temp
18:15:19.713,45.000000,VDDIO_VRM Temp
18:15:20.213,45.000000,VDDIO_VRM Temp
18:15:20.713,45.000000,VDDIO_VRM Temp
18:15:21.213,45.000000,VDDIO_VRM Temp
18:15:21.713,45.000000,VDDIO_VRM Temp
18:15:22.213,45.000000,VDDIO_VRM Temp
18:15:22.713,45.000000,VDDIO_VRM Temp
18:15:23.213,45.000000,VDDIO_VRM Temp
18:15:23.713,45.000000,VDDIO_VRM Temp
18:15:24.213,45.000000,VDDIO_VRM Temp
18:15:24.713,45.000000,VDDIO_VRM Temp
18:15:25.213,45.000000,VDDIO_VRM Temp
18:15:11.213,29.000000,DIMMA~C Temp
18:15:11.713,29.000000,DIMMA~C Temp
18:15:12.213,29.000000,DIMMA~C Temp
18:15:12.713,29.000000,DIMMA~C Temp
18:15:13.213,29.000000,DIMMA~C Temp
18:15:13.713,29.000000,DIMMA~C Temp
18:15:14.213,29.000000,DIMMA~C Temp
18:15:14.713,29.000000,DIMMA~C Temp
18:15:15.213,29.000000,DIMMA~C Temp
18:15:15.713,29.000000,DIMMA~C Temp
18:15:16.213,29.000000,DIMMA~C Temp
18:15:16.713,29.000000,DIMMA~C Temp
18:15:17.213,29.000000,DIMMA~C Temp
18:15:17.713,29.000000,DIMMA~C Temp
18:15:18.213,29.000000,DIMMA~C Temp
18:15:18.713,29.000000,DIMMA~C Temp
18:15:19.213,29.000000,DIMMA~C Temp
18:15:19.713,29.000000,DIMMA~C Temp
18:15:20.213,29.000000,DIMMA~C Temp
18:15:20.713,29.000000,DIMMA~C Temp
18:15:21.213,29.000000,DIMMA~C Temp
18:15:21.713,29.000000,DIMMA~C Temp
18:15:22.213,29.000000,DIMMA~C Temp
18:15:22.713,29.000000,DIMMA~C Temp
18:15:23.213,29.000000,DIMMA~C Temp
18:15:23.713,29.000000,DIMMA~C Temp
18:15:24.213,29.000000,DIMMA~C Temp
18:15:24.713,29.000000,DIMMA~C Temp
18:15:25.213,29.000000,DIMMA~C Temp
18:15:11.213,31.000000,DIMMD~F Temp
18:15:11.713,31.000000,DIMMD~F Temp
18:15:12.213,31.000000,DIMMD~F Temp
18:15:12.713,31.000000,DIMMD~F Temp
18:15:13.213,31.000000,DIMMD~F Temp
18:15:13.713,31.000000,DIMMD~F Temp
18:15:14.213,31.000000,DIMMD~F Temp
18:15:14.713,31.000000,DIMMD~F Temp
18:15:15.213,31.000000,DIMMD~F Temp
18:15:15.713,31.000000,DIMMD~F Temp
18:15:16.213,31.000000,DIMMD~F Temp
18:15:16.713,31.000000,DIMMD~F Temp
18:15:17.213,31.000000,DIMMD~F Temp
18:15:17.713,31.000000,DIMMD~F Temp
18:15:18.213,31.000000,DIMMD~F Temp
18:15:18.713,31.000000,DIMMD~F Temp
18:15:19.213,31.000000,DIMMD~F Temp
18:15:19.713,31.000000,DIMMD~F Temp
18:15:20.213,31.000000,DIMMD~F Temp
18:15:20.713,31.000000,DIMMD~F Temp
18:15:21.213,31.000000,DIMMD~F Temp
18:15:21.713,31.000000,DIMMD~F Temp
18:15:22.213,31.000000,DIMMD~F Temp
18:15:22.713,31.000000,DIMMD~F Temp
18:15:23.213,31.000000,DIMMD~F Temp
18:15:23.713,31.000000,DIMMD~F Temp
18:15:24.213,31.000000,DIMMD~F Temp
18:15:24.713,31.000000,DIMMD~F Temp
18:15:25.213,31.000000,DIMMD~F Temp
18:15:11.213,26.000000,Inlet Temp
18:15:11.713,26.000000,Inlet Temp
18:15:12.213,26.000000,Inlet Temp
18:15:12.713,26.000000,Inlet Temp
18:15:13.213,26.000000,Inlet Temp
18:15:13.713,26.000000,Inlet Temp
18:15:14.213,26.000000,Inlet Temp
18:15:14.713,26.000000,Inlet Temp
18:15:15.213,26.000000,Inlet Temp
18:15:15.713,26.000000,Inlet Temp
18:15:16.213,26.000000,Inlet Temp
18:15:16.713,26.000000,Inlet Temp
18:15:17.213,26.000000,Inlet Temp
18:15:17.713,26.000000,Inlet Temp
18:15:18.213,26.000000,Inlet Temp
18:15:18.713,26.000000,Inlet Temp
18:15:19.213,26.000000,Inlet Temp
18:15:19.713,26.000000,Inlet Temp
18:15:20.213,26.000000,Inlet Temp
18:15:20.713,26.000000,Inlet Temp
18:15:21.213,26.000000,Inlet Temp
18:15:21.713,26.000000,Inlet Temp
18:15:22.213,26.000000,Inlet Temp
18:15:22.713,26.000000,Inlet Temp
18:15:23.213,26.000000,Inlet Temp
18:15:23.713,26.000000,Inlet Temp
18:15:24.213,26.000000,Inlet Temp
18:15:24.713,26.000000,Inlet Temp
18:15:25.213,26.000000,Inlet Temp
18:15:11.147,22.000000,System Temp
18:15:11.647,22.000000,System Temp
18:15:12.147,22.000000,System Temp
18:15:12.647,22.000000,System Temp
18:15:13.147,22.000000,System Temp
18:15:13.647,22.000000,System Temp
18:15:14.147,22.000000,System Temp
18:15:14.647,22.000000,System Temp
18:15:15.147,22.000000,System Temp
18:15:15.647,22.000000,System Temp
18:15:16.147,22.000000,System Temp
18:15:16.647,22.000000,System Temp
18:15:17.147,22.000000,System Temp
18:15:17.647,22.000000,System Temp
18:15:18.147,22.000000,System Temp
18:15:18.647,22.000000,System Temp
18:15:19.147,22.000000,System Temp
18:15:19.647,22.000000,System Temp
18:15:20.147,22.000000,System Temp
18:15:20.647,22.000000,System Temp
18:15:21.147,22.000000,System Temp
18:15:21.647,22.000000,System Temp
18:15:22.147,22.000000,System Temp
18:15:22.647,22.000000,System Temp
18:15:23.147,22.000000,System Temp
18:15:23.647,22.000000,System Temp
18:15:24.147,22.000000,System Temp
18:15:24.647,22.000000,System Temp
18:15:25.147,22.000000,System Temp
18:15:25.647,22.000000,System Temp
18:15:11.147,39.000000,Peripheral Temp
18:15:11.647,39.000000,Peripheral Temp
18:15:12.147,39.000000,Peripheral Temp
18:15:12.647,39.000000,Peripheral Temp
18:15:13.147,39.000000,Peripheral Temp
18:15:13.647,39.000000,Peripheral Temp
18:15:14.147,39.000000,Peripheral Temp
18:15:14.647,39.000000,Peripheral Temp
18:15:15.147,39.000000,Peripheral Temp
18:15:15.647,39.000000,Peripheral Temp
18:15:16.147,39.000000,Peripheral Temp
18:15:16.647,39.000000,Peripheral Temp
18:15:17.147,39.000000,Peripheral Temp
18:15:17.647,39.000000,Peripheral Temp
18:15:18.147,39.000000,Peripheral Temp
18:15:18.647,39.000000,Peripheral Temp
18:15:19.147,39.000000,Peripheral Temp
18:15:19.647,39.000000,Peripheral Temp
18:15:20.147,39.000000,Peripheral Temp
18:15:20.647,39.000000,Peripheral Temp
18:15:21.147,39.000000,Peripheral Temp
18:15:21.647,39.000000,Peripheral Temp
18:15:22.147,39.000000,Peripheral Temp
18:15:22.647,39.000000,Peripheral Temp
18:15:23.147,39.000000,Peripheral Temp
18:15:23.647,39.000000,Peripheral Temp
18:15:24.147,39.000000,Peripheral Temp
18:15:24.647,39.000000,Peripheral Temp
18:15:25.147,39.000000,Peripheral Temp
18:15:25.647,39.000000,Peripheral Temp
18:15:11.147,49.000000,AOC_NIC2 Temp
18:15:11.647,49.000000,AOC_NIC2 Temp
18:15:12.147,49.000000,AOC_NIC2 Temp
18:15:12.647,49.000000,AOC_NIC2 Temp
18:15:13.147,50.000000,AOC_NIC2 Temp
18:15:13.647,50.000000,AOC_NIC2 Temp
18:15:14.147,50.000000,AOC_NIC2 Temp
18:15:14.647,50.000000,AOC_NIC2 Temp
18:15:15.147,50.000000,AOC_NIC2 Temp
18:15:15.647,50.000000,AOC_NIC2 Temp
18:15:16.147,50.000000,AOC_NIC2 Temp
18:15:16.647,50.000000,AOC_NIC2 Temp
18:15:17.147,50.000000,AOC_NIC2 Temp
18:15:17.647,50.000000,AOC_NIC2 Temp
18:15:18.147,50.000000,AOC_NIC2 Temp
18:15:18.647,50.000000,AOC_NIC2 Temp
18:15:19.147,50.000000,AOC_NIC2 Temp
18:15:19.647,50.000000,AOC_NIC2 Temp
18:15:20.147,50.000000,AOC_NIC2 Temp
18:15:20.647,50.000000,AOC_NIC2 Temp
18:15:21.147,50.000000,AOC_NIC2 Temp
18:15:21.647,50.000000,AOC_NIC2 Temp
18:15:22.147,50.000000,AOC_NIC2 Temp
18:15:22.647,50.000000,AOC_NIC2 Temp
18:15:23.147,50.000000,AOC_NIC2 Temp
18:15:23.647,50.000000,AOC_NIC2 Temp
18:15:24.147,50.000000,AOC_NIC2 Temp
18:15:24.647,50.000000,AOC_NIC2 Temp
18:15:25.147,50.000000,AOC_NIC2 Temp
18:15:25.647,50.000000,AOC_NIC2 Temp
18:15:11.147,27.000000,NVMe_SSDA Temp 
18:15:11.647,27.000000,NVMe_SSDA Temp 
18:15:12.147,27.000000,NVMe_SSDA Temp 
18:15:12.647,27.000000,NVMe_SSDA Temp 
18:15:13.147,28.000000,NVMe_SSDA Temp 
18:15:13.647,28.000000,NVMe_SSDA Temp 
18:15:14.147,28.000000,NVMe_SSDA Temp 
18:15:14.647,28.000000,NVMe_SSDA Temp 
18:15:15.147,28.000000,NVMe_SSDA Temp 
18:15:15.647,28.000000,NVMe_SSDA Temp 
18:15:16.147,28.000000,NVMe_SSDA Temp 
18:15:16.647,28.000000,NVMe_SSDA Temp 
18:15:17.147,28.000000,NVMe_SSDA Temp 
18:15:17.647,28.000000,NVMe_SSDA Temp 
18:15:18.147,28.000000,NVMe_SSDA Temp 
18:15:18.647,28.000000,NVMe_SSDA Temp 
18:15:19.147,28.000000,NVMe_SSDA Temp 
18:15:19.647,28.000000,NVMe_SSDA Temp 
18:15:20.147,28.000000,NVMe_SSDA Temp 
18:15:20.647,28.000000,NVMe_SSDA Temp 
18:15:21.147,28.000000,NVMe_SSDA Temp 
18:15:21.647,28.000000,NVMe_SSDA Temp 
18:15:22.147,28.000000,NVMe_SSDA Temp 
18:15:22.647,28.000000,NVMe_SSDA Temp 
18:15:23.147,28.000000,NVMe_SSDA Temp 
18:15:23.647,28.000000,NVMe_SSDA Temp 
18:15:24.147,28.000000,NVMe_SSDA Temp 
18:15:24.647,28.000000,NVMe_SSDA Temp 
18:15:25.147,28.000000,NVMe_SSDA Temp 
18:15:25.647,28.000000,NVMe_SSDA Temp 
18:15:11.147,66.000000,NIC Temp
18:15:11.647,66.000000,NIC Temp
18:15:12.147,66.000000,NIC Temp
18:15:12.647,66.000000,NIC Temp
18:15:13.147,67.000000,NIC Temp
18:15:13.647,67.000000,NIC Temp
18:15:14.147,67.000000,NIC Temp
18:15:14.647,67.000000,NIC Temp
18:15:15.147,67.000000,NIC Temp
18:15:15.647,67.000000,NIC Temp
18:15:16.147,67.000000,NIC Temp
18:15:16.647,67.000000,NIC Temp
18:15:17.147,67.000000,NIC Temp
18:15:17.647,67.000000,NIC Temp
18:15:18.147,67.000000,NIC Temp
18:15:18.647,67.000000,NIC Temp
18:15:19.147,67.000000,NIC Temp
18:15:19.647,67.000000,NIC Temp
18:15:20.147,67.000000,NIC Temp
18:15:20.647,67.000000,NIC Temp
18:15:21.147,67.000000,NIC Temp
18:15:21.647,67.000000,NIC Temp
18:15:22.147,67.000000,NIC Temp
18:15:22.647,67.000000,NIC Temp
18:15:23.147,67.000000,NIC Temp
18:15:23.647,67.000000,NIC Temp
18:15:24.147,67.000000,NIC Temp
18:15:24.647,67.000000,NIC Temp
18:15:25.147,67.000000,NIC Temp
18:15:25.647,67.000000,NIC Temp
18:15:11.147,29.000000,CPU_VRM0 Temp
18:15:11.647,29.000000,CPU_VRM0 Temp
18:15:12.147,29.000000,CPU_VRM0 Temp
18:15:12.647,29.000000,CPU_VRM0 Temp
18:15:13.147,29.000000,CPU_VRM0 Temp
18:15:13.647,29.000000,CPU_VRM0 Temp
18:15:14.147,29.000000,CPU_VRM0 Temp
18:15:14.647,29.000000,CPU_VRM0 Temp
18:15:15.147,29.000000,CPU_VRM0 Temp
18:15:15.647,29.000000,CPU_VRM0 Temp
18:15:16.147,29.000000,CPU_VRM0 Temp
18:15:16.647,29.000000,CPU_VRM0 Temp
18:15:17.147,29.000000,CPU_VRM0 Temp
18:15:17.647,29.000000,CPU_VRM0 Temp
18:15:18.147,29.000000,CPU_VRM0 Temp
18:15:18.647,29.000000,CPU_VRM0 Temp
18:15:19.147,29.000000,CPU_VRM0 Temp
18:15:19.647,29.000000,CPU_VRM0 Temp
18:15:20.147,29.000000,CPU_VRM0 Temp
18:15:20.647,29.000000,CPU_VRM0 Temp
18:15:21.147,29.000000,CPU_VRM0 Temp
18:15:21.647,29.000000,CPU_VRM0 Temp
18:15:22.147,29.000000,CPU_VRM0 Temp
18:15:22.647,29.000000,CPU_VRM0 Temp
18:15:23.147,29.000000,CPU_VRM0 Temp
18:15:23.647,29.000000,CPU_VRM0 Temp
18:15:24.147,29.000000,CPU_VRM0 Temp
18:15:24.647,29.000000,CPU_VRM0 Temp
18:15:25.147,29.000000,CPU_VRM0 Temp
18:15:25.647,29.000000,CPU_VRM0 Temp
18:15:11.147,48.000000,CPU Temp
18:15:11.647,48.000000,CPU Temp
18:15:12.147,48.000000,CPU Temp
18:15:12.647,48.000000,CPU Temp
18:15:13.147,49.000000,CPU Temp
18:15:13.647,49.000000,CPU Temp
18:15:14.147,49.000000,CPU Temp
18:15:14.647,49.000000,CPU Temp
18:15:15.147,49.000000,CPU Temp
18:15:15.647,49.000000,CPU Temp
18:15:16.147,49.000000,CPU Temp
18:15:16.647,49.000000,CPU Temp
18:15:17.147,49.000000,CPU Temp
18:15:17.647,49.000000,CPU Temp
18:15:18.147,49.000000,CPU Temp
18:15:18.647,49.000000,CPU Temp
18:15:19.147,49.000000,CPU Temp
18:15:19.647,49.000000,CPU Temp
18:15:20.147,49.000000,CPU Temp
18:15:20.647,49.000000,CPU Temp
18:15:21.147,49.000000,CPU Temp
18:15:21.647,49.000000,CPU Temp
18:15:22.147,49.000000,CPU Temp
18:15:22.647,49.000000,CPU Temp
18:15:23.147,49.000000,CPU Temp
18:15:23.647,49.000000,CPU Temp
18:15:24.147,49.000000,CPU Temp
18:15:24.647,49.000000,CPU Temp
18:15:25.147,49.000000,CPU Temp
18:15:25.647,49.000000,CPU Temp
18:15:11.147,45.000000,CPU_VRM1 Temp
18:15:11.647,45.000000,CPU_VRM1 Temp
18:15:12.147,45.000000,CPU_VRM1 Temp
18:15:12.647,45.000000,CPU_VRM1 Temp
18:15:13.147,46.000000,CPU_VRM1 Temp
18:15:13.647,46.000000,CPU_VRM1 Temp
18:15:14.147,46.000000,CPU_VRM1 Temp
18:15:14.647,46.000000,CPU_VRM1 Temp
18:15:15.147,46.000000,CPU_VRM1 Temp
18:15:15.647,46.000000,CPU_VRM1 Temp
18:15:16.147,46.000000,CPU_VRM1 Temp
18:15:16.647,46.000000,CPU_VRM1 Temp
18:15:17.147,46.000000,CPU_VRM1 Temp
18:15:17.647,46.000000,CPU_VRM1 Temp
18:15:18.147,46.000000,CPU_VRM1 Temp
18:15:18.647,46.000000,CPU_VRM1 Temp
18:15:19.147,46.000000,CPU_VRM1 Temp
18:15:19.647,46.000000,CPU_VRM1 Temp
18:15:20.147,46.000000,CPU_VRM1 Temp
18:15:20.647,46.000000,CPU_VRM1 Temp
18:15:21.147,46.000000,CPU_VRM1 Temp
18:15:21.647,46.000000,CPU_VRM1 Temp
18:15:22.147,46.000000,CPU_VRM1 Temp
18:15:22.647,46.000000,CPU_VRM1 Temp
18:15:23.147,46.000000,CPU_VRM1 Temp
18:15:23.647,46.000000,CPU_VRM1 Temp
18:15:24.147,46.000000,CPU_VRM1 Temp
18:15:24.647,46.000000,CPU_VRM1 Temp
18:15:25.147,46.000000,CPU_VRM1 Temp
18:15:25.647,46.000000,CPU_VRM1 Temp
18:15:11.147,32.000000,SOC_VRM Temp
18:15:11.647,32.000000,SOC_VRM Temp
18:15:12.147,32.000000,SOC_VRM Temp
18:15:12.647,32.000000,SOC_VRM Temp
18:15:13.147,32.000000,SOC_VRM Temp
18:15:13.647,32.000000,SOC_VRM Temp
18:15:14.147,32.000000,SOC_VRM Temp
18:15:14.647,32.000000,SOC_VRM Temp
18:15:15.147,32.000000,SOC_VRM Temp
18:15:15.647,32.000000,SOC_VRM Temp
18:15:16.147,32.000000,SOC_VRM Temp
18:15:16.647,32.000000,SOC_VRM Temp
18:15:17.147,32.000000,SOC_VRM Temp
18:15:17.647,32.000000,SOC_VRM Temp
18:15:18.147,32.000000,SOC_VRM Temp
18:15:18.647,32.000000,SOC_VRM Temp
18:15:19.147,32.000000,SOC_VRM Temp
18:15:19.647,32.000000,SOC_VRM Temp
18:15:20.147,32.000000,SOC_VRM Temp
18:15:20.647,32.000000,SOC_VRM Temp
18:15:21.147,32.000000,SOC_VRM Temp
18:15:21.647,32.000000,SOC_VRM Temp
18:15:22.147,32.000000,SOC_VRM Temp
18:15:22.647,32.000000,SOC_VRM Temp
18:15:23.147,32.000000,SOC_VRM Temp
18:15:23.647,32.000000,SOC_VRM Temp
18:15:24.147,32.000000,SOC_VRM Temp
18:15:24.647,32.000000,SOC_VRM Temp
18:15:25.147,32.000000,SOC_VRM Temp
18:15:25.647,32.000000,SOC_VRM Temp
18:15:11.147,45.000000,VDDIO_VRM Temp
18:15:11.647,45.000000,VDDIO_VRM Temp
18:15:12.147,45.000000,VDDIO_VRM Temp
18:15:12.647,45.000000,VDDIO_VRM Temp
18:15:13.147,45.000000,VDDIO_VRM Temp
18:15:13.647,45.000000,VDDIO_VRM Temp
18:15:14.147,45.000000,VDDIO_VRM Temp
18:15:14.647,45.000000,VDDIO_VRM Temp
18:15:15.147,45.000000,VDDIO_VRM Temp
18:15:15.647,45.000000,VDDIO_VRM Temp
18:15:16.147,45.000000,VDDIO_VRM Temp
18:15:16.647,45.000000,VDDIO_VRM Temp
18:15:17.147,45.000000,VDDIO_VRM Temp
18:15:17.647,45.000000,VDDIO_VRM Temp
18:15:18.147,45.000000,VDDIO_VRM Temp
18:15:18.647,45.000000,VDDIO_VRM Temp
18:15:19.147,45.000000,VDDIO_VRM Temp
18:15:19.647,45.000000,VDDIO_VRM Temp
18:15:20.147,45.000000,VDDIO_VRM Temp
18:15:20.647,45.000000,VDDIO_VRM Temp
18:15:21.147,45.000000,VDDIO_VRM Temp
18:15:21.647,45.000000,VDDIO_VRM Temp
18:15:22.147,45.000000,VDDIO_VRM Temp
18:15:22.647,45.000000,VDDIO_VRM Temp
18:15:23.147,45.000000,VDDIO_VRM Temp
18:15:23.647,45.000000,VDDIO_VRM Temp
18:15:24.147,45.000000,VDDIO_VRM Temp
18:15:24.647,45.000000,VDDIO_VRM Temp
18:15:25.147,45.000000,VDDIO_VRM Temp
18:15:25.647,45.000000,VDDIO_VRM Temp
18:15:11.147,29.000000,DIMMA~C Temp
18:15:11.647,29.000000,DIMMA~C Temp
18:15:12.147,29.000000,DIMMA~C Temp
18:15:12.647,29.000000,DIMMA~C Temp
18:15:13.147,29.000000,DIMMA~C Temp
18:15:13.647,29.000000,DIMMA~C Temp
18:15:14.147,29.000000,DIMMA~C Temp
18:15:14.647,29.000000,DIMMA~C Temp
18:15:15.147,29.000000,DIMMA~C Temp
18:15:15.647,29.000000,DIMMA~C Temp
18:15:16.147,29.000000,DIMMA~C Temp
18:15:16.647,29.000000,DIMMA~C Temp
18:15:17.147,29.000000,DIMMA~C Temp
18:15:17.647,29.000000,DIMMA~C Temp
18:15:18.147,29.000000,DIMMA~C Temp
18:15:18.647,29.000000,DIMMA~C Temp
18:15:19.147,29.000000,DIMMA~C Temp
18:15:19.647,29.000000,DIMMA~C Temp
18:15:20.147,29.000000,DIMMA~C Temp
18:15:20.647,29.000000,DIMMA~C Temp
18:15:21.147,29.000000,DIMMA~C Temp
18:15:21.647,29.000000,DIMMA~C Temp
18:15:22.147,29.000000,DIMMA~C Temp
18:15:22.647,29.000000,DIMMA~C Temp
18:15:23.147,29.000000,DIMMA~C Temp
18:15:23.647,29.000000,DIMMA~C Temp
18:15:24.147,29.000000,DIMMA~C Temp
18:15:24.647,29.000000,DIMMA~C Temp
18:15:25.147,29.000000,DIMMA~C Temp
18:15:25.647,29.000000,DIMMA~C Temp
18:15:11.147,31.000000,DIMMD~F Temp
18:15:11.647,31.000000,DIMMD~F Temp
18:15:12.147,31.000000,DIMMD~F Temp
18:15:12.647,31.000000,DIMMD~F Temp
18:15:13.147,31.000000,DIMMD~F Temp
18:15:13.647,31.000000,DIMMD~F Temp
18:15:14.147,31.000000,DIMMD~F Temp
18:15:14.647,31.000000,DIMMD~F Temp
18:15:15.147,31.000000,DIMMD~F Temp
18:15:15.647,31.000000,DIMMD~F Temp
18:15:16.147,31.000000,DIMMD~F Temp
18:15:16.647,31.000000,DIMMD~F Temp
18:15:17.147,31.000000,DIMMD~F Temp
18:15:17.647,31.000000,DIMMD~F Temp
18:15:18.147,31.000000,DIMMD~F Temp
18:15:18.647,31.000000,DIMMD~F Temp
18:15:19.147,31.000000,DIMMD~F Temp
18:15:19.647,31.000000,DIMMD~F Temp
18:15:20.147,31.000000,DIMMD~F Temp
18:15:20.647,31.000000,DIMMD~F Temp
18:15:21.147,31.000000,DIMMD~F Temp
18:15:21.647,31.000000,DIMMD~F Temp
18:15:22.147,31.000000,DIMMD~F Temp
18:15:22.647,31.000000,DIMMD~F Temp
18:15:23.147,31.000000,DIMMD~F Temp
18:15:23.647,31.000000,DIMMD~F Temp
18:15:24.147,31.000000,DIMMD~F Temp
18:15:24.647,31.000000,DIMMD~F Temp
18:15:25.147,31.000000,DIMMD~F Temp
18:15:25.647,31.000000,DIMMD~F Temp
18:15:11.147,26.000000,Inlet Temp
18:15:11.647,26.000000,Inlet Temp
18:15:12.147,26.000000,Inlet Temp
18:15:12.647,26.000000,Inlet Temp
18:15:13.147,26.000000,Inlet Temp
18:15:13.647,26.000000,Inlet Temp
18:15:14.147,26.000000,Inlet Temp
18:15:14.647,26.000000,Inlet Temp
18:15:15.147,26.000000,Inlet Temp
18:15:15.647,26.000000,Inlet Temp
18:15:16.147,26.000000,Inlet Temp
18:15:16.647,26.000000,Inlet Temp
18:15:17.147,26.000000,Inlet Temp
18:15:17.647,26.000000,Inlet Temp
18:15:18.147,26.000000,Inlet Temp
18:15:18.647,26.000000,Inlet Temp
18:15:19.147,26.000000,Inlet Temp
18:15:19.647,26.000000,Inlet Temp
18:15:20.147,26.000000,Inlet Temp
18:15:20.647,26.000000,Inlet Temp
18:15:21.147,26.000000,Inlet Temp
18:15:21.647,26.000000,Inlet Temp
18:15:22.147,26.000000,Inlet Temp
18:15:22.647,26.000000,Inlet Temp
18:15:23.147,26.000000,Inlet Temp
18:15:23.647,26.000000,Inlet Temp
18:15:24.147,26.000000,Inlet Temp
18:15:24.647,26.000000,Inlet Temp
18:15:25.147,26.000000,Inlet Temp
18:15:25.647,26.000000,Inlet Temp
18:15:11.218,22.000000,System Temp
18:15:11.718,22.000000,System Temp
18:15:12.218,22.000000,System Temp
18:15:12.718,22.000000,System Temp
18:15:13.218,22.000000,System Temp
18:15:13.718,22.000000,System Temp
18:15:14.218,22.000000,System Temp
18:15:14.718,22.000000,System Temp
18:15:15.218,22.000000,System Temp
18:15:15.718,22.000000,System Temp
18:15:16.218,22.000000,System Temp
18:15:16.718,22.000000,System Temp
18:15:17.218,22.000000,System Temp
18:15:17.718,22.000000,System Temp
18:15:18.218,22.000000,System Temp
18:15:18.718,22.000000,System Temp
18:15:19.218,22.000000,System Temp
18:15:19.718,22.000000,System Temp
18:15:20.218,22.000000,System Temp
18:15:20.718,22.000000,System Temp
18:15:21.218,22.000000,System Temp
18:15:21.718,22.000000,System Temp
18:15:22.218,22.000000,System Temp
18:15:22.718,22.000000,System Temp
18:15:23.218,22.000000,System Temp
18:15:23.718,22.000000,System Temp
18:15:24.218,22.000000,System Temp
18:15:24.718,22.000000,System Temp
18:15:25.218,22.000000,System Temp
18:15:25.718,22.000000,System Temp
18:15:26.218,22.000000,System Temp
18:15:26.718,22.000000,System Temp
18:15:11.218,39.000000,Peripheral Temp
18:15:11.718,39.000000,Peripheral Temp
18:15:12.218,39.000000,Peripheral Temp
18:15:12.718,39.000000,Peripheral Temp
18:15:13.218,39.000000,Peripheral Temp
18:15:13.718,39.000000,Peripheral Temp
18:15:14.218,39.000000,Peripheral Temp
18:15:14.718,39.000000,Peripheral Temp
18:15:15.218,39.000000,Peripheral Temp
18:15:15.718,39.000000,Peripheral Temp
18:15:16.218,39.000000,Peripheral Temp
18:15:16.718,39.000000,Peripheral Temp
18:15:17.218,39.000000,Peripheral Temp
18:15:17.718,39.000000,Peripheral Temp
18:15:18.218,39.000000,Peripheral Temp
18:15:18.718,39.000000,Peripheral Temp
18:15:19.218,39.000000,Peripheral Temp
18:15:19.718,39.000000,Peripheral Temp
18:15:20.218,39.000000,Peripheral Temp
18:15:20.718,39.000000,Peripheral Temp
18:15:21.218,39.000000,Peripheral Temp
18:15:21.718,39.000000,Peripheral Temp
18:15:22.218,39.000000,Peripheral Temp
18:15:22.718,39.000000,Peripheral Temp
18:15:23.218,39.000000,Peripheral Temp
18:15:23.718,39.000000,Peripheral Temp
18:15:24.218,39.000000,Peripheral Temp
18:15:24.718,39.000000,Peripheral Temp
18:15:25.218,39.000000,Peripheral Temp
18:15:25.718,39.000000,Peripheral Temp
18:15:26.218,39.000000,Peripheral Temp
18:15:26.718,39.000000,Peripheral Temp
18:15:11.218,49.000000,AOC_NIC2 Temp
18:15:11.718,49.000000,AOC_NIC2 Temp
18:15:12.218,49.000000,AOC_NIC2 Temp
18:15:12.718,49.000000,AOC_NIC2 Temp
18:15:13.218,50.000000,AOC_NIC2 Temp
18:15:13.718,50.000000,AOC_NIC2 Temp
18:15:14.218,50.000000,AOC_NIC2 Temp
18:15:14.718,50.000000,AOC_NIC2 Temp
18:15:15.218,50.000000,AOC_NIC2 Temp
18:15:15.718,50.000000,AOC_NIC2 Temp
18:15:16.218,50.000000,AOC_NIC2 Temp
18:15:16.718,50.000000,AOC_NIC2 Temp
18:15:17.218,50.000000,AOC_NIC2 Temp
18:15:17.718,50.000000,AOC_NIC2 Temp
18:15:18.218,50.000000,AOC_NIC2 Temp
18:15:18.718,50.000000,AOC_NIC2 Temp
18:15:19.218,50.000000,AOC_NIC2 Temp
18:15:19.718,50.000000,AOC_NIC2 Temp
18:15:20.218,50.000000,AOC_NIC2 Temp
18:15:20.718,50.000000,AOC_NIC2 Temp
18:15:21.218,50.000000,AOC_NIC2 Temp
18:15:21.718,50.000000,AOC_NIC2 Temp
18:15:22.218,50.000000,AOC_NIC2 Temp
18:15:22.718,50.000000,AOC_NIC2 Temp
18:15:23.218,50.000000,AOC_NIC2 Temp
18:15:23.718,50.000000,AOC_NIC2 Temp
18:15:24.218,50.000000,AOC_NIC2 Temp
18:15:24.718,50.000000,AOC_NIC2 Temp
18:15:25.218,50.000000,AOC_NIC2 Temp
18:15:25.718,50.000000,AOC_NIC2 Temp
18:15:26.218,50.000000,AOC_NIC2 Temp
18:15:26.718,50.000000,AOC_NIC2 Temp
18:15:11.218,27.000000,NVMe_SSDA Temp 
18:15:11.718,27.000000,NVMe_SSDA Temp 
18:15:12.218,27.000000,NVMe_SSDA Temp 
18:15:12.718,27.000000,NVMe_SSDA Temp 
18:15:13.218,28.000000,NVMe_SSDA Temp 
18:15:13.718,28.000000,NVMe_SSDA Temp 
18:15:14.218,28.000000,NVMe_SSDA Temp 
18:15:14.718,28.000000,NVMe_SSDA Temp 
18:15:15.218,28.000000,NVMe_SSDA Temp 
18:15:15.718,28.000000,NVMe_SSDA Temp 
18:15:16.218,28.000000,NVMe_SSDA Temp 
18:15:16.718,28.000000,NVMe_SSDA Temp 
18:15:17.218,28.000000,NVMe_SSDA Temp 
18:15:17.718,28.000000,NVMe_SSDA Temp 
18:15:18.218,28.000000,NVMe_SSDA Temp 
18:15:18.718,28.000000,NVMe_SSDA Temp 
18:15:19.218,28.000000,NVMe_SSDA Temp 
18:15:19.718,28.000000,NVMe_SSDA Temp 
18:15:20.218,28.000000,NVMe_SSDA Temp 
18:15:20.718,28.000000,NVMe_SSDA Temp 
18:15:21.218,28.000000,NVMe_SSDA Temp 
18:15:21.718,28.000000,NVMe_SSDA Temp 
18:15:22.218,28.000000,NVMe_SSDA Temp 
18:15:22.718,28.000000,NVMe_SSDA Temp 
18:15:23.218,28.000000,NVMe_SSDA Temp 
18:15:23.718,28.000000,NVMe_SSDA Temp 
18:15:24.218,28.000000,NVMe_SSDA Temp 
18:15:24.718,28.000000,NVMe_SSDA Temp 
18:15:25.218,28.000000,NVMe_SSDA Temp 
18:15:25.718,28.000000,NVMe_SSDA Temp 
18:15:26.218,28.000000,NVMe_SSDA Temp 
18:15:26.718,28.000000,NVMe_SSDA Temp 
18:15:11.218,66.000000,NIC Temp
18:15:11.718,66.000000,NIC Temp
18:15:12.218,66.000000,NIC Temp
18:15:12.718,66.000000,NIC Temp
18:15:13.218,67.000000,NIC Temp
18:15:13.718,67.000000,NIC Temp
18:15:14.218,67.000000,NIC Temp
18:15:14.718,67.000000,NIC Temp
18:15:15.218,67.000000,NIC Temp
18:15:15.718,67.000000,NIC Temp
18:15:16.218,67.000000,NIC Temp
18:15:16.718,67.000000,NIC Temp
18:15:17.218,67.000000,NIC Temp
18:15:17.718,67.000000,NIC Temp
18:15:18.218,67.000000,NIC Temp
18:15:18.718,67.000000,NIC Temp
18:15:19.218,67.000000,NIC Temp
18:15:19.718,67.000000,NIC Temp
18:15:20.218,67.000000,NIC Temp
18:15:20.718,67.000000,NIC Temp
18:15:21.218,67.000000,NIC Temp
18:15:21.718,67.000000,NIC Temp
18:15:22.218,67.000000,NIC Temp
18:15:22.718,67.000000,NIC Temp
18:15:23.218,67.000000,NIC Temp
18:15:23.718,67.000000,NIC Temp
18:15:24.218,67.000000,NIC Temp
18:15:24.718,67.000000,NIC Temp
18:15:25.218,67.000000,NIC Temp
18:15:25.718,67.000000,NIC Temp
18:15:26.218,67.000000,NIC Temp
18:15:26.718,67.000000,NIC Temp
18:15:11.218,29.000000,CPU_VRM0 Temp
18:15:11.718,29.000000,CPU_VRM0 Temp
18:15:12.218,29.000000,CPU_VRM0 Temp
18:15:12.718,29.000000,CPU_VRM0 Temp
18:15:13.218,29.000000,CPU_VRM0 Temp
18:15:13.718,29.000000,CPU_VRM0 Temp
18:15:14.218,29.000000,CPU_VRM0 Temp
18:15:14.718,29.000000,CPU_VRM0 Temp
18:15:15.218,29.000000,CPU_VRM0 Temp
18:15:15.718,29.000000,CPU_VRM0 Temp
18:15:16.218,29.000000,CPU_VRM0 Temp
18:15:16.718,29.000000,CPU_VRM0 Temp
18:15:17.218,29.000000,CPU_VRM0 Temp
18:15:17.718,29.000000,CPU_VRM0 Temp
18:15:18.218,29.000000,CPU_VRM0 Temp
18:15:18.718,29.000000,CPU_VRM0 Temp
18:15:19.218,29.000000,CPU_VRM0 Temp
18:15:19.718,29.000000,CPU_VRM0 Temp
18:15:20.218,29.000000,CPU_VRM0 Temp
18:15:20.718,29.000000,CPU_VRM0 Temp
18:15:21.218,29.000000,CPU_VRM0 Temp
18:15:21.718,29.000000,CPU_VRM0 Temp
18:15:22.218,29.000000,CPU_VRM0 Temp
18:15:22.718,29.000000,CPU_VRM0 Temp
18:15:23.218,29.000000,CPU_VRM0 Temp
18:15:23.718,29.000000,CPU_VRM0 Temp
18:15:24.218,29.000000,CPU_VRM0 Temp
18:15:24.718,29.000000,CPU_VRM0 Temp
18:15:25.218,29.000000,CPU_VRM0 Temp
18:15:25.718,29.000000,CPU_VRM0 Temp
18:15:26.218,29.000000,CPU_VRM0 Temp
18:15:26.718,29.000000,CPU_VRM0 Temp
18:15:11.218,48.000000,CPU Temp
18:15:11.718,48.000000,CPU Temp
18:15:12.218,48.000000,CPU Temp
18:15:12.718,48.000000,CPU Temp
18:15:13.218,49.000000,CPU Temp
18:15:13.718,49.000000,CPU Temp
18:15:14.218,49.000000,CPU Temp
18:15:14.718,49.000000,CPU Temp
18:15:15.218,49.000000,CPU Temp
18:15:15.718,49.000000,CPU Temp
18:15:16.218,49.000000,CPU Temp
18:15:16.718,49.000000,CPU Temp
18:15:17.218,49.000000,CPU Temp
18:15:17.718,49.000000,CPU Temp
18:15:18.218,49.000000,CPU Temp
18:15:18.718,49.000000,CPU Temp
18:15:19.218,49.000000,CPU Temp
18:15:19.718,49.000000,CPU Temp
18:15:20.218,49.000000,CPU Temp
18:15:20.718,49.000000,CPU Temp
18:15:21.218,49.000000,CPU Temp
18:15:21.718,49.000000,CPU Temp
18:15:22.218,49.000000,CPU Temp
18:15:22.718,49.000000,CPU Temp
18:15:23.218,49.000000,CPU Temp
18:15:23.718,49.000000,CPU Temp
18:15:24.218,49.000000,CPU Temp
18:15:24.718,49.000000,CPU Temp
18:15:25.218,49.000000,CPU Temp
18:15:25.718,49.000000,CPU Temp
18:15:26.218,49.000000,CPU Temp
18:15:26.718,49.000000,CPU Temp
18:15:11.218,45.000000,CPU_VRM1 Temp
18:15:11.718,45.000000,CPU_VRM1 Temp
18:15:12.218,45.000000,CPU_VRM1 Temp
18:15:12.718,45.000000,CPU_VRM1 Temp
18:15:13.218,46.000000,CPU_VRM1 Temp
18:15:13.718,46.000000,CPU_VRM1 Temp
18:15:14.218,46.000000,CPU_VRM1 Temp
18:15:14.718,46.000000,CPU_VRM1 Temp
18:15:15.218,46.000000,CPU_VRM1 Temp
18:15:15.718,46.000000,CPU_VRM1 Temp
18:15:16.218,46.000000,CPU_VRM1 Temp
18:15:16.718,46.000000,CPU_VRM1 Temp
18:15:17.218,46.000000,CPU_VRM1 Temp
18:15:17.718,46.000000,CPU_VRM1 Temp
18:15:18.218,46.000000,CPU_VRM1 Temp
18:15:18.718,46.000000,CPU_VRM1 Temp
18:15:19.218,46.000000,CPU_VRM1 Temp
18:15:19.718,46.000000,CPU_VRM1 Temp
18:15:20.218,46.000000,CPU_VRM1 Temp
18:15:20.718,46.000000,CPU_VRM1 Temp
18:15:21.218,46.000000,CPU_VRM1 Temp
18:15:21.718,46.000000,CPU_VRM1 Temp
18:15:22.218,46.000000,CPU_VRM1 Temp
18:15:22.718,46.000000,CPU_VRM1 Temp
18:15:23.218,46.000000,CPU_VRM1 Temp
18:15:23.718,46.000000,CPU_VRM1 Temp
18:15:24.218,46.000000,CPU_VRM1 Temp
18:15:24.718,46.000000,CPU_VRM1 Temp
18:15:25.218,46.000000,CPU_VRM1 Temp
18:15:25.718,46.000000,CPU_VRM1 Temp
18:15:26.218,46.000000,CPU_VRM1 Temp
18:15:26.718,46.000000,CPU_VRM1 Temp
18:15:11.218,32.000000,SOC_VRM Temp
18:15:11.718,32.000000,SOC_VRM Temp
18:15:12.218,32.000000,SOC_VRM Temp
18:15:12.718,32.000000,SOC_VRM Temp
18:15:13.218,32.000000,SOC_VRM Temp
18:15:13.718,32.000000,SOC_VRM Temp
18:15:14.218,32.000000,SOC_VRM Temp
18:15:14.718,32.000000,SOC_VRM Temp
18:15:15.218,32.000000,SOC_VRM Temp
18:15:15.718,32.000000,SOC_VRM Temp
18:15:16.218,32.000000,SOC_VRM Temp
18:15:16.718,32.000000,SOC_VRM Temp
18:15:17.218,32.000000,SOC_VRM Temp
18:15:17.718,32.000000,SOC_VRM Temp
18:15:18.218,32.000000,SOC_VRM Temp
18:15:18.718,32.000000,SOC_VRM Temp
18:15:19.218,32.000000,SOC_VRM Temp
18:15:19.718,32.000000,SOC_VRM Temp
18:15:20.218,32.000000,SOC_VRM Temp
18:15:20.718,32.000000,SOC_VRM Temp
18:15:21.218,32.000000,SOC_VRM Temp
18:15:21.718,32.000000,SOC_VRM Temp
18:15:22.218,32.000000,SOC_VRM Temp
18:15:22.718,32.000000,SOC_VRM Temp
18:15:23.218,32.000000,SOC_VRM Temp
18:15:23.718,32.000000,SOC_VRM Temp
18:15:24.218,32.000000,SOC_VRM Temp
18:15:24.718,32.000000,SOC_VRM Temp
18:15:25.218,32.000000,SOC_VRM Temp
18:15:25.718,32.000000,SOC_VRM Temp
18:15:26.218,32.000000,SOC_VRM Temp
18:15:26.718,32.000000,SOC_VRM Temp
18:15:11.218,45.000000,VDDIO_VRM Temp
18:15:11.718,45.000000,VDDIO_VRM Temp
18:15:12.218,45.000000,VDDIO_VRM Temp
18:15:12.718,45.000000,VDDIO_VRM Temp
18:15:13.218,45.000000,VDDIO_VRM Temp
18:15:13.718,45.000000,VDDIO_VRM Temp
18:15:14.218,45.000000,VDDIO_VRM Temp
18:15:14.718,45.000000,VDDIO_VRM Temp
18:15:15.218,45.000000,VDDIO_VRM Temp
18:15:15.718,45.000000,VDDIO_VRM Temp
18:15:16.218,45.000000,VDDIO_VRM Temp
18:15:16.718,45.000000,VDDIO_VRM Temp
18:15:17.218,45.000000,VDDIO_VRM Temp
18:15:17.718,45.000000,VDDIO_VRM Temp
18:15:18.218,45.000000,VDDIO_VRM Temp
18:15:18.718,45.000000,VDDIO_VRM Temp
18:15:19.218,45.000000,VDDIO_VRM Temp
18:15:19.718,45.000000,VDDIO_VRM Temp
18:15:20.218,45.000000,VDDIO_VRM Temp
18:15:20.718,45.000000,VDDIO_VRM Temp
18:15:21.218,45.000000,VDDIO_VRM Temp
18:15:21.718,45.000000,VDDIO_VRM Temp
18:15:22.218,45.000000,VDDIO_VRM Temp
18:15:22.718,45.000000,VDDIO_VRM Temp
18:15:23.218,45.000000,VDDIO_VRM Temp
18:15:23.718,45.000000,VDDIO_VRM Temp
18:15:24.218,45.000000,VDDIO_VRM Temp
18:15:24.718,45.000000,VDDIO_VRM Temp
18:15:25.218,45.000000,VDDIO_VRM Temp
18:15:25.718,45.000000,VDDIO_VRM Temp
18:15:26.218,45.000000,VDDIO_VRM Temp
18:15:26.718,45.000000,VDDIO_VRM Temp
18:15:11.218,29.000000,DIMMA~C Temp
18:15:11.718,29.000000,DIMMA~C Temp
18:15:12.218,29.000000,DIMMA~C Temp
18:15:12.718,29.000000,DIMMA~C Temp
18:15:13.218,29.000000,DIMMA~C Temp
18:15:13.718,29.000000,DIMMA~C Temp
18:15:14.218,29.000000,DIMMA~C Temp
18:15:14.718,29.000000,DIMMA~C Temp
18:15:15.218,29.000000,DIMMA~C Temp
18:15:15.718,29.000000,DIMMA~C Temp
18:15:16.218,29.000000,DIMMA~C Temp
18:15:16.718,29.000000,DIMMA~C Temp
18:15:17.218,29.000000,DIMMA~C Temp
18:15:17.718,29.000000,DIMMA~C Temp
18:15:18.218,29.000000,DIMMA~C Temp
18:15:18.718,29.000000,DIMMA~C Temp
18:15:19.218,29.000000,DIMMA~C Temp
18:15:19.718,29.000000,DIMMA~C Temp
18:15:20.218,29.000000,DIMMA~C Temp
18:15:20.718,29.000000,DIMMA~C Temp
18:15:21.218,29.000000,DIMMA~C Temp
18:15:21.718,29.000000,DIMMA~C Temp
18:15:22.218,29.000000,DIMMA~C Temp
18:15:22.718,29.000000,DIMMA~C Temp
18:15:23.218,29.000000,DIMMA~C Temp
18:15:23.718,29.000000,DIMMA~C Temp
18:15:24.218,29.000000,DIMMA~C Temp
18:15:24.718,29.000000,DIMMA~C Temp
18:15:25.218,29.000000,DIMMA~C Temp
18:15:25.718,29.000000,DIMMA~C Temp
18:15:26.218,29.000000,DIMMA~C Temp
18:15:26.718,29.000000,DIMMA~C Temp
18:15:11.218,31.000000,DIMMD~F Temp
18:15:11.718,31.000000,DIMMD~F Temp
18:15:12.218,31.000000,DIMMD~F Temp
18:15:12.718,31.000000,DIMMD~F Temp
18:15:13.218,31.000000,DIMMD~F Temp
18:15:13.718,31.000000,DIMMD~F Temp
18:15:14.218,31.000000,DIMMD~F Temp
18:15:14.718,31.000000,DIMMD~F Temp
18:15:15.218,31.000000,DIMMD~F Temp
18:15:15.718,31.000000,DIMMD~F Temp
18:15:16.218,31.000000,DIMMD~F Temp
18:15:16.718,31.000000,DIMMD~F Temp
18:15:17.218,31.000000,DIMMD~F Temp
18:15:17.718,31.000000,DIMMD~F Temp
18:15:18.218,31.000000,DIMMD~F Temp
18:15:18.718,31.000000,DIMMD~F Temp
18:15:19.218,31.000000,DIMMD~F Temp
18:15:19.718,31.000000,DIMMD~F Temp
18:15:20.218,31.000000,DIMMD~F Temp
18:15:20.718,31.000000,DIMMD~F Temp
18:15:21.218,31.000000,DIMMD~F Temp
18:15:21.718,31.000000,DIMMD~F Temp
18:15:22.218,31.000000,DIMMD~F Temp
18:15:22.718,31.000000,DIMMD~F Temp
18:15:23.218,31.000000,DIMMD~F Temp
18:15:23.718,31.000000,DIMMD~F Temp
18:15:24.218,31.000000,DIMMD~F Temp
18:15:24.718,31.000000,DIMMD~F Temp
18:15:25.218,31.000000,DIMMD~F Temp
18:15:25.718,31.000000,DIMMD~F Temp
18:15:26.218,31.000000,DIMMD~F Temp
18:15:26.718,31.000000,DIMMD~F Temp
18:15:11.218,26.000000,Inlet Temp
18:15:11.718,26.000000,Inlet Temp
18:15:12.218,26.000000,Inlet Temp
18:15:12.718,26.000000,Inlet Temp
18:15:13.218,26.000000,Inlet Temp
18:15:13.718,26.000000,Inlet Temp
18:15:14.218,26.000000,Inlet Temp
18:15:14.718,26.000000,Inlet Temp
18:15:15.218,26.000000,Inlet Temp
18:15:15.718,26.000000,Inlet Temp
18:15:16.218,26.000000,Inlet Temp
18:15:16.718,26.000000,Inlet Temp
18:15:17.218,26.000000,Inlet Temp
18:15:17.718,26.000000,Inlet Temp
18:15:18.218,26.000000,Inlet Temp
18:15:18.718,26.000000,Inlet Temp
18:15:19.218,26.000000,Inlet Temp
18:15:19.718,26.000000,Inlet Temp
18:15:20.218,26.000000,Inlet Temp
18:15:20.718,26.000000,Inlet Temp
18:15:21.218,26.000000,Inlet Temp
18:15:21.718,26.000000,Inlet Temp
18:15:22.218,26.000000,Inlet Temp
18:15:22.718,26.000000,Inlet Temp
18:15:23.218,26.000000,Inlet Temp
18:15:23.718,26.000000,Inlet Temp
18:15:24.218,26.000000,Inlet Temp
18:15:24.718,26.000000,Inlet Temp
18:15:25.218,26.000000,Inlet Temp
18:15:25.718,26.000000,Inlet Temp
18:15:26.218,26.000000,Inlet Temp
18:15:26.718,26.000000,Inlet Temp
18:15:23.371,22.000000,System Temp
18:15:23.871,22.000000,System Temp
18:15:24.371,22.000000,System Temp
18:15:24.871,22.000000,System Temp
18:15:25.371,22.000000,System Temp
18:15:25.871,22.000000,System Temp
18:15:26.371,22.000000,System Temp
18:15:26.871,22.000000,System Temp
18:15:27.371,22.000000,System Temp
18:15:27.871,22.000000,System Temp
18:15:28.371,22.000000,System Temp
18:15:28.871,22.000000,System Temp
18:15:29.371,22.000000,System Temp
18:15:29.871,22.000000,System Temp
18:15:30.371,22.000000,System Temp
18:15:30.871,22.000000,System Temp
18:15:31.371,22.000000,System Temp
18:15:31.871,22.000000,System Temp
18:15:32.371,22.000000,System Temp
18:15:32.871,22.000000,System Temp
18:15:33.371,22.000000,System Temp
18:15:33.871,22.000000,System Temp
18:15:34.371,22.000000,System Temp
18:15:34.871,22.000000,System Temp
18:15:35.371,22.000000,System Temp
18:15:35.871,22.000000,System Temp
18:15:36.371,22.000000,System Temp
18:15:36.871,22.000000,System Temp
18:15:37.371,22.000000,System Temp
18:15:37.871,22.000000,System Temp
18:15:38.371,22.000000,System Temp
18:15:38.871,22.000000,System Temp
18:15:39.371,22.000000,System Temp
18:15:39.871,22.000000,System Temp
18:15:40.371,22.000000,System Temp
18:15:40.871,22.000000,System Temp
18:15:41.371,22.000000,System Temp
18:15:41.871,22.000000,System Temp
18:15:42.371,22.000000,System Temp
18:15:42.871,22.000000,System Temp
18:15:43.371,22.000000,System Temp
18:15:43.871,22.000000,System Temp
18:15:44.371,22.000000,System Temp
18:15:44.871,22.000000,System Temp
18:15:45.371,22.000000,System Temp
18:15:45.871,22.000000,System Temp
18:15:46.371,22.000000,System Temp
18:15:46.871,22.000000,System Temp
18:15:47.371,22.000000,System Temp
18:15:47.871,22.000000,System Temp
18:15:48.371,22.000000,System Temp
18:15:48.871,22.000000,System Temp
18:15:49.371,22.000000,System Temp
18:15:49.871,22.000000,System Temp
18:15:50.371,22.000000,System Temp
18:15:50.871,22.000000,System Temp
18:15:51.371,22.000000,System Temp
18:15:23.371,39.000000,Peripheral Temp
18:15:23.871,39.000000,Peripheral Temp
18:15:24.371,39.000000,Peripheral Temp
18:15:24.871,39.000000,Peripheral Temp
18:15:25.371,39.000000,Peripheral Temp
18:15:25.871,39.000000,Peripheral Temp
18:15:26.371,39.000000,Peripheral Temp
18:15:26.871,39.000000,Peripheral Temp
18:15:27.371,39.000000,Peripheral Temp
18:15:27.871,39.000000,Peripheral Temp
18:15:28.371,39.000000,Peripheral Temp
18:15:28.871,39.000000,Peripheral Temp
18:15:29.371,39.000000,Peripheral Temp
18:15:29.871,39.000000,Peripheral Temp
18:15:30.371,39.000000,Peripheral Temp
18:15:30.871,39.000000,Peripheral Temp
18:15:31.371,39.000000,Peripheral Temp
18:15:31.871,39.000000,Peripheral Temp
18:15:32.371,39.000000,Peripheral Temp
18:15:32.871,39.000000,Peripheral Temp
18:15:33.371,39.000000,Peripheral Temp
18:15:33.871,39.000000,Peripheral Temp
18:15:34.371,39.000000,Peripheral Temp
18:15:34.871,39.000000,Peripheral Temp
18:15:35.371,39.000000,Peripheral Temp
18:15:35.871,39.000000,Peripheral Temp
18:15:36.371,39.000000,Peripheral Temp
18:15:36.871,39.000000,Peripheral Temp
18:15:37.371,39.000000,Peripheral Temp
18:15:37.871,39.000000,Peripheral Temp
18:15:38.371,39.000000,Peripheral Temp
18:15:38.871,39.000000,Peripheral Temp
18:15:39.371,39.000000,Peripheral Temp
18:15:39.871,39.000000,Peripheral Temp
18:15:40.371,39.000000,Peripheral Temp
18:15:40.871,39.000000,Peripheral Temp
18:15:41.371,39.000000,Peripheral Temp
18:15:41.871,39.000000,Peripheral Temp
18:15:42.371,39.000000,Peripheral Temp
18:15:42.871,39.000000,Peripheral Temp
18:15:43.371,39.000000,Peripheral Temp
18:15:43.871,39.000000,Peripheral Temp
18:15:44.371,39.000000,Peripheral Temp
18:15:44.871,39.000000,Peripheral Temp
18:15:45.371,39.000000,Peripheral Temp
18:15:45.871,39.000000,Peripheral Temp
18:15:46.371,39.000000,Peripheral Temp
18:15:46.871,39.000000,Peripheral Temp
18:15:47.371,39.000000,Peripheral Temp
18:15:47.871,39.000000,Peripheral Temp
18:15:48.371,39.000000,Peripheral Temp
18:15:48.871,39.000000,Peripheral Temp
18:15:49.371,39.000000,Peripheral Temp
18:15:49.871,39.000000,Peripheral Temp
18:15:50.371,39.000000,Peripheral Temp
18:15:50.871,39.000000,Peripheral Temp
18:15:51.371,39.000000,Peripheral Temp
18:15:23.371,49.000000,AOC_NIC2 Temp
18:15:23.871,49.000000,AOC_NIC2 Temp
18:15:24.371,49.000000,AOC_NIC2 Temp
18:15:24.871,49.000000,AOC_NIC2 Temp
18:15:25.371,49.000000,AOC_NIC2 Temp
18:15:25.871,49.000000,AOC_NIC2 Temp
18:15:26.371,49.000000,AOC_NIC2 Temp
18:15:26.871,49.000000,AOC_NIC2 Temp
18:15:27.371,49.000000,AOC_NIC2 Temp
18:15:27.871,50.000000,AOC_NIC2 Temp
18:15:28.371,50.000000,AOC_NIC2 Temp
18:15:28.871,50.000000,AOC_NIC2 Temp
18:15:29.371,50.000000,AOC_NIC2 Temp
18:15:29.871,50.000000,AOC_NIC2 Temp
18:15:30.371,50.000000,AOC_NIC2 Temp
18:15:30.871,50.000000,AOC_NIC2 Temp
18:15:31.371,50.000000,AOC_NIC2 Temp
18:15:31.871,50.000000,AOC_NIC2 Temp
18:15:32.371,50.000000,AOC_NIC2 Temp
18:15:32.871,49.000000,AOC_NIC2 Temp
18:15:33.371,49.000000,AOC_NIC2 Temp
18:15:33.871,49.000000,AOC_NIC2 Temp
18:15:34.371,49.000000,AOC_NIC2 Temp
18:15:34.871,49.000000,AOC_NIC2 Temp
18:15:35.371,49.000000,AOC_NIC2 Temp
18:15:35.871,49.000000,AOC_NIC2 Temp
18:15:36.371,49.000000,AOC_NIC2 Temp
18:15:36.871,49.000000,AOC_NIC2 Temp
18:15:37.371,49.000000,AOC_NIC2 Temp
18:15:37.871,49.000000,AOC_NIC2 Temp
18:15:38.371,49.000000,AOC_NIC2 Temp
18:15:38.871,49.000000,AOC_NIC2 Temp
18:15:39.371,49.000000,AOC_NIC2 Temp
18:15:39.871,49.000000,AOC_NIC2 Temp
18:15:40.371,49.000000,AOC_NIC2 Temp
18:15:40.871,49.000000,AOC_NIC2 Temp
18:15:41.371,49.000000,AOC_NIC2 Temp
18:15:41.871,49.000000,AOC_NIC2 Temp
18:15:42.371,49.000000,AOC_NIC2 Temp
18:15:42.871,49.000000,AOC_NIC2 Temp
18:15:43.371,49.000000,AOC_NIC2 Temp
18:15:43.871,49.000000,AOC_NIC2 Temp
18:15:44.371,49.000000,AOC_NIC2 Temp
18:15:44.871,49.000000,AOC_NIC2 Temp
18:15:45.371,49.000000,AOC_NIC2 Temp
18:15:45.871,49.000000,AOC_NIC2 Temp
18:15:46.371,49.000000,AOC_NIC2 Temp
18:15:46.871,49.000000,AOC_NIC2 Temp
18:15:47.371,49.000000,AOC_NIC2 Temp
18:15:47.871,49.000000,AOC_NIC2 Temp
18:15:48.371,49.000000,AOC_NIC2 Temp
18:15:48.871,49.000000,AOC_NIC2 Temp
18:15:49.371,49.000000,AOC_NIC2 Temp
18:15:49.871,49.000000,AOC_NIC2 Temp
18:15:50.371,49.000000,AOC_NIC2 Temp
18:15:50.871,49.000000,AOC_NIC2 Temp
18:15:51.371,49.000000,AOC_NIC2 Temp
18:15:23.371,27.000000,NVMe_SSDA Temp 
18:15:23.871,27.000000,NVMe_SSDA Temp 
18:15:24.371,27.000000,NVMe_SSDA Temp 
18:15:24.871,27.000000,NVMe_SSDA Temp 
18:15:25.371,27.000000,NVMe_SSDA Temp 
18:15:25.871,27.000000,NVMe_SSDA Temp 
18:15:26.371,27.000000,NVMe_SSDA Temp 
18:15:26.871,27.000000,NVMe_SSDA Temp 
18:15:27.371,27.000000,NVMe_SSDA Temp 
18:15:27.871,27.000000,NVMe_SSDA Temp 
18:15:28.371,27.000000,NVMe_SSDA Temp 
18:15:28.871,27.000000,NVMe_SSDA Temp 
18:15:29.371,27.000000,NVMe_SSDA Temp 
18:15:29.871,27.000000,NVMe_SSDA Temp 
18:15:30.371,27.000000,NVMe_SSDA Temp 
18:15:30.871,27.000000,NVMe_SSDA Temp 
18:15:31.371,27.000000,NVMe_SSDA Temp 
18:15:31.871,27.000000,NVMe_SSDA Temp 
18:15:32.371,27.000000,NVMe_SSDA Temp 
18:15:32.871,27.000000,NVMe_SSDA Temp 
18:15:33.371,27.000000,NVMe_SSDA Temp 
18:15:33.871,27.000000,NVMe_SSDA Temp 
18:15:34.371,27.000000,NVMe_SSDA Temp 
18:15:34.871,27.000000,NVMe_SSDA Temp 
18:15:35.371,27.000000,NVMe_SSDA Temp 
18:15:35.871,27.000000,NVMe_SSDA Temp 
18:15:36.371,27.000000,NVMe_SSDA Temp 
18:15:36.871,27.000000,NVMe_SSDA Temp 
18:15:37.371,27.000000,NVMe_SSDA Temp 
18:15:37.871,28.000000,NVMe_SSDA Temp 
18:15:38.371,28.000000,NVMe_SSDA Temp 
18:15:38.871,28.000000,NVMe_SSDA Temp 
18:15:39.371,28.000000,NVMe_SSDA Temp 
18:15:39.871,28.000000,NVMe_SSDA Temp 
18:15:40.371,28.000000,NVMe_SSDA Temp 
18:15:40.871,28.000000,NVMe_SSDA Temp 
18:15:41.371,28.000000,NVMe_SSDA Temp 
18:15:41.871,28.000000,NVMe_SSDA Temp 
18:15:42.371,28.000000,NVMe_SSDA Temp 
18:15:42.871,28.000000,NVMe_SSDA Temp 
18:15:43.371,28.000000,NVMe_SSDA Temp 
18:15:43.871,28.000000,NVMe_SSDA Temp 
18:15:44.371,28.000000,NVMe_SSDA Temp 
18:15:44.871,28.000000,NVMe_SSDA Temp 
18:15:45.371,28.000000,NVMe_SSDA Temp 
18:15:45.871,28.000000,NVMe_SSDA Temp 
18:15:46.371,28.000000,NVMe_SSDA Temp 
18:15:46.871,28.000000,NVMe_SSDA Temp 
18:15:47.371,28.000000,NVMe_SSDA Temp 
18:15:47.871,28.000000,NVMe_SSDA Temp 
18:15:48.371,28.000000,NVMe_SSDA Temp 
18:15:48.871,28.000000,NVMe_SSDA Temp 
18:15:49.371,28.000000,NVMe_SSDA Temp 
18:15:49.871,28.000000,NVMe_SSDA Temp 
18:15:50.371,28.000000,NVMe_SSDA Temp 
18:15:50.871,28.000000,NVMe_SSDA Temp 
18:15:51.371,28.000000,NVMe_SSDA Temp 
18:15:23.371,66.000000,NIC Temp
18:15:23.871,66.000000,NIC Temp
18:15:24.371,66.000000,NIC Temp
18:15:24.871,66.000000,NIC Temp
18:15:25.371,66.000000,NIC Temp
18:15:25.871,66.000000,NIC Temp
18:15:26.371,66.000000,NIC Temp
18:15:26.871,66.000000,NIC Temp
18:15:27.371,66.000000,NIC Temp
18:15:27.871,67.000000,NIC Temp
18:15:28.371,67.000000,NIC Temp
18:15:28.871,67.000000,NIC Temp
18:15:29.371,67.000000,NIC Temp
18:15:29.871,67.000000,NIC Temp
18:15:30.371,67.000000,NIC Temp
18:15:30.871,67.000000,NIC Temp
18:15:31.371,67.000000,NIC Temp
18:15:31.871,67.000000,NIC Temp
18:15:32.371,67.000000,NIC Temp
18:15:32.871,66.000000,NIC Temp
18:15:33.371,66.000000,NIC Temp
18:15:33.871,66.000000,NIC Temp
18:15:34.371,66.000000,NIC Temp
18:15:34.871,66.000000,NIC Temp
18:15:35.371,66.000000,NIC Temp
18:15:35.871,66.000000,NIC Temp
18:15:36.371,66.000000,NIC Temp
18:15:36.871,66.000000,NIC Temp
18:15:37.371,66.000000,NIC Temp
18:15:37.871,66.000000,NIC Temp
18:15:38.371,66.000000,NIC Temp
18:15:38.871,66.000000,NIC Temp
18:15:39.371,66.000000,NIC Temp
18:15:39.871,66.000000,NIC Temp
18:15:40.371,66.000000,NIC Temp
18:15:40.871,66.000000,NIC Temp
18:15:41.371,66.000000,NIC Temp
18:15:41.871,66.000000,NIC Temp
18:15:42.371,66.000000,NIC Temp
18:15:42.871,66.000000,NIC Temp
18:15:43.371,66.000000,NIC Temp
18:15:43.871,66.000000,NIC Temp
18:15:44.371,66.000000,NIC Temp
18:15:44.871,66.000000,NIC Temp
18:15:45.371,66.000000,NIC Temp
18:15:45.871,66.000000,NIC Temp
18:15:46.371,66.000000,NIC Temp
18:15:46.871,66.000000,NIC Temp
18:15:47.371,66.000000,NIC Temp
18:15:47.871,66.000000,NIC Temp
18:15:48.371,66.000000,NIC Temp
18:15:48.871,66.000000,NIC Temp
18:15:49.371,66.000000,NIC Temp
18:15:49.871,66.000000,NIC Temp
18:15:50.371,66.000000,NIC Temp
18:15:50.871,66.000000,NIC Temp
18:15:51.371,66.000000,NIC Temp
18:15:23.371,29.000000,CPU_VRM0 Temp
18:15:23.871,29.000000,CPU_VRM0 Temp
18:15:24.371,29.000000,CPU_VRM0 Temp
18:15:24.871,29.000000,CPU_VRM0 Temp
18:15:25.371,29.000000,CPU_VRM0 Temp
18:15:25.871,29.000000,CPU_VRM0 Temp
18:15:26.371,29.000000,CPU_VRM0 Temp
18:15:26.871,29.000000,CPU_VRM0 Temp
18:15:27.371,29.000000,CPU_VRM0 Temp
18:15:27.871,29.000000,CPU_VRM0 Temp
18:15:28.371,29.000000,CPU_VRM0 Temp
18:15:28.871,29.000000,CPU_VRM0 Temp
18:15:29.371,29.000000,CPU_VRM0 Temp
18:15:29.871,29.000000,CPU_VRM0 Temp
18:15:30.371,29.000000,CPU_VRM0 Temp
18:15:30.871,29.000000,CPU_VRM0 Temp
18:15:31.371,29.000000,CPU_VRM0 Temp
18:15:31.871,29.000000,CPU_VRM0 Temp
18:15:32.371,29.000000,CPU_VRM0 Temp
18:15:32.871,29.000000,CPU_VRM0 Temp
18:15:33.371,29.000000,CPU_VRM0 Temp
18:15:33.871,29.000000,CPU_VRM0 Temp
18:15:34.371,29.000000,CPU_VRM0 Temp
18:15:34.871,29.000000,CPU_VRM0 Temp
18:15:35.371,29.000000,CPU_VRM0 Temp
18:15:35.871,29.000000,CPU_VRM0 Temp
18:15:36.371,29.000000,CPU_VRM0 Temp
18:15:36.871,29.000000,CPU_VRM0 Temp
18:15:37.371,29.000000,CPU_VRM0 Temp
18:15:37.871,29.000000,CPU_VRM0 Temp
18:15:38.371,29.000000,CPU_VRM0 Temp
18:15:38.871,29.000000,CPU_VRM0 Temp
18:15:39.371,29.000000,CPU_VRM0 Temp
18:15:39.871,29.000000,CPU_VRM0 Temp
18:15:40.371,29.000000,CPU_VRM0 Temp
18:15:40.871,29.000000,CPU_VRM0 Temp
18:15:41.371,29.000000,CPU_VRM0 Temp
18:15:41.871,29.000000,CPU_VRM0 Temp
18:15:42.371,29.000000,CPU_VRM0 Temp
18:15:42.871,29.000000,CPU_VRM0 Temp
18:15:43.371,29.000000,CPU_VRM0 Temp
18:15:43.871,29.000000,CPU_VRM0 Temp
18:15:44.371,29.000000,CPU_VRM0 Temp
18:15:44.871,29.000000,CPU_VRM0 Temp
18:15:45.371,29.000000,CPU_VRM0 Temp
18:15:45.871,29.000000,CPU_VRM0 Temp
18:15:46.371,29.000000,CPU_VRM0 Temp
18:15:46.871,29.000000,CPU_VRM0 Temp
18:15:47.371,29.000000,CPU_VRM0 Temp
18:15:47.871,29.000000,CPU_VRM0 Temp
18:15:48.371,29.000000,CPU_VRM0 Temp
18:15:48.871,29.000000,CPU_VRM0 Temp
18:15:49.371,29.000000,CPU_VRM0 Temp
18:15:49.871,29.000000,CPU_VRM0 Temp
18:15:50.371,29.000000,CPU_VRM0 Temp
18:15:50.871,29.000000,CPU_VRM0 Temp
18:15:51.371,29.000000,CPU_VRM0 Temp
18:15:23.371,48.000000,CPU Temp
18:15:23.871,48.000000,CPU Temp
18:15:24.371,48.000000,CPU Temp
18:15:24.871,48.000000,CPU Temp
18:15:25.371,48.000000,CPU Temp
18:15:25.871,48.000000,CPU Temp
18:15:26.371,48.000000,CPU Temp
18:15:26.871,48.000000,CPU Temp
18:15:27.371,48.000000,CPU Temp
18:15:27.871,48.000000,CPU Temp
18:15:28.371,48.000000,CPU Temp
18:15:28.871,48.000000,CPU Temp
18:15:29.371,48.000000,CPU Temp
18:15:29.871,48.000000,CPU Temp
18:15:30.371,48.000000,CPU Temp
18:15:30.871,48.000000,CPU Temp
18:15:31.371,48.000000,CPU Temp
18:15:31.871,48.000000,CPU Temp
18:15:32.371,48.000000,CPU Temp
18:15:32.871,49.000000,CPU Temp
18:15:33.371,49.000000,CPU Temp
18:15:33.871,49.000000,CPU Temp
18:15:34.371,49.000000,CPU Temp
18:15:34.871,49.000000,CPU Temp
18:15:35.371,49.000000,CPU Temp
18:15:35.871,49.000000,CPU Temp
18:15:36.371,49.000000,CPU Temp
18:15:36.871,49.000000,CPU Temp
18:15:37.371,49.000000,CPU Temp
18:15:37.871,49.000000,CPU Temp
18:15:38.371,49.000000,CPU Temp
18:15:38.871,49.000000,CPU Temp
18:15:39.371,49.000000,CPU Temp
18:15:39.871,49.000000,CPU Temp
18:15:40.371,49.000000,CPU Temp
18:15:40.871,49.000000,CPU Temp
18:15:41.371,49.000000,CPU Temp
18:15:41.871,49.000000,CPU Temp
18:15:42.371,49.000000,CPU Temp
18:15:42.871,49.000000,CPU Temp
18:15:43.371,49.000000,CPU Temp
18:15:43.871,49.000000,CPU Temp
18:15:44.371,49.000000,CPU Temp
18:15:44.871,49.000000,CPU Temp
18:15:45.371,49.000000,CPU Temp
18:15:45.871,49.000000,CPU Temp
18:15:46.371,49.000000,CPU Temp
18:15:46.871,49.000000,CPU Temp
18:15:47.371,49.000000,CPU Temp
18:15:47.871,49.000000,CPU Temp
18:15:48.371,49.000000,CPU Temp
18:15:48.871,49.000000,CPU Temp
18:15:49.371,49.000000,CPU Temp
18:15:49.871,49.000000,CPU Temp
18:15:50.371,49.000000,CPU Temp
18:15:50.871,49.000000,CPU Temp
18:15:51.371,49.000000,CPU Temp
18:15:23.371,45.000000,CPU_VRM1 Temp
18:15:23.871,45.000000,CPU_VRM1 Temp
18:15:24.371,45.000000,CPU_VRM1 Temp
18:15:24.871,45.000000,CPU_VRM1 Temp
18:15:25.371,45.000000,CPU_VRM1 Temp
18:15:25.871,45.000000,CPU_VRM1 Temp
18:15:26.371,45.000000,CPU_VRM1 Temp
18:15:26.871,45.000000,CPU_VRM1 Temp
18:15:27.371,45.000000,CPU_VRM1 Temp
18:15:27.871,45.000000,CPU_VRM1 Temp
18:15:28.371,45.000000,CPU_VRM1 Temp
18:15:28.871,45.000000,CPU_VRM1 Temp
18:15:29.371,45.000000,CPU_VRM1 Temp
18:15:29.871,45.000000,CPU_VRM1 Temp
18:15:30.371,45.000000,CPU_VRM1 Temp
18:15:30.871,45.000000,CPU_VRM1 Temp
18:15:31.371,45.000000,CPU_VRM1 Temp
18:15:31.871,45.000000,CPU_VRM1 Temp
18:15:32.371,45.000000,CPU_VRM1 Temp
18:15:32.871,45.000000,CPU_VRM1 Temp
18:15:33.371,45.000000,CPU_VRM1 Temp
18:15:33.871,45.000000,CPU_VRM1 Temp
18:15:34.371,45.000000,CPU_VRM1 Temp
18:15:34.871,45.000000,CPU_VRM1 Temp
18:15:35.371,45.000000,CPU_VRM1 Temp
18:15:35.871,45.000000,CPU_VRM1 Temp
18:15:36.371,45.000000,CPU_VRM1 Temp
18:15:36.871,45.000000,CPU_VRM1 Temp
18:15:37.371,45.000000,CPU_VRM1 Temp
18:15:37.871,45.000000,CPU_VRM1 Temp
18:15:38.371,45.000000,CPU_VRM1 Temp
18:15:38.871,45.000000,CPU_VRM1 Temp
18:15:39.371,45.000000,CPU_VRM1 Temp
18:15:39.871,45.000000,CPU_VRM1 Temp
18:15:40.371,45.000000,CPU_VRM1 Temp
18:15:40.871,45.000000,CPU_VRM1 Temp
18:15:41.371,45.000000,CPU_VRM1 Temp
18:15:41.871,45.000000,CPU_VRM1 Temp
18:15:42.371,45.000000,CPU_VRM1 Temp
18:15:42.871,45.000000,CPU_VRM1 Temp
18:15:43.371,45.000000,CPU_VRM1 Temp
18:15:43.871,45.000000,CPU_VRM1 Temp
18:15:44.371,45.000000,CPU_VRM1 Temp
18:15:44.871,45.000000,CPU_VRM1 Temp
18:15:45.371,45.000000,CPU_VRM1 Temp
18:15:45.871,45.000000,CPU_VRM1 Temp
18:15:46.371,45.000000,CPU_VRM1 Temp
18:15:46.871,45.000000,CPU_VRM1 Temp
18:15:47.371,45.000000,CPU_VRM1 Temp
18:15:47.871,45.000000,CPU_VRM1 Temp
18:15:48.371,45.000000,CPU_VRM1 Temp
18:15:48.871,45.000000,CPU_VRM1 Temp
18:15:49.371,45.000000,CPU_VRM1 Temp
18:15:49.871,45.000000,CPU_VRM1 Temp
18:15:50.371,45.000000,CPU_VRM1 Temp
18:15:50.871,45.000000,CPU_VRM1 Temp
18:15:51.371,45.000000,CPU_VRM1 Temp
18:15:23.371,32.000000,SOC_VRM Temp
18:15:23.871,32.000000,SOC_VRM Temp
18:15:24.371,32.000000,SOC_VRM Temp
18:15:24.871,32.000000,SOC_VRM Temp
18:15:25.371,32.000000,SOC_VRM Temp
18:15:25.871,32.000000,SOC_VRM Temp
18:15:26.371,32.000000,SOC_VRM Temp
18:15:26.871,32.000000,SOC_VRM Temp
18:15:27.371,32.000000,SOC_VRM Temp
18:15:27.871,32.000000,SOC_VRM Temp
18:15:28.371,32.000000,SOC_VRM Temp
18:15:28.871,32.000000,SOC_VRM Temp
18:15:29.371,32.000000,SOC_VRM Temp
18:15:29.871,32.000000,SOC_VRM Temp
18:15:30.371,32.000000,SOC_VRM Temp
18:15:30.871,32.000000,SOC_VRM Temp
18:15:31.371,32.000000,SOC_VRM Temp
18:15:31.871,32.000000,SOC_VRM Temp
18:15:32.371,32.000000,SOC_VRM Temp
18:15:32.871,32.000000,SOC_VRM Temp
18:15:33.371,32.000000,SOC_VRM Temp
18:15:33.871,32.000000,SOC_VRM Temp
18:15:34.371,32.000000,SOC_VRM Temp
18:15:34.871,32.000000,SOC_VRM Temp
18:15:35.371,32.000000,SOC_VRM Temp
18:15:35.871,32.000000,SOC_VRM Temp
18:15:36.371,32.000000,SOC_VRM Temp
18:15:36.871,32.000000,SOC_VRM Temp
18:15:37.371,32.000000,SOC_VRM Temp
18:15:37.871,32.000000,SOC_VRM Temp
18:15:38.371,32.000000,SOC_VRM Temp
18:15:38.871,32.000000,SOC_VRM Temp
18:15:39.371,32.000000,SOC_VRM Temp
18:15:39.871,32.000000,SOC_VRM Temp
18:15:40.371,32.000000,SOC_VRM Temp
18:15:40.871,32.000000,SOC_VRM Temp
18:15:41.371,32.000000,SOC_VRM Temp
18:15:41.871,32.000000,SOC_VRM Temp
18:15:42.371,32.000000,SOC_VRM Temp
18:15:42.871,32.000000,SOC_VRM Temp
18:15:43.371,32.000000,SOC_VRM Temp
18:15:43.871,32.000000,SOC_VRM Temp
18:15:44.371,32.000000,SOC_VRM Temp
18:15:44.871,32.000000,SOC_VRM Temp
18:15:45.371,32.000000,SOC_VRM Temp
18:15:45.871,32.000000,SOC_VRM Temp
18:15:46.371,32.000000,SOC_VRM Temp
18:15:46.871,32.000000,SOC_VRM Temp
18:15:47.371,32.000000,SOC_VRM Temp
18:15:47.871,32.000000,SOC_VRM Temp
18:15:48.371,32.000000,SOC_VRM Temp
18:15:48.871,32.000000,SOC_VRM Temp
18:15:49.371,32.000000,SOC_VRM Temp
18:15:49.871,32.000000,SOC_VRM Temp
18:15:50.371,32.000000,SOC_VRM Temp
18:15:50.871,32.000000,SOC_VRM Temp
18:15:51.371,32.000000,SOC_VRM Temp
18:15:23.371,46.000000,VDDIO_VRM Temp
18:15:23.871,46.000000,VDDIO_VRM Temp
18:15:24.371,46.000000,VDDIO_VRM Temp
18:15:24.871,46.000000,VDDIO_VRM Temp
18:15:25.371,46.000000,VDDIO_VRM Temp
18:15:25.871,46.000000,VDDIO_VRM Temp
18:15:26.371,46.000000,VDDIO_VRM Temp
18:15:26.871,46.000000,VDDIO_VRM Temp
18:15:27.371,46.000000,VDDIO_VRM Temp
18:15:27.871,45.000000,VDDIO_VRM Temp
18:15:28.371,45.000000,VDDIO_VRM Temp
18:15:28.871,45.000000,VDDIO_VRM Temp
18:15:29.371,45.000000,VDDIO_VRM Temp
18:15:29.871,45.000000,VDDIO_VRM Temp
18:15:30.371,45.000000,VDDIO_VRM Temp
18:15:30.871,45.000000,VDDIO_VRM Temp
18:15:31.371,45.000000,VDDIO_VRM Temp
18:15:31.871,45.000000,VDDIO_VRM Temp
18:15:32.371,45.000000,VDDIO_VRM Temp
18:15:32.871,45.000000,VDDIO_VRM Temp
18:15:33.371,45.000000,VDDIO_VRM Temp
18:15:33.871,45.000000,VDDIO_VRM Temp
18:15:34.371,45.000000,VDDIO_VRM Temp
18:15:34.871,45.000000,VDDIO_VRM Temp
18:15:35.371,45.000000,VDDIO_VRM Temp
18:15:35.871,45.000000,VDDIO_VRM Temp
18:15:36.371,45.000000,VDDIO_VRM Temp
18:15:36.871,45.000000,VDDIO_VRM Temp
18:15:37.371,45.000000,VDDIO_VRM Temp
18:15:37.871,46.000000,VDDIO_VRM Temp
18:15:38.371,46.000000,VDDIO_VRM Temp
18:15:38.871,46.000000,VDDIO_VRM Temp
18:15:39.371,46.000000,VDDIO_VRM Temp
18:15:39.871,46.000000,VDDIO_VRM Temp
18:15:40.371,46.000000,VDDIO_VRM Temp
18:15:40.871,46.000000,VDDIO_VRM Temp
18:15:41.371,46.000000,VDDIO_VRM Temp
18:15:41.871,46.000000,VDDIO_VRM Temp
18:15:42.371,46.000000,VDDIO_VRM Temp
18:15:42.871,46.000000,VDDIO_VRM Temp
18:15:43.371,46.000000,VDDIO_VRM Temp
18:15:43.871,46.000000,VDDIO_VRM Temp
18:15:44.371,46.000000,VDDIO_VRM Temp
18:15:44.871,46.000000,VDDIO_VRM Temp
18:15:45.371,46.000000,VDDIO_VRM Temp
18:15:45.871,46.000000,VDDIO_VRM Temp
18:15:46.371,46.000000,VDDIO_VRM Temp
18:15:46.871,46.000000,VDDIO_VRM Temp
18:15:47.371,46.000000,VDDIO_VRM Temp
18:15:47.871,46.000000,VDDIO_VRM Temp
18:15:48.371,46.000000,VDDIO_VRM Temp
18:15:48.871,46.000000,VDDIO_VRM Temp
18:15:49.371,46.000000,VDDIO_VRM Temp
18:15:49.871,46.000000,VDDIO_VRM Temp
18:15:50.371,46.000000,VDDIO_VRM Temp
18:15:50.871,46.000000,VDDIO_VRM Temp
18:15:51.371,46.000000,VDDIO_VRM Temp
18:15:23.371,29.000000,DIMMA~C Temp
18:15:23.871,29.000000,DIMMA~C Temp
18:15:24.371,29.000000,DIMMA~C Temp
18:15:24.871,29.000000,DIMMA~C Temp
18:15:25.371,29.000000,DIMMA~C Temp
18:15:25.871,29.000000,DIMMA~C Temp
18:15:26.371,29.000000,DIMMA~C Temp
18:15:26.871,29.000000,DIMMA~C Temp
18:15:27.371,29.000000,DIMMA~C Temp
18:15:27.871,29.000000,DIMMA~C Temp
18:15:28.371,29.000000,DIMMA~C Temp
18:15:28.871,29.000000,DIMMA~C Temp
18:15:29.371,29.000000,DIMMA~C Temp
18:15:29.871,29.000000,DIMMA~C Temp
18:15:30.371,29.000000,DIMMA~C Temp
18:15:30.871,29.000000,DIMMA~C Temp
18:15:31.371,29.000000,DIMMA~C Temp
18:15:31.871,29.000000,DIMMA~C Temp
18:15:32.371,29.000000,DIMMA~C Temp
18:15:32.871,29.000000,DIMMA~C Temp
18:15:33.371,29.000000,DIMMA~C Temp
18:15:33.871,29.000000,DIMMA~C Temp
18:15:34.371,29.000000,DIMMA~C Temp
18:15:34.871,29.000000,DIMMA~C Temp
18:15:35.371,29.000000,DIMMA~C Temp
18:15:35.871,29.000000,DIMMA~C Temp
18:15:36.371,29.000000,DIMMA~C Temp
18:15:36.871,29.000000,DIMMA~C Temp
18:15:37.371,29.000000,DIMMA~C Temp
18:15:37.871,29.000000,DIMMA~C Temp
18:15:38.371,29.000000,DIMMA~C Temp
18:15:38.871,29.000000,DIMMA~C Temp
18:15:39.371,29.000000,DIMMA~C Temp
18:15:39.871,29.000000,DIMMA~C Temp
18:15:40.371,29.000000,DIMMA~C Temp
18:15:40.871,29.000000,DIMMA~C Temp
18:15:41.371,29.000000,DIMMA~C Temp
18:15:41.871,29.000000,DIMMA~C Temp
18:15:42.371,29.000000,DIMMA~C Temp
18:15:42.871,29.000000,DIMMA~C Temp
18:15:43.371,29.000000,DIMMA~C Temp
18:15:43.871,29.000000,DIMMA~C Temp
18:15:44.371,29.000000,DIMMA~C Temp
18:15:44.871,29.000000,DIMMA~C Temp
18:15:45.371,29.000000,DIMMA~C Temp
18:15:45.871,29.000000,DIMMA~C Temp
18:15:46.371,29.000000,DIMMA~C Temp
18:15:46.871,29.000000,DIMMA~C Temp
18:15:47.371,29.000000,DIMMA~C Temp
18:15:47.871,29.000000,DIMMA~C Temp
18:15:48.371,29.000000,DIMMA~C Temp
18:15:48.871,29.000000,DIMMA~C Temp
18:15:49.371,29.000000,DIMMA~C Temp
18:15:49.871,29.000000,DIMMA~C Temp
18:15:50.371,29.000000,DIMMA~C Temp
18:15:50.871,29.000000,DIMMA~C Temp
18:15:51.371,29.000000,DIMMA~C Temp
18:15:23.371,31.000000,DIMMD~F Temp
18:15:23.871,31.000000,DIMMD~F Temp
18:15:24.371,31.000000,DIMMD~F Temp
18:15:24.871,31.000000,DIMMD~F Temp
18:15:25.371,31.000000,DIMMD~F Temp
18:15:25.871,31.000000,DIMMD~F Temp
18:15:26.371,31.000000,DIMMD~F Temp
18:15:26.871,31.000000,DIMMD~F Temp
18:15:27.371,31.000000,DIMMD~F Temp
18:15:27.871,31.000000,DIMMD~F Temp
18:15:28.371,31.000000,DIMMD~F Temp
18:15:28.871,31.000000,DIMMD~F Temp
18:15:29.371,31.000000,DIMMD~F Temp
18:15:29.871,31.000000,DIMMD~F Temp
18:15:30.371,31.000000,DIMMD~F Temp
18:15:30.871,31.000000,DIMMD~F Temp
18:15:31.371,31.000000,DIMMD~F Temp
18:15:31.871,31.000000,DIMMD~F Temp
18:15:32.371,31.000000,DIMMD~F Temp
18:15:32.871,31.000000,DIMMD~F Temp
18:15:33.371,31.000000,DIMMD~F Temp
18:15:33.871,31.000000,DIMMD~F Temp
18:15:34.371,31.000000,DIMMD~F Temp
18:15:34.871,31.000000,DIMMD~F Temp
18:15:35.371,31.000000,DIMMD~F Temp
18:15:35.871,31.000000,DIMMD~F Temp
18:15:36.371,31.000000,DIMMD~F Temp
18:15:36.871,31.000000,DIMMD~F Temp
18:15:37.371,31.000000,DIMMD~F Temp
18:15:37.871,31.000000,DIMMD~F Temp
18:15:38.371,31.000000,DIMMD~F Temp
18:15:38.871,31.000000,DIMMD~F Temp
18:15:39.371,31.000000,DIMMD~F Temp
18:15:39.871,31.000000,DIMMD~F Temp
18:15:40.371,31.000000,DIMMD~F Temp
18:15:40.871,31.000000,DIMMD~F Temp
18:15:41.371,31.000000,DIMMD~F Temp
18:15:41.871,31.000000,DIMMD~F Temp
18:15:42.371,31.000000,DIMMD~F Temp
18:15:42.871,31.000000,DIMMD~F Temp
18:15:43.371,31.000000,DIMMD~F Temp
18:15:43.871,31.000000,DIMMD~F Temp
18:15:44.371,31.000000,DIMMD~F Temp
18:15:44.871,31.000000,DIMMD~F Temp
18:15:45.371,31.000000,DIMMD~F Temp
18:15:45.871,31.000000,DIMMD~F Temp
18:15:46.371,31.000000,DIMMD~F Temp
18:15:46.871,31.000000,DIMMD~F Temp
18:15:47.371,31.000000,DIMMD~F Temp
18:15:47.871,31.000000,DIMMD~F Temp
18:15:48.371,31.000000,DIMMD~F Temp
18:15:48.871,31.000000,DIMMD~F Temp
18:15:49.371,31.000000,DIMMD~F Temp
18:15:49.871,31.000000,DIMMD~F Temp
18:15:50.371,31.000000,DIMMD~F Temp
18:15:50.871,31.000000,DIMMD~F Temp
18:15:51.371,31.000000,DIMMD~F Temp
18:15:23.371,26.000000,Inlet Temp
18:15:23.871,26.000000,Inlet Temp
18:15:24.371,26.000000,Inlet Temp
18:15:24.871,26.000000,Inlet Temp
18:15:25.371,26.000000,Inlet Temp
18:15:25.871,26.000000,Inlet Temp
18:15:26.371,26.000000,Inlet Temp
18:15:26.871,26.000000,Inlet Temp
18:15:27.371,26.000000,Inlet Temp
18:15:27.871,26.000000,Inlet Temp
18:15:28.371,26.000000,Inlet Temp
18:15:28.871,26.000000,Inlet Temp
18:15:29.371,26.000000,Inlet Temp
18:15:29.871,26.000000,Inlet Temp
18:15:30.371,26.000000,Inlet Temp
18:15:30.871,26.000000,Inlet Temp
18:15:31.371,26.000000,Inlet Temp
18:15:31.871,26.000000,Inlet Temp
18:15:32.371,26.000000,Inlet Temp
18:15:32.871,26.000000,Inlet Temp
18:15:33.371,26.000000,Inlet Temp
18:15:33.871,26.000000,Inlet Temp
18:15:34.371,26.000000,Inlet Temp
18:15:34.871,26.000000,Inlet Temp
18:15:35.371,26.000000,Inlet Temp
18:15:35.871,26.000000,Inlet Temp
18:15:36.371,26.000000,Inlet Temp
18:15:36.871,26.000000,Inlet Temp
18:15:37.371,26.000000,Inlet Temp
18:15:37.871,26.000000,Inlet Temp
18:15:38.371,26.000000,Inlet Temp
18:15:38.871,26.000000,Inlet Temp
18:15:39.371,26.000000,Inlet Temp
18:15:39.871,26.000000,Inlet Temp
18:15:40.371,26.000000,Inlet Temp
18:15:40.871,26.000000,Inlet Temp
18:15:41.371,26.000000,Inlet Temp
18:15:41.871,26.000000,Inlet Temp
18:15:42.371,26.000000,Inlet Temp
18:15:42.871,26.000000,Inlet Temp
18:15:43.371,26.000000,Inlet Temp
18:15:43.871,26.000000,Inlet Temp
18:15:44.371,26.000000,Inlet Temp
18:15:44.871,26.000000,Inlet Temp
18:15:45.371,26.000000,Inlet Temp
18:15:45.871,26.000000,Inlet Temp
18:15:46.371,26.000000,Inlet Temp
18:15:46.871,26.000000,Inlet Temp
18:15:47.371,26.000000,Inlet Temp
18:15:47.871,26.000000,Inlet Temp
18:15:48.371,26.000000,Inlet Temp
18:15:48.871,26.000000,Inlet Temp
18:15:49.371,26.000000,Inlet Temp
18:15:49.871,26.000000,Inlet Temp
18:15:50.371,26.000000,Inlet Temp
18:15:50.871,26.000000,Inlet Temp
18:15:51.371,26.000000,Inlet Temp
