timestamp,Value (volts),name
18:14:43.245,5.140000,MB 5VSB
18:14:43.745,5.140000,MB 5VSB
18:14:44.245,5.140000,MB 5VSB
18:14:44.745,5.140000,MB 5VSB
18:14:45.245,5.140000,MB 5VSB
18:14:45.745,5.140000,MB 5VSB
18:14:46.245,5.140000,MB 5VSB
18:14:46.745,5.140000,MB 5VSB
18:14:47.245,5.140000,MB 5VSB
18:14:47.745,5.140000,MB 5VSB
18:14:48.245,5.140000,MB 5VSB
18:14:48.745,5.140000,MB 5VSB
18:14:49.245,5.140000,MB 5VSB
18:14:49.745,5.140000,MB 5VSB
18:14:50.245,5.140000,MB 5VSB
18:14:50.745,5.140000,MB 5VSB
18:14:51.245,5.140000,MB 5VSB
18:14:51.745,5.140000,MB 5VSB
18:14:52.245,5.140000,MB 5VSB
18:14:52.745,5.140000,MB 5VSB
18:14:53.245,5.140000,MB 5VSB
18:14:43.245,3.340000,MB 3.3VSB
18:14:43.745,3.340000,MB 3.3VSB
18:14:44.245,3.340000,MB 3.3VSB
18:14:44.745,3.340000,MB 3.3VSB
18:14:45.245,3.340000,MB 3.3VSB
18:14:45.745,3.340000,MB 3.3VSB
18:14:46.245,3.340000,MB 3.3VSB
18:14:46.745,3.340000,MB 3.3VSB
18:14:47.245,3.340000,MB 3.3VSB
18:14:47.745,3.340000,MB 3.3VSB
18:14:48.245,3.340000,MB 3.3VSB
18:14:48.745,3.340000,MB 3.3VSB
18:14:49.245,3.340000,MB 3.3VSB
18:14:49.745,3.340000,MB 3.3VSB
18:14:50.245,3.340000,MB 3.3VSB
18:14:50.745,3.340000,MB 3.3VSB
18:14:51.245,3.340000,MB 3.3VSB
18:14:51.745,3.340000,MB 3.3VSB
18:14:52.245,3.340000,MB 3.3VSB
18:14:52.745,3.340000,MB 3.3VSB
18:14:53.245,3.340000,MB 3.3VSB
18:14:43.245,1.810000,MB 1.8VSB
18:14:43.745,1.810000,MB 1.8VSB
18:14:44.245,1.810000,MB 1.8VSB
18:14:44.745,1.810000,MB 1.8VSB
18:14:45.245,1.810000,MB 1.8VSB
18:14:45.745,1.810000,MB 1.8VSB
18:14:46.245,1.810000,MB 1.8VSB
18:14:46.745,1.810000,MB 1.8VSB
18:14:47.245,1.810000,MB 1.8VSB
18:14:47.745,1.810000,MB 1.8VSB
18:14:48.245,1.810000,MB 1.8VSB
18:14:48.745,1.810000,MB 1.8VSB
18:14:49.245,1.810000,MB 1.8VSB
18:14:49.745,1.810000,MB 1.8VSB
18:14:50.245,1.810000,MB 1.8VSB
18:14:50.745,1.810000,MB 1.8VSB
18:14:51.245,1.810000,MB 1.8VSB
18:14:51.745,1.810000,MB 1.8VSB
18:14:52.245,1.810000,MB 1.8VSB
18:14:52.745,1.810000,MB 1.8VSB
18:14:53.245,1.810000,MB 1.8VSB
18:14:43.245,2.510000,BMC 2.5V
18:14:43.745,2.510000,BMC 2.5V
18:14:44.245,2.510000,BMC 2.5V
18:14:44.745,2.510000,BMC 2.5V
18:14:45.245,2.510000,BMC 2.5V
18:14:45.745,2.510000,BMC 2.5V
18:14:46.245,2.510000,BMC 2.5V
18:14:46.745,2.510000,BMC 2.5V
18:14:47.245,2.510000,BMC 2.5V
18:14:47.745,2.510000,BMC 2.5V
18:14:48.245,2.510000,BMC 2.5V
18:14:48.745,2.510000,BMC 2.5V
18:14:49.245,2.510000,BMC 2.5V
18:14:49.745,2.510000,BMC 2.5V
18:14:50.245,2.510000,BMC 2.5V
18:14:50.745,2.510000,BMC 2.5V
18:14:51.245,2.510000,BMC 2.5V
18:14:51.745,2.510000,BMC 2.5V
18:14:52.245,2.510000,BMC 2.5V
18:14:52.745,2.510000,BMC 2.5V
18:14:53.245,2.510000,BMC 2.5V
18:14:43.245,1.810000,BMC 1.8V
18:14:43.745,1.810000,BMC 1.8V
18:14:44.245,1.810000,BMC 1.8V
18:14:44.745,1.810000,BMC 1.8V
18:14:45.245,1.810000,BMC 1.8V
18:14:45.745,1.810000,BMC 1.8V
18:14:46.245,1.810000,BMC 1.8V
18:14:46.745,1.810000,BMC 1.8V
18:14:47.245,1.810000,BMC 1.8V
18:14:47.745,1.810000,BMC 1.8V
18:14:48.245,1.810000,BMC 1.8V
18:14:48.745,1.810000,BMC 1.8V
18:14:49.245,1.810000,BMC 1.8V
18:14:49.745,1.810000,BMC 1.8V
18:14:50.245,1.810000,BMC 1.8V
18:14:50.745,1.810000,BMC 1.8V
18:14:51.245,1.810000,BMC 1.8V
18:14:51.745,1.810000,BMC 1.8V
18:14:52.245,1.810000,BMC 1.8V
18:14:52.745,1.810000,BMC 1.8V
18:14:53.245,1.810000,BMC 1.8V
18:14:43.245,1.210000,BMC 1.2V
18:14:43.745,1.210000,BMC 1.2V
18:14:44.245,1.210000,BMC 1.2V
18:14:44.745,1.210000,BMC 1.2V
18:14:45.245,1.210000,BMC 1.2V
18:14:45.745,1.210000,BMC 1.2V
18:14:46.245,1.210000,BMC 1.2V
18:14:46.745,1.210000,BMC 1.2V
18:14:47.245,1.210000,BMC 1.2V
18:14:47.745,1.210000,BMC 1.2V
18:14:48.245,1.210000,BMC 1.2V
18:14:48.745,1.210000,BMC 1.2V
18:14:49.245,1.210000,BMC 1.2V
18:14:49.745,1.210000,BMC 1.2V
18:14:50.245,1.210000,BMC 1.2V
18:14:50.745,1.210000,BMC 1.2V
18:14:51.245,1.210000,BMC 1.2V
18:14:51.745,1.210000,BMC 1.2V
18:14:52.245,1.210000,BMC 1.2V
18:14:52.745,1.210000,BMC 1.2V
18:14:53.245,1.210000,BMC 1.2V
18:14:43.245,1.010000,BMC 1.0V
18:14:43.745,1.010000,BMC 1.0V
18:14:44.245,1.010000,BMC 1.0V
18:14:44.745,1.010000,BMC 1.0V
18:14:45.245,1.010000,BMC 1.0V
18:14:45.745,1.010000,BMC 1.0V
18:14:46.245,1.010000,BMC 1.0V
18:14:46.745,1.010000,BMC 1.0V
18:14:47.245,1.010000,BMC 1.0V
18:14:47.745,1.010000,BMC 1.0V
18:14:48.245,1.010000,BMC 1.0V
18:14:48.745,1.010000,BMC 1.0V
18:14:49.245,1.010000,BMC 1.0V
18:14:49.745,1.010000,BMC 1.0V
18:14:50.245,1.010000,BMC 1.0V
18:14:50.745,1.010000,BMC 1.0V
18:14:51.245,1.010000,BMC 1.0V
18:14:51.745,1.010000,BMC 1.0V
18:14:52.245,1.010000,BMC 1.0V
18:14:52.745,1.010000,BMC 1.0V
18:14:53.245,1.010000,BMC 1.0V
18:14:43.245,1.050000,CPU_VDDCR0
18:14:43.745,1.050000,CPU_VDDCR0
18:14:44.245,1.050000,CPU_VDDCR0
18:14:44.745,1.050000,CPU_VDDCR0
18:14:45.245,1.050000,CPU_VDDCR0
18:14:45.745,1.050000,CPU_VDDCR0
18:14:46.245,1.050000,CPU_VDDCR0
18:14:46.745,1.050000,CPU_VDDCR0
18:14:47.245,1.050000,CPU_VDDCR0
18:14:47.745,1.050000,CPU_VDDCR0
18:14:48.245,1.050000,CPU_VDDCR0
18:14:48.745,1.050000,CPU_VDDCR0
18:14:49.245,1.050000,CPU_VDDCR0
18:14:49.745,1.050000,CPU_VDDCR0
18:14:50.245,1.050000,CPU_VDDCR0
18:14:50.745,1.050000,CPU_VDDCR0
18:14:51.245,1.050000,CPU_VDDCR0
18:14:51.745,1.050000,CPU_VDDCR0
18:14:52.245,1.050000,CPU_VDDCR0
18:14:52.745,1.050000,CPU_VDDCR0
18:14:53.245,1.050000,CPU_VDDCR0
18:14:43.245,0.970000,CPU_SOC
18:14:43.745,0.970000,CPU_SOC
18:14:44.245,0.970000,CPU_SOC
18:14:44.745,0.970000,CPU_SOC
18:14:45.245,0.970000,CPU_SOC
18:14:45.745,0.970000,CPU_SOC
18:14:46.245,0.970000,CPU_SOC
18:14:46.745,0.970000,CPU_SOC
18:14:47.245,0.970000,CPU_SOC
18:14:47.745,0.970000,CPU_SOC
18:14:48.245,0.970000,CPU_SOC
18:14:48.745,0.970000,CPU_SOC
18:14:49.245,0.970000,CPU_SOC
18:14:49.745,0.970000,CPU_SOC
18:14:50.245,0.970000,CPU_SOC
18:14:50.745,0.970000,CPU_SOC
18:14:51.245,0.970000,CPU_SOC
18:14:51.745,0.970000,CPU_SOC
18:14:52.245,0.970000,CPU_SOC
18:14:52.745,0.970000,CPU_SOC
18:14:53.245,0.970000,CPU_SOC
18:14:43.245,1.060000,CPU_VDDCR1
18:14:43.745,1.060000,CPU_VDDCR1
18:14:44.245,1.060000,CPU_VDDCR1
18:14:44.745,1.060000,CPU_VDDCR1
18:14:45.245,1.060000,CPU_VDDCR1
18:14:45.745,1.060000,CPU_VDDCR1
18:14:46.245,1.060000,CPU_VDDCR1
18:14:46.745,1.060000,CPU_VDDCR1
18:14:47.245,1.060000,CPU_VDDCR1
18:14:47.745,1.060000,CPU_VDDCR1
18:14:48.245,1.060000,CPU_VDDCR1
18:14:48.745,1.060000,CPU_VDDCR1
18:14:49.245,1.060000,CPU_VDDCR1
18:14:49.745,1.060000,CPU_VDDCR1
18:14:50.245,1.060000,CPU_VDDCR1
18:14:50.745,1.060000,CPU_VDDCR1
18:14:51.245,1.060000,CPU_VDDCR1
18:14:51.745,1.060000,CPU_VDDCR1
18:14:52.245,1.060000,CPU_VDDCR1
18:14:52.745,1.060000,CPU_VDDCR1
18:14:53.245,1.060000,CPU_VDDCR1
18:14:43.245,1.090000,CPU_VDDIO
18:14:43.745,1.090000,CPU_VDDIO
18:14:44.245,1.090000,CPU_VDDIO
18:14:44.745,1.090000,CPU_VDDIO
18:14:45.245,1.090000,CPU_VDDIO
18:14:45.745,1.090000,CPU_VDDIO
18:14:46.245,1.090000,CPU_VDDIO
18:14:46.745,1.090000,CPU_VDDIO
18:14:47.245,1.090000,CPU_VDDIO
18:14:47.745,1.090000,CPU_VDDIO
18:14:48.245,1.090000,CPU_VDDIO
18:14:48.745,1.090000,CPU_VDDIO
18:14:49.245,1.090000,CPU_VDDIO
18:14:49.745,1.090000,CPU_VDDIO
18:14:50.245,1.090000,CPU_VDDIO
18:14:50.745,1.090000,CPU_VDDIO
18:14:51.245,1.090000,CPU_VDDIO
18:14:51.745,1.090000,CPU_VDDIO
18:14:52.245,1.090000,CPU_VDDIO
18:14:52.745,1.090000,CPU_VDDIO
18:14:53.245,1.090000,CPU_VDDIO
18:14:43.245,12.080000,MB 12V
18:14:43.745,12.080000,MB 12V
18:14:44.245,12.080000,MB 12V
18:14:44.745,12.080000,MB 12V
18:14:45.245,12.080000,MB 12V
18:14:45.745,12.080000,MB 12V
18:14:46.245,12.080000,MB 12V
18:14:46.745,12.080000,MB 12V
18:14:47.245,12.080000,MB 12V
18:14:47.745,12.080000,MB 12V
18:14:48.245,12.080000,MB 12V
18:14:48.745,12.080000,MB 12V
18:14:49.245,12.080000,MB 12V
18:14:49.745,12.080000,MB 12V
18:14:50.245,12.080000,MB 12V
18:14:50.745,12.080000,MB 12V
18:14:51.245,12.080000,MB 12V
18:14:51.745,12.080000,MB 12V
18:14:52.245,12.080000,MB 12V
18:14:52.745,12.080000,MB 12V
18:14:53.245,12.080000,MB 12V
18:14:43.245,5.180000,MB 5VCC
18:14:43.745,5.180000,MB 5VCC
18:14:44.245,5.180000,MB 5VCC
18:14:44.745,5.180000,MB 5VCC
18:14:45.245,5.180000,MB 5VCC
18:14:45.745,5.180000,MB 5VCC
18:14:46.245,5.180000,MB 5VCC
18:14:46.745,5.180000,MB 5VCC
18:14:47.245,5.180000,MB 5VCC
18:14:47.745,5.180000,MB 5VCC
18:14:48.245,5.180000,MB 5VCC
18:14:48.745,5.180000,MB 5VCC
18:14:49.245,5.180000,MB 5VCC
18:14:49.745,5.180000,MB 5VCC
18:14:50.245,5.180000,MB 5VCC
18:14:50.745,5.180000,MB 5VCC
18:14:51.245,5.180000,MB 5VCC
18:14:51.745,5.180000,MB 5VCC
18:14:52.245,5.180000,MB 5VCC
18:14:52.745,5.180000,MB 5VCC
18:14:53.245,5.180000,MB 5VCC
18:14:43.245,3.400000,MB 3.3VCC
18:14:43.745,3.400000,MB 3.3VCC
18:14:44.245,3.400000,MB 3.3VCC
18:14:44.745,3.400000,MB 3.3VCC
18:14:45.245,3.400000,MB 3.3VCC
18:14:45.745,3.400000,MB 3.3VCC
18:14:46.245,3.400000,MB 3.3VCC
18:14:46.745,3.400000,MB 3.3VCC
18:14:47.245,3.400000,MB 3.3VCC
18:14:47.745,3.400000,MB 3.3VCC
18:14:48.245,3.400000,MB 3.3VCC
18:14:48.745,3.400000,MB 3.3VCC
18:14:49.245,3.400000,MB 3.3VCC
18:14:49.745,3.400000,MB 3.3VCC
18:14:50.245,3.400000,MB 3.3VCC
18:14:50.745,3.400000,MB 3.3VCC
18:14:51.245,3.400000,MB 3.3VCC
18:14:51.745,3.400000,MB 3.3VCC
18:14:52.245,3.400000,MB 3.3VCC
18:14:52.745,3.400000,MB 3.3VCC
18:14:53.245,3.400000,MB 3.3VCC
18:14:43.171,5.140000,MB 5VSB
18:14:43.671,5.140000,MB 5VSB
18:14:44.171,5.140000,MB 5VSB
18:14:44.671,5.140000,MB 5VSB
18:14:45.171,5.140000,MB 5VSB
18:14:45.671,5.140000,MB 5VSB
18:14:46.171,5.140000,MB 5VSB
18:14:46.671,5.140000,MB 5VSB
18:14:47.171,5.140000,MB 5VSB
18:14:47.671,5.140000,MB 5VSB
18:14:48.171,5.140000,MB 5VSB
18:14:48.671,5.140000,MB 5VSB
18:14:49.171,5.140000,MB 5VSB
18:14:49.671,5.140000,MB 5VSB
18:14:50.171,5.140000,MB 5VSB
18:14:50.671,5.140000,MB 5VSB
18:14:51.171,5.140000,MB 5VSB
18:14:51.671,5.140000,MB 5VSB
18:14:52.171,5.140000,MB 5VSB
18:14:52.671,5.140000,MB 5VSB
18:14:53.171,5.140000,MB 5VSB
18:14:53.671,5.140000,MB 5VSB
18:14:43.171,3.340000,MB 3.3VSB
18:14:43.671,3.340000,MB 3.3VSB
18:14:44.171,3.340000,MB 3.3VSB
18:14:44.671,3.340000,MB 3.3VSB
18:14:45.171,3.340000,MB 3.3VSB
18:14:45.671,3.340000,MB 3.3VSB
18:14:46.171,3.340000,MB 3.3VSB
18:14:46.671,3.340000,MB 3.3VSB
18:14:47.171,3.340000,MB 3.3VSB
18:14:47.671,3.340000,MB 3.3VSB
18:14:48.171,3.340000,MB 3.3VSB
18:14:48.671,3.340000,MB 3.3VSB
18:14:49.171,3.340000,MB 3.3VSB
18:14:49.671,3.340000,MB 3.3VSB
18:14:50.171,3.340000,MB 3.3VSB
18:14:50.671,3.340000,MB 3.3VSB
18:14:51.171,3.340000,MB 3.3VSB
18:14:51.671,3.340000,MB 3.3VSB
18:14:52.171,3.340000,MB 3.3VSB
18:14:52.671,3.340000,MB 3.3VSB
18:14:53.171,3.340000,MB 3.3VSB
18:14:53.671,3.340000,MB 3.3VSB
18:14:43.171,1.810000,MB 1.8VSB
18:14:43.671,1.810000,MB 1.8VSB
18:14:44.171,1.810000,MB 1.8VSB
18:14:44.671,1.810000,MB 1.8VSB
18:14:45.171,1.810000,MB 1.8VSB
18:14:45.671,1.810000,MB 1.8VSB
18:14:46.171,1.810000,MB 1.8VSB
18:14:46.671,1.810000,MB 1.8VSB
18:14:47.171,1.810000,MB 1.8VSB
18:14:47.671,1.810000,MB 1.8VSB
18:14:48.171,1.810000,MB 1.8VSB
18:14:48.671,1.810000,MB 1.8VSB
18:14:49.171,1.810000,MB 1.8VSB
18:14:49.671,1.810000,MB 1.8VSB
18:14:50.171,1.810000,MB 1.8VSB
18:14:50.671,1.810000,MB 1.8VSB
18:14:51.171,1.810000,MB 1.8VSB
18:14:51.671,1.810000,MB 1.8VSB
18:14:52.171,1.810000,MB 1.8VSB
18:14:52.671,1.810000,MB 1.8VSB
18:14:53.171,1.810000,MB 1.8VSB
18:14:53.671,1.810000,MB 1.8VSB
18:14:43.171,2.510000,BMC 2.5V
18:14:43.671,2.510000,BMC 2.5V
18:14:44.171,2.510000,BMC 2.5V
18:14:44.671,2.510000,BMC 2.5V
18:14:45.171,2.510000,BMC 2.5V
18:14:45.671,2.510000,BMC 2.5V
18:14:46.171,2.510000,BMC 2.5V
18:14:46.671,2.510000,BMC 2.5V
18:14:47.171,2.510000,BMC 2.5V
18:14:47.671,2.510000,BMC 2.5V
18:14:48.171,2.510000,BMC 2.5V
18:14:48.671,2.510000,BMC 2.5V
18:14:49.171,2.510000,BMC 2.5V
18:14:49.671,2.510000,BMC 2.5V
18:14:50.171,2.510000,BMC 2.5V
18:14:50.671,2.510000,BMC 2.5V
18:14:51.171,2.510000,BMC 2.5V
18:14:51.671,2.510000,BMC 2.5V
18:14:52.171,2.510000,BMC 2.5V
18:14:52.671,2.510000,BMC 2.5V
18:14:53.171,2.510000,BMC 2.5V
18:14:53.671,2.510000,BMC 2.5V
18:14:43.171,1.810000,BMC 1.8V
18:14:43.671,1.810000,BMC 1.8V
18:14:44.171,1.810000,BMC 1.8V
18:14:44.671,1.810000,BMC 1.8V
18:14:45.171,1.810000,BMC 1.8V
18:14:45.671,1.810000,BMC 1.8V
18:14:46.171,1.810000,BMC 1.8V
18:14:46.671,1.810000,BMC 1.8V
18:14:47.171,1.810000,BMC 1.8V
18:14:47.671,1.810000,BMC 1.8V
18:14:48.171,1.810000,BMC 1.8V
18:14:48.671,1.810000,BMC 1.8V
18:14:49.171,1.810000,BMC 1.8V
18:14:49.671,1.810000,BMC 1.8V
18:14:50.171,1.810000,BMC 1.8V
18:14:50.671,1.810000,BMC 1.8V
18:14:51.171,1.810000,BMC 1.8V
18:14:51.671,1.810000,BMC 1.8V
18:14:52.171,1.810000,BMC 1.8V
18:14:52.671,1.810000,BMC 1.8V
18:14:53.171,1.810000,BMC 1.8V
18:14:53.671,1.810000,BMC 1.8V
18:14:43.171,1.210000,BMC 1.2V
18:14:43.671,1.210000,BMC 1.2V
18:14:44.171,1.210000,BMC 1.2V
18:14:44.671,1.210000,BMC 1.2V
18:14:45.171,1.210000,BMC 1.2V
18:14:45.671,1.210000,BMC 1.2V
18:14:46.171,1.210000,BMC 1.2V
18:14:46.671,1.210000,BMC 1.2V
18:14:47.171,1.210000,BMC 1.2V
18:14:47.671,1.210000,BMC 1.2V
18:14:48.171,1.210000,BMC 1.2V
18:14:48.671,1.210000,BMC 1.2V
18:14:49.171,1.210000,BMC 1.2V
18:14:49.671,1.210000,BMC 1.2V
18:14:50.171,1.210000,BMC 1.2V
18:14:50.671,1.210000,BMC 1.2V
18:14:51.171,1.210000,BMC 1.2V
18:14:51.671,1.210000,BMC 1.2V
18:14:52.171,1.210000,BMC 1.2V
18:14:52.671,1.210000,BMC 1.2V
18:14:53.171,1.210000,BMC 1.2V
18:14:53.671,1.210000,BMC 1.2V
18:14:43.171,1.010000,BMC 1.0V
18:14:43.671,1.010000,BMC 1.0V
18:14:44.171,1.010000,BMC 1.0V
18:14:44.671,1.010000,BMC 1.0V
18:14:45.171,1.010000,BMC 1.0V
18:14:45.671,1.010000,BMC 1.0V
18:14:46.171,1.010000,BMC 1.0V
18:14:46.671,1.010000,BMC 1.0V
18:14:47.171,1.010000,BMC 1.0V
18:14:47.671,1.010000,BMC 1.0V
18:14:48.171,1.010000,BMC 1.0V
18:14:48.671,1.010000,BMC 1.0V
18:14:49.171,1.010000,BMC 1.0V
18:14:49.671,1.010000,BMC 1.0V
18:14:50.171,1.010000,BMC 1.0V
18:14:50.671,1.010000,BMC 1.0V
18:14:51.171,1.010000,BMC 1.0V
18:14:51.671,1.010000,BMC 1.0V
18:14:52.171,1.010000,BMC 1.0V
18:14:52.671,1.010000,BMC 1.0V
18:14:53.171,1.010000,BMC 1.0V
18:14:53.671,1.010000,BMC 1.0V
18:14:43.171,1.050000,CPU_VDDCR0
18:14:43.671,1.050000,CPU_VDDCR0
18:14:44.171,1.050000,CPU_VDDCR0
18:14:44.671,1.050000,CPU_VDDCR0
18:14:45.171,1.050000,CPU_VDDCR0
18:14:45.671,1.050000,CPU_VDDCR0
18:14:46.171,1.050000,CPU_VDDCR0
18:14:46.671,1.050000,CPU_VDDCR0
18:14:47.171,1.050000,CPU_VDDCR0
18:14:47.671,1.050000,CPU_VDDCR0
18:14:48.171,1.050000,CPU_VDDCR0
18:14:48.671,1.050000,CPU_VDDCR0
18:14:49.171,1.050000,CPU_VDDCR0
18:14:49.671,1.050000,CPU_VDDCR0
18:14:50.171,1.050000,CPU_VDDCR0
18:14:50.671,1.050000,CPU_VDDCR0
18:14:51.171,1.050000,CPU_VDDCR0
18:14:51.671,1.050000,CPU_VDDCR0
18:14:52.171,1.050000,CPU_VDDCR0
18:14:52.671,1.050000,CPU_VDDCR0
18:14:53.171,1.050000,CPU_VDDCR0
18:14:53.671,1.050000,CPU_VDDCR0
18:14:43.171,0.970000,CPU_SOC
18:14:43.671,0.970000,CPU_SOC
18:14:44.171,0.970000,CPU_SOC
18:14:44.671,0.970000,CPU_SOC
18:14:45.171,0.970000,CPU_SOC
18:14:45.671,0.970000,CPU_SOC
18:14:46.171,0.970000,CPU_SOC
18:14:46.671,0.970000,CPU_SOC
18:14:47.171,0.970000,CPU_SOC
18:14:47.671,0.970000,CPU_SOC
18:14:48.171,0.970000,CPU_SOC
18:14:48.671,0.970000,CPU_SOC
18:14:49.171,0.970000,CPU_SOC
18:14:49.671,0.970000,CPU_SOC
18:14:50.171,0.970000,CPU_SOC
18:14:50.671,0.970000,CPU_SOC
18:14:51.171,0.970000,CPU_SOC
18:14:51.671,0.970000,CPU_SOC
18:14:52.171,0.970000,CPU_SOC
18:14:52.671,0.970000,CPU_SOC
18:14:53.171,0.970000,CPU_SOC
18:14:53.671,0.970000,CPU_SOC
18:14:43.171,1.060000,CPU_VDDCR1
18:14:43.671,1.060000,CPU_VDDCR1
18:14:44.171,1.060000,CPU_VDDCR1
18:14:44.671,1.060000,CPU_VDDCR1
18:14:45.171,1.060000,CPU_VDDCR1
18:14:45.671,1.060000,CPU_VDDCR1
18:14:46.171,1.060000,CPU_VDDCR1
18:14:46.671,1.060000,CPU_VDDCR1
18:14:47.171,1.060000,CPU_VDDCR1
18:14:47.671,1.060000,CPU_VDDCR1
18:14:48.171,1.060000,CPU_VDDCR1
18:14:48.671,1.060000,CPU_VDDCR1
18:14:49.171,1.060000,CPU_VDDCR1
18:14:49.671,1.060000,CPU_VDDCR1
18:14:50.171,1.060000,CPU_VDDCR1
18:14:50.671,1.060000,CPU_VDDCR1
18:14:51.171,1.060000,CPU_VDDCR1
18:14:51.671,1.060000,CPU_VDDCR1
18:14:52.171,1.060000,CPU_VDDCR1
18:14:52.671,1.060000,CPU_VDDCR1
18:14:53.171,1.060000,CPU_VDDCR1
18:14:53.671,1.060000,CPU_VDDCR1
18:14:43.171,1.090000,CPU_VDDIO
18:14:43.671,1.090000,CPU_VDDIO
18:14:44.171,1.090000,CPU_VDDIO
18:14:44.671,1.090000,CPU_VDDIO
18:14:45.171,1.090000,CPU_VDDIO
18:14:45.671,1.090000,CPU_VDDIO
18:14:46.171,1.090000,CPU_VDDIO
18:14:46.671,1.090000,CPU_VDDIO
18:14:47.171,1.090000,CPU_VDDIO
18:14:47.671,1.090000,CPU_VDDIO
18:14:48.171,1.090000,CPU_VDDIO
18:14:48.671,1.090000,CPU_VDDIO
18:14:49.171,1.090000,CPU_VDDIO
18:14:49.671,1.090000,CPU_VDDIO
18:14:50.171,1.090000,CPU_VDDIO
18:14:50.671,1.090000,CPU_VDDIO
18:14:51.171,1.090000,CPU_VDDIO
18:14:51.671,1.090000,CPU_VDDIO
18:14:52.171,1.090000,CPU_VDDIO
18:14:52.671,1.090000,CPU_VDDIO
18:14:53.171,1.090000,CPU_VDDIO
18:14:53.671,1.090000,CPU_VDDIO
18:14:43.171,12.080000,MB 12V
18:14:43.671,12.080000,MB 12V
18:14:44.171,12.080000,MB 12V
18:14:44.671,12.080000,MB 12V
18:14:45.171,12.080000,MB 12V
18:14:45.671,12.080000,MB 12V
18:14:46.171,12.080000,MB 12V
18:14:46.671,12.080000,MB 12V
18:14:47.171,12.080000,MB 12V
18:14:47.671,12.080000,MB 12V
18:14:48.171,12.080000,MB 12V
18:14:48.671,12.080000,MB 12V
18:14:49.171,12.080000,MB 12V
18:14:49.671,12.080000,MB 12V
18:14:50.171,12.080000,MB 12V
18:14:50.671,12.080000,MB 12V
18:14:51.171,12.080000,MB 12V
18:14:51.671,12.080000,MB 12V
18:14:52.171,12.080000,MB 12V
18:14:52.671,12.080000,MB 12V
18:14:53.171,12.080000,MB 12V
18:14:53.671,12.080000,MB 12V
18:14:43.171,5.180000,MB 5VCC
18:14:43.671,5.180000,MB 5VCC
18:14:44.171,5.180000,MB 5VCC
18:14:44.671,5.180000,MB 5VCC
18:14:45.171,5.180000,MB 5VCC
18:14:45.671,5.180000,MB 5VCC
18:14:46.171,5.180000,MB 5VCC
18:14:46.671,5.180000,MB 5VCC
18:14:47.171,5.180000,MB 5VCC
18:14:47.671,5.180000,MB 5VCC
18:14:48.171,5.180000,MB 5VCC
18:14:48.671,5.180000,MB 5VCC
18:14:49.171,5.180000,MB 5VCC
18:14:49.671,5.180000,MB 5VCC
18:14:50.171,5.180000,MB 5VCC
18:14:50.671,5.180000,MB 5VCC
18:14:51.171,5.180000,MB 5VCC
18:14:51.671,5.180000,MB 5VCC
18:14:52.171,5.180000,MB 5VCC
18:14:52.671,5.180000,MB 5VCC
18:14:53.171,5.180000,MB 5VCC
18:14:53.671,5.180000,MB 5VCC
18:14:43.171,3.400000,MB 3.3VCC
18:14:43.671,3.400000,MB 3.3VCC
18:14:44.171,3.400000,MB 3.3VCC
18:14:44.671,3.400000,MB 3.3VCC
18:14:45.171,3.400000,MB 3.3VCC
18:14:45.671,3.400000,MB 3.3VCC
18:14:46.171,3.400000,MB 3.3VCC
18:14:46.671,3.400000,MB 3.3VCC
18:14:47.171,3.400000,MB 3.3VCC
18:14:47.671,3.400000,MB 3.3VCC
18:14:48.171,3.400000,MB 3.3VCC
18:14:48.671,3.400000,MB 3.3VCC
18:14:49.171,3.400000,MB 3.3VCC
18:14:49.671,3.400000,MB 3.3VCC
18:14:50.171,3.400000,MB 3.3VCC
18:14:50.671,3.400000,MB 3.3VCC
18:14:51.171,3.400000,MB 3.3VCC
18:14:51.671,3.400000,MB 3.3VCC
18:14:52.171,3.400000,MB 3.3VCC
18:14:52.671,3.400000,MB 3.3VCC
18:14:53.171,3.400000,MB 3.3VCC
18:14:53.671,3.400000,MB 3.3VCC
18:14:43.243,5.140000,MB 5VSB
18:14:43.743,5.140000,MB 5VSB
18:14:44.243,5.140000,MB 5VSB
18:14:44.743,5.140000,MB 5VSB
18:14:45.243,5.140000,MB 5VSB
18:14:45.743,5.140000,MB 5VSB
18:14:46.243,5.140000,MB 5VSB
18:14:46.743,5.140000,MB 5VSB
18:14:47.243,5.140000,MB 5VSB
18:14:47.743,5.140000,MB 5VSB
18:14:48.243,5.140000,MB 5VSB
18:14:48.743,5.140000,MB 5VSB
18:14:49.243,5.140000,MB 5VSB
18:14:49.743,5.140000,MB 5VSB
18:14:50.243,5.140000,MB 5VSB
18:14:50.743,5.140000,MB 5VSB
18:14:51.243,5.140000,MB 5VSB
18:14:51.743,5.140000,MB 5VSB
18:14:52.243,5.140000,MB 5VSB
18:14:52.743,5.140000,MB 5VSB
18:14:53.243,5.140000,MB 5VSB
18:14:53.743,5.140000,MB 5VSB
18:14:43.243,3.340000,MB 3.3VSB
18:14:43.743,3.340000,MB 3.3VSB
18:14:44.243,3.340000,MB 3.3VSB
18:14:44.743,3.340000,MB 3.3VSB
18:14:45.243,3.340000,MB 3.3VSB
18:14:45.743,3.340000,MB 3.3VSB
18:14:46.243,3.340000,MB 3.3VSB
18:14:46.743,3.340000,MB 3.3VSB
18:14:47.243,3.340000,MB 3.3VSB
18:14:47.743,3.340000,MB 3.3VSB
18:14:48.243,3.340000,MB 3.3VSB
18:14:48.743,3.340000,MB 3.3VSB
18:14:49.243,3.340000,MB 3.3VSB
18:14:49.743,3.340000,MB 3.3VSB
18:14:50.243,3.340000,MB 3.3VSB
18:14:50.743,3.340000,MB 3.3VSB
18:14:51.243,3.340000,MB 3.3VSB
18:14:51.743,3.340000,MB 3.3VSB
18:14:52.243,3.340000,MB 3.3VSB
18:14:52.743,3.340000,MB 3.3VSB
18:14:53.243,3.340000,MB 3.3VSB
18:14:53.743,3.340000,MB 3.3VSB
18:14:43.243,1.810000,MB 1.8VSB
18:14:43.743,1.810000,MB 1.8VSB
18:14:44.243,1.810000,MB 1.8VSB
18:14:44.743,1.810000,MB 1.8VSB
18:14:45.243,1.810000,MB 1.8VSB
18:14:45.743,1.810000,MB 1.8VSB
18:14:46.243,1.810000,MB 1.8VSB
18:14:46.743,1.810000,MB 1.8VSB
18:14:47.243,1.810000,MB 1.8VSB
18:14:47.743,1.810000,MB 1.8VSB
18:14:48.243,1.810000,MB 1.8VSB
18:14:48.743,1.810000,MB 1.8VSB
18:14:49.243,1.810000,MB 1.8VSB
18:14:49.743,1.810000,MB 1.8VSB
18:14:50.243,1.810000,MB 1.8VSB
18:14:50.743,1.810000,MB 1.8VSB
18:14:51.243,1.810000,MB 1.8VSB
18:14:51.743,1.810000,MB 1.8VSB
18:14:52.243,1.810000,MB 1.8VSB
18:14:52.743,1.810000,MB 1.8VSB
18:14:53.243,1.810000,MB 1.8VSB
18:14:53.743,1.810000,MB 1.8VSB
18:14:43.243,2.510000,BMC 2.5V
18:14:43.743,2.510000,BMC 2.5V
18:14:44.243,2.510000,BMC 2.5V
18:14:44.743,2.510000,BMC 2.5V
18:14:45.243,2.510000,BMC 2.5V
18:14:45.743,2.510000,BMC 2.5V
18:14:46.243,2.510000,BMC 2.5V
18:14:46.743,2.510000,BMC 2.5V
18:14:47.243,2.510000,BMC 2.5V
18:14:47.743,2.510000,BMC 2.5V
18:14:48.243,2.510000,BMC 2.5V
18:14:48.743,2.510000,BMC 2.5V
18:14:49.243,2.510000,BMC 2.5V
18:14:49.743,2.510000,BMC 2.5V
18:14:50.243,2.510000,BMC 2.5V
18:14:50.743,2.510000,BMC 2.5V
18:14:51.243,2.510000,BMC 2.5V
18:14:51.743,2.510000,BMC 2.5V
18:14:52.243,2.510000,BMC 2.5V
18:14:52.743,2.510000,BMC 2.5V
18:14:53.243,2.510000,BMC 2.5V
18:14:53.743,2.510000,BMC 2.5V
18:14:43.243,1.810000,BMC 1.8V
18:14:43.743,1.810000,BMC 1.8V
18:14:44.243,1.810000,BMC 1.8V
18:14:44.743,1.810000,BMC 1.8V
18:14:45.243,1.810000,BMC 1.8V
18:14:45.743,1.810000,BMC 1.8V
18:14:46.243,1.810000,BMC 1.8V
18:14:46.743,1.810000,BMC 1.8V
18:14:47.243,1.810000,BMC 1.8V
18:14:47.743,1.810000,BMC 1.8V
18:14:48.243,1.810000,BMC 1.8V
18:14:48.743,1.810000,BMC 1.8V
18:14:49.243,1.810000,BMC 1.8V
18:14:49.743,1.810000,BMC 1.8V
18:14:50.243,1.810000,BMC 1.8V
18:14:50.743,1.810000,BMC 1.8V
18:14:51.243,1.810000,BMC 1.8V
18:14:51.743,1.810000,BMC 1.8V
18:14:52.243,1.810000,BMC 1.8V
18:14:52.743,1.810000,BMC 1.8V
18:14:53.243,1.810000,BMC 1.8V
18:14:53.743,1.810000,BMC 1.8V
18:14:43.243,1.210000,BMC 1.2V
18:14:43.743,1.210000,BMC 1.2V
18:14:44.243,1.210000,BMC 1.2V
18:14:44.743,1.210000,BMC 1.2V
18:14:45.243,1.210000,BMC 1.2V
18:14:45.743,1.210000,BMC 1.2V
18:14:46.243,1.210000,BMC 1.2V
18:14:46.743,1.210000,BMC 1.2V
18:14:47.243,1.210000,BMC 1.2V
18:14:47.743,1.210000,BMC 1.2V
18:14:48.243,1.210000,BMC 1.2V
18:14:48.743,1.210000,BMC 1.2V
18:14:49.243,1.210000,BMC 1.2V
18:14:49.743,1.210000,BMC 1.2V
18:14:50.243,1.210000,BMC 1.2V
18:14:50.743,1.210000,BMC 1.2V
18:14:51.243,1.210000,BMC 1.2V
18:14:51.743,1.210000,BMC 1.2V
18:14:52.243,1.210000,BMC 1.2V
18:14:52.743,1.210000,BMC 1.2V
18:14:53.243,1.210000,BMC 1.2V
18:14:53.743,1.210000,BMC 1.2V
18:14:43.243,1.010000,BMC 1.0V
18:14:43.743,1.010000,BMC 1.0V
18:14:44.243,1.010000,BMC 1.0V
18:14:44.743,1.010000,BMC 1.0V
18:14:45.243,1.010000,BMC 1.0V
18:14:45.743,1.010000,BMC 1.0V
18:14:46.243,1.010000,BMC 1.0V
18:14:46.743,1.010000,BMC 1.0V
18:14:47.243,1.010000,BMC 1.0V
18:14:47.743,1.010000,BMC 1.0V
18:14:48.243,1.010000,BMC 1.0V
18:14:48.743,1.010000,BMC 1.0V
18:14:49.243,1.010000,BMC 1.0V
18:14:49.743,1.010000,BMC 1.0V
18:14:50.243,1.010000,BMC 1.0V
18:14:50.743,1.010000,BMC 1.0V
18:14:51.243,1.010000,BMC 1.0V
18:14:51.743,1.010000,BMC 1.0V
18:14:52.243,1.010000,BMC 1.0V
18:14:52.743,1.010000,BMC 1.0V
18:14:53.243,1.010000,BMC 1.0V
18:14:53.743,1.010000,BMC 1.0V
18:14:43.243,1.050000,CPU_VDDCR0
18:14:43.743,1.050000,CPU_VDDCR0
18:14:44.243,1.050000,CPU_VDDCR0
18:14:44.743,1.050000,CPU_VDDCR0
18:14:45.243,1.050000,CPU_VDDCR0
18:14:45.743,1.050000,CPU_VDDCR0
18:14:46.243,1.050000,CPU_VDDCR0
18:14:46.743,1.050000,CPU_VDDCR0
18:14:47.243,1.050000,CPU_VDDCR0
18:14:47.743,1.050000,CPU_VDDCR0
18:14:48.243,1.050000,CPU_VDDCR0
18:14:48.743,1.050000,CPU_VDDCR0
18:14:49.243,1.050000,CPU_VDDCR0
18:14:49.743,1.050000,CPU_VDDCR0
18:14:50.243,1.050000,CPU_VDDCR0
18:14:50.743,1.050000,CPU_VDDCR0
18:14:51.243,1.050000,CPU_VDDCR0
18:14:51.743,1.050000,CPU_VDDCR0
18:14:52.243,1.050000,CPU_VDDCR0
18:14:52.743,1.050000,CPU_VDDCR0
18:14:53.243,1.050000,CPU_VDDCR0
18:14:53.743,1.050000,CPU_VDDCR0
18:14:43.243,0.970000,CPU_SOC
18:14:43.743,0.970000,CPU_SOC
18:14:44.243,0.970000,CPU_SOC
18:14:44.743,0.970000,CPU_SOC
18:14:45.243,0.970000,CPU_SOC
18:14:45.743,0.970000,CPU_SOC
18:14:46.243,0.970000,CPU_SOC
18:14:46.743,0.970000,CPU_SOC
18:14:47.243,0.970000,CPU_SOC
18:14:47.743,0.970000,CPU_SOC
18:14:48.243,0.970000,CPU_SOC
18:14:48.743,0.970000,CPU_SOC
18:14:49.243,0.970000,CPU_SOC
18:14:49.743,0.970000,CPU_SOC
18:14:50.243,0.970000,CPU_SOC
18:14:50.743,0.970000,CPU_SOC
18:14:51.243,0.970000,CPU_SOC
18:14:51.743,0.970000,CPU_SOC
18:14:52.243,0.970000,CPU_SOC
18:14:52.743,0.970000,CPU_SOC
18:14:53.243,0.970000,CPU_SOC
18:14:53.743,0.970000,CPU_SOC
18:14:43.243,1.060000,CPU_VDDCR1
18:14:43.743,1.060000,CPU_VDDCR1
18:14:44.243,1.060000,CPU_VDDCR1
18:14:44.743,1.060000,CPU_VDDCR1
18:14:45.243,1.060000,CPU_VDDCR1
18:14:45.743,1.060000,CPU_VDDCR1
18:14:46.243,1.060000,CPU_VDDCR1
18:14:46.743,1.060000,CPU_VDDCR1
18:14:47.243,1.060000,CPU_VDDCR1
18:14:47.743,1.060000,CPU_VDDCR1
18:14:48.243,1.060000,CPU_VDDCR1
18:14:48.743,1.060000,CPU_VDDCR1
18:14:49.243,1.060000,CPU_VDDCR1
18:14:49.743,1.060000,CPU_VDDCR1
18:14:50.243,1.060000,CPU_VDDCR1
18:14:50.743,1.060000,CPU_VDDCR1
18:14:51.243,1.060000,CPU_VDDCR1
18:14:51.743,1.060000,CPU_VDDCR1
18:14:52.243,1.060000,CPU_VDDCR1
18:14:52.743,1.060000,CPU_VDDCR1
18:14:53.243,1.060000,CPU_VDDCR1
18:14:53.743,1.060000,CPU_VDDCR1
18:14:43.243,1.090000,CPU_VDDIO
18:14:43.743,1.090000,CPU_VDDIO
18:14:44.243,1.090000,CPU_VDDIO
18:14:44.743,1.090000,CPU_VDDIO
18:14:45.243,1.090000,CPU_VDDIO
18:14:45.743,1.090000,CPU_VDDIO
18:14:46.243,1.090000,CPU_VDDIO
18:14:46.743,1.090000,CPU_VDDIO
18:14:47.243,1.090000,CPU_VDDIO
18:14:47.743,1.090000,CPU_VDDIO
18:14:48.243,1.090000,CPU_VDDIO
18:14:48.743,1.090000,CPU_VDDIO
18:14:49.243,1.090000,CPU_VDDIO
18:14:49.743,1.090000,CPU_VDDIO
18:14:50.243,1.090000,CPU_VDDIO
18:14:50.743,1.090000,CPU_VDDIO
18:14:51.243,1.090000,CPU_VDDIO
18:14:51.743,1.090000,CPU_VDDIO
18:14:52.243,1.090000,CPU_VDDIO
18:14:52.743,1.090000,CPU_VDDIO
18:14:53.243,1.090000,CPU_VDDIO
18:14:53.743,1.090000,CPU_VDDIO
18:14:43.243,12.080000,MB 12V
18:14:43.743,12.080000,MB 12V
18:14:44.243,12.080000,MB 12V
18:14:44.743,12.080000,MB 12V
18:14:45.243,12.080000,MB 12V
18:14:45.743,12.080000,MB 12V
18:14:46.243,12.080000,MB 12V
18:14:46.743,12.080000,MB 12V
18:14:47.243,12.080000,MB 12V
18:14:47.743,12.080000,MB 12V
18:14:48.243,12.080000,MB 12V
18:14:48.743,12.080000,MB 12V
18:14:49.243,12.080000,MB 12V
18:14:49.743,12.080000,MB 12V
18:14:50.243,12.080000,MB 12V
18:14:50.743,12.080000,MB 12V
18:14:51.243,12.080000,MB 12V
18:14:51.743,12.080000,MB 12V
18:14:52.243,12.080000,MB 12V
18:14:52.743,12.080000,MB 12V
18:14:53.243,12.080000,MB 12V
18:14:53.743,12.080000,MB 12V
18:14:43.243,5.180000,MB 5VCC
18:14:43.743,5.180000,MB 5VCC
18:14:44.243,5.180000,MB 5VCC
18:14:44.743,5.180000,MB 5VCC
18:14:45.243,5.180000,MB 5VCC
18:14:45.743,5.180000,MB 5VCC
18:14:46.243,5.180000,MB 5VCC
18:14:46.743,5.180000,MB 5VCC
18:14:47.243,5.180000,MB 5VCC
18:14:47.743,5.180000,MB 5VCC
18:14:48.243,5.180000,MB 5VCC
18:14:48.743,5.180000,MB 5VCC
18:14:49.243,5.180000,MB 5VCC
18:14:49.743,5.180000,MB 5VCC
18:14:50.243,5.180000,MB 5VCC
18:14:50.743,5.180000,MB 5VCC
18:14:51.243,5.180000,MB 5VCC
18:14:51.743,5.180000,MB 5VCC
18:14:52.243,5.180000,MB 5VCC
18:14:52.743,5.180000,MB 5VCC
18:14:53.243,5.180000,MB 5VCC
18:14:53.743,5.180000,MB 5VCC
18:14:43.243,3.400000,MB 3.3VCC
18:14:43.743,3.400000,MB 3.3VCC
18:14:44.243,3.400000,MB 3.3VCC
18:14:44.743,3.400000,MB 3.3VCC
18:14:45.243,3.400000,MB 3.3VCC
18:14:45.743,3.400000,MB 3.3VCC
18:14:46.243,3.400000,MB 3.3VCC
18:14:46.743,3.400000,MB 3.3VCC
18:14:47.243,3.400000,MB 3.3VCC
18:14:47.743,3.400000,MB 3.3VCC
18:14:48.243,3.400000,MB 3.3VCC
18:14:48.743,3.400000,MB 3.3VCC
18:14:49.243,3.400000,MB 3.3VCC
18:14:49.743,3.400000,MB 3.3VCC
18:14:50.243,3.400000,MB 3.3VCC
18:14:50.743,3.400000,MB 3.3VCC
18:14:51.243,3.400000,MB 3.3VCC
18:14:51.743,3.400000,MB 3.3VCC
18:14:52.243,3.400000,MB 3.3VCC
18:14:52.743,3.400000,MB 3.3VCC
18:14:53.243,3.400000,MB 3.3VCC
18:14:53.743,3.400000,MB 3.3VCC
18:14:43.247,5.140000,MB 5VSB
18:14:43.747,5.140000,MB 5VSB
18:14:44.247,5.140000,MB 5VSB
18:14:44.747,5.140000,MB 5VSB
18:14:45.247,5.140000,MB 5VSB
18:14:45.747,5.140000,MB 5VSB
18:14:46.247,5.140000,MB 5VSB
18:14:46.747,5.140000,MB 5VSB
18:14:47.247,5.140000,MB 5VSB
18:14:47.747,5.140000,MB 5VSB
18:14:48.247,5.140000,MB 5VSB
18:14:48.747,5.140000,MB 5VSB
18:14:49.247,5.140000,MB 5VSB
18:14:49.747,5.140000,MB 5VSB
18:14:50.247,5.140000,MB 5VSB
18:14:50.747,5.140000,MB 5VSB
18:14:51.247,5.140000,MB 5VSB
18:14:51.747,5.140000,MB 5VSB
18:14:52.247,5.140000,MB 5VSB
18:14:52.747,5.140000,MB 5VSB
18:14:53.247,5.140000,MB 5VSB
18:14:53.747,5.140000,MB 5VSB
18:14:54.247,5.140000,MB 5VSB
18:14:54.747,5.140000,MB 5VSB
18:14:43.247,3.340000,MB 3.3VSB
18:14:43.747,3.340000,MB 3.3VSB
18:14:44.247,3.340000,MB 3.3VSB
18:14:44.747,3.340000,MB 3.3VSB
18:14:45.247,3.340000,MB 3.3VSB
18:14:45.747,3.340000,MB 3.3VSB
18:14:46.247,3.340000,MB 3.3VSB
18:14:46.747,3.340000,MB 3.3VSB
18:14:47.247,3.340000,MB 3.3VSB
18:14:47.747,3.340000,MB 3.3VSB
18:14:48.247,3.340000,MB 3.3VSB
18:14:48.747,3.340000,MB 3.3VSB
18:14:49.247,3.340000,MB 3.3VSB
18:14:49.747,3.340000,MB 3.3VSB
18:14:50.247,3.340000,MB 3.3VSB
18:14:50.747,3.340000,MB 3.3VSB
18:14:51.247,3.340000,MB 3.3VSB
18:14:51.747,3.340000,MB 3.3VSB
18:14:52.247,3.340000,MB 3.3VSB
18:14:52.747,3.340000,MB 3.3VSB
18:14:53.247,3.340000,MB 3.3VSB
18:14:53.747,3.340000,MB 3.3VSB
18:14:54.247,3.340000,MB 3.3VSB
18:14:54.747,3.340000,MB 3.3VSB
18:14:43.247,1.810000,MB 1.8VSB
18:14:43.747,1.810000,MB 1.8VSB
18:14:44.247,1.810000,MB 1.8VSB
18:14:44.747,1.810000,MB 1.8VSB
18:14:45.247,1.810000,MB 1.8VSB
18:14:45.747,1.810000,MB 1.8VSB
18:14:46.247,1.810000,MB 1.8VSB
18:14:46.747,1.810000,MB 1.8VSB
18:14:47.247,1.810000,MB 1.8VSB
18:14:47.747,1.810000,MB 1.8VSB
18:14:48.247,1.810000,MB 1.8VSB
18:14:48.747,1.810000,MB 1.8VSB
18:14:49.247,1.810000,MB 1.8VSB
18:14:49.747,1.810000,MB 1.8VSB
18:14:50.247,1.810000,MB 1.8VSB
18:14:50.747,1.810000,MB 1.8VSB
18:14:51.247,1.810000,MB 1.8VSB
18:14:51.747,1.810000,MB 1.8VSB
18:14:52.247,1.810000,MB 1.8VSB
18:14:52.747,1.810000,MB 1.8VSB
18:14:53.247,1.810000,MB 1.8VSB
18:14:53.747,1.810000,MB 1.8VSB
18:14:54.247,1.810000,MB 1.8VSB
18:14:54.747,1.810000,MB 1.8VSB
18:14:43.247,2.510000,BMC 2.5V
18:14:43.747,2.510000,BMC 2.5V
18:14:44.247,2.510000,BMC 2.5V
18:14:44.747,2.510000,BMC 2.5V
18:14:45.247,2.510000,BMC 2.5V
18:14:45.747,2.510000,BMC 2.5V
18:14:46.247,2.510000,BMC 2.5V
18:14:46.747,2.510000,BMC 2.5V
18:14:47.247,2.510000,BMC 2.5V
18:14:47.747,2.510000,BMC 2.5V
18:14:48.247,2.510000,BMC 2.5V
18:14:48.747,2.510000,BMC 2.5V
18:14:49.247,2.510000,BMC 2.5V
18:14:49.747,2.510000,BMC 2.5V
18:14:50.247,2.510000,BMC 2.5V
18:14:50.747,2.510000,BMC 2.5V
18:14:51.247,2.510000,BMC 2.5V
18:14:51.747,2.510000,BMC 2.5V
18:14:52.247,2.510000,BMC 2.5V
18:14:52.747,2.510000,BMC 2.5V
18:14:53.247,2.510000,BMC 2.5V
18:14:53.747,2.510000,BMC 2.5V
18:14:54.247,2.510000,BMC 2.5V
18:14:54.747,2.510000,BMC 2.5V
18:14:43.247,1.810000,BMC 1.8V
18:14:43.747,1.810000,BMC 1.8V
18:14:44.247,1.810000,BMC 1.8V
18:14:44.747,1.810000,BMC 1.8V
18:14:45.247,1.810000,BMC 1.8V
18:14:45.747,1.810000,BMC 1.8V
18:14:46.247,1.810000,BMC 1.8V
18:14:46.747,1.810000,BMC 1.8V
18:14:47.247,1.810000,BMC 1.8V
18:14:47.747,1.810000,BMC 1.8V
18:14:48.247,1.810000,BMC 1.8V
18:14:48.747,1.810000,BMC 1.8V
18:14:49.247,1.810000,BMC 1.8V
18:14:49.747,1.810000,BMC 1.8V
18:14:50.247,1.810000,BMC 1.8V
18:14:50.747,1.810000,BMC 1.8V
18:14:51.247,1.810000,BMC 1.8V
18:14:51.747,1.810000,BMC 1.8V
18:14:52.247,1.810000,BMC 1.8V
18:14:52.747,1.810000,BMC 1.8V
18:14:53.247,1.810000,BMC 1.8V
18:14:53.747,1.810000,BMC 1.8V
18:14:54.247,1.810000,BMC 1.8V
18:14:54.747,1.810000,BMC 1.8V
18:14:43.247,1.210000,BMC 1.2V
18:14:43.747,1.210000,BMC 1.2V
18:14:44.247,1.210000,BMC 1.2V
18:14:44.747,1.210000,BMC 1.2V
18:14:45.247,1.210000,BMC 1.2V
18:14:45.747,1.210000,BMC 1.2V
18:14:46.247,1.210000,BMC 1.2V
18:14:46.747,1.210000,BMC 1.2V
18:14:47.247,1.210000,BMC 1.2V
18:14:47.747,1.210000,BMC 1.2V
18:14:48.247,1.210000,BMC 1.2V
18:14:48.747,1.210000,BMC 1.2V
18:14:49.247,1.210000,BMC 1.2V
18:14:49.747,1.210000,BMC 1.2V
18:14:50.247,1.210000,BMC 1.2V
18:14:50.747,1.210000,BMC 1.2V
18:14:51.247,1.210000,BMC 1.2V
18:14:51.747,1.210000,BMC 1.2V
18:14:52.247,1.210000,BMC 1.2V
18:14:52.747,1.210000,BMC 1.2V
18:14:53.247,1.210000,BMC 1.2V
18:14:53.747,1.210000,BMC 1.2V
18:14:54.247,1.210000,BMC 1.2V
18:14:54.747,1.210000,BMC 1.2V
18:14:43.247,1.010000,BMC 1.0V
18:14:43.747,1.010000,BMC 1.0V
18:14:44.247,1.010000,BMC 1.0V
18:14:44.747,1.010000,BMC 1.0V
18:14:45.247,1.010000,BMC 1.0V
18:14:45.747,1.010000,BMC 1.0V
18:14:46.247,1.010000,BMC 1.0V
18:14:46.747,1.010000,BMC 1.0V
18:14:47.247,1.010000,BMC 1.0V
18:14:47.747,1.010000,BMC 1.0V
18:14:48.247,1.010000,BMC 1.0V
18:14:48.747,1.010000,BMC 1.0V
18:14:49.247,1.010000,BMC 1.0V
18:14:49.747,1.010000,BMC 1.0V
18:14:50.247,1.010000,BMC 1.0V
18:14:50.747,1.010000,BMC 1.0V
18:14:51.247,1.010000,BMC 1.0V
18:14:51.747,1.010000,BMC 1.0V
18:14:52.247,1.010000,BMC 1.0V
18:14:52.747,1.010000,BMC 1.0V
18:14:53.247,1.010000,BMC 1.0V
18:14:53.747,1.010000,BMC 1.0V
18:14:54.247,1.010000,BMC 1.0V
18:14:54.747,1.010000,BMC 1.0V
18:14:43.247,1.050000,CPU_VDDCR0
18:14:43.747,1.050000,CPU_VDDCR0
18:14:44.247,1.050000,CPU_VDDCR0
18:14:44.747,1.050000,CPU_VDDCR0
18:14:45.247,1.050000,CPU_VDDCR0
18:14:45.747,1.050000,CPU_VDDCR0
18:14:46.247,1.050000,CPU_VDDCR0
18:14:46.747,1.050000,CPU_VDDCR0
18:14:47.247,1.050000,CPU_VDDCR0
18:14:47.747,1.050000,CPU_VDDCR0
18:14:48.247,1.050000,CPU_VDDCR0
18:14:48.747,1.050000,CPU_VDDCR0
18:14:49.247,1.050000,CPU_VDDCR0
18:14:49.747,1.050000,CPU_VDDCR0
18:14:50.247,1.050000,CPU_VDDCR0
18:14:50.747,1.050000,CPU_VDDCR0
18:14:51.247,1.050000,CPU_VDDCR0
18:14:51.747,1.050000,CPU_VDDCR0
18:14:52.247,1.050000,CPU_VDDCR0
18:14:52.747,1.050000,CPU_VDDCR0
18:14:53.247,1.050000,CPU_VDDCR0
18:14:53.747,1.050000,CPU_VDDCR0
18:14:54.247,1.050000,CPU_VDDCR0
18:14:54.747,1.050000,CPU_VDDCR0
18:14:43.247,0.970000,CPU_SOC
18:14:43.747,0.970000,CPU_SOC
18:14:44.247,0.970000,CPU_SOC
18:14:44.747,0.970000,CPU_SOC
18:14:45.247,0.970000,CPU_SOC
18:14:45.747,0.970000,CPU_SOC
18:14:46.247,0.970000,CPU_SOC
18:14:46.747,0.970000,CPU_SOC
18:14:47.247,0.970000,CPU_SOC
18:14:47.747,0.970000,CPU_SOC
18:14:48.247,0.970000,CPU_SOC
18:14:48.747,0.970000,CPU_SOC
18:14:49.247,0.970000,CPU_SOC
18:14:49.747,0.970000,CPU_SOC
18:14:50.247,0.970000,CPU_SOC
18:14:50.747,0.970000,CPU_SOC
18:14:51.247,0.970000,CPU_SOC
18:14:51.747,0.970000,CPU_SOC
18:14:52.247,0.970000,CPU_SOC
18:14:52.747,0.970000,CPU_SOC
18:14:53.247,0.970000,CPU_SOC
18:14:53.747,0.970000,CPU_SOC
18:14:54.247,0.970000,CPU_SOC
18:14:54.747,0.970000,CPU_SOC
18:14:43.247,1.060000,CPU_VDDCR1
18:14:43.747,1.060000,CPU_VDDCR1
18:14:44.247,1.060000,CPU_VDDCR1
18:14:44.747,1.060000,CPU_VDDCR1
18:14:45.247,1.060000,CPU_VDDCR1
18:14:45.747,1.060000,CPU_VDDCR1
18:14:46.247,1.060000,CPU_VDDCR1
18:14:46.747,1.060000,CPU_VDDCR1
18:14:47.247,1.060000,CPU_VDDCR1
18:14:47.747,1.060000,CPU_VDDCR1
18:14:48.247,1.060000,CPU_VDDCR1
18:14:48.747,1.060000,CPU_VDDCR1
18:14:49.247,1.060000,CPU_VDDCR1
18:14:49.747,1.060000,CPU_VDDCR1
18:14:50.247,1.060000,CPU_VDDCR1
18:14:50.747,1.060000,CPU_VDDCR1
18:14:51.247,1.060000,CPU_VDDCR1
18:14:51.747,1.060000,CPU_VDDCR1
18:14:52.247,1.060000,CPU_VDDCR1
18:14:52.747,1.060000,CPU_VDDCR1
18:14:53.247,1.060000,CPU_VDDCR1
18:14:53.747,1.060000,CPU_VDDCR1
18:14:54.247,1.060000,CPU_VDDCR1
18:14:54.747,1.060000,CPU_VDDCR1
18:14:43.247,1.090000,CPU_VDDIO
18:14:43.747,1.090000,CPU_VDDIO
18:14:44.247,1.090000,CPU_VDDIO
18:14:44.747,1.090000,CPU_VDDIO
18:14:45.247,1.090000,CPU_VDDIO
18:14:45.747,1.090000,CPU_VDDIO
18:14:46.247,1.090000,CPU_VDDIO
18:14:46.747,1.090000,CPU_VDDIO
18:14:47.247,1.090000,CPU_VDDIO
18:14:47.747,1.090000,CPU_VDDIO
18:14:48.247,1.090000,CPU_VDDIO
18:14:48.747,1.090000,CPU_VDDIO
18:14:49.247,1.090000,CPU_VDDIO
18:14:49.747,1.090000,CPU_VDDIO
18:14:50.247,1.090000,CPU_VDDIO
18:14:50.747,1.090000,CPU_VDDIO
18:14:51.247,1.090000,CPU_VDDIO
18:14:51.747,1.090000,CPU_VDDIO
18:14:52.247,1.090000,CPU_VDDIO
18:14:52.747,1.090000,CPU_VDDIO
18:14:53.247,1.090000,CPU_VDDIO
18:14:53.747,1.090000,CPU_VDDIO
18:14:54.247,1.090000,CPU_VDDIO
18:14:54.747,1.090000,CPU_VDDIO
18:14:43.247,12.080000,MB 12V
18:14:43.747,12.080000,MB 12V
18:14:44.247,12.080000,MB 12V
18:14:44.747,12.080000,MB 12V
18:14:45.247,12.080000,MB 12V
18:14:45.747,12.080000,MB 12V
18:14:46.247,12.080000,MB 12V
18:14:46.747,12.080000,MB 12V
18:14:47.247,12.080000,MB 12V
18:14:47.747,12.080000,MB 12V
18:14:48.247,12.080000,MB 12V
18:14:48.747,12.080000,MB 12V
18:14:49.247,12.080000,MB 12V
18:14:49.747,12.080000,MB 12V
18:14:50.247,12.080000,MB 12V
18:14:50.747,12.080000,MB 12V
18:14:51.247,12.080000,MB 12V
18:14:51.747,12.080000,MB 12V
18:14:52.247,12.080000,MB 12V
18:14:52.747,12.080000,MB 12V
18:14:53.247,12.080000,MB 12V
18:14:53.747,12.080000,MB 12V
18:14:54.247,12.080000,MB 12V
18:14:54.747,12.080000,MB 12V
18:14:43.247,5.180000,MB 5VCC
18:14:43.747,5.180000,MB 5VCC
18:14:44.247,5.180000,MB 5VCC
18:14:44.747,5.180000,MB 5VCC
18:14:45.247,5.180000,MB 5VCC
18:14:45.747,5.180000,MB 5VCC
18:14:46.247,5.180000,MB 5VCC
18:14:46.747,5.180000,MB 5VCC
18:14:47.247,5.180000,MB 5VCC
18:14:47.747,5.180000,MB 5VCC
18:14:48.247,5.180000,MB 5VCC
18:14:48.747,5.180000,MB 5VCC
18:14:49.247,5.180000,MB 5VCC
18:14:49.747,5.180000,MB 5VCC
18:14:50.247,5.180000,MB 5VCC
18:14:50.747,5.180000,MB 5VCC
18:14:51.247,5.180000,MB 5VCC
18:14:51.747,5.180000,MB 5VCC
18:14:52.247,5.180000,MB 5VCC
18:14:52.747,5.180000,MB 5VCC
18:14:53.247,5.180000,MB 5VCC
18:14:53.747,5.180000,MB 5VCC
18:14:54.247,5.180000,MB 5VCC
18:14:54.747,5.180000,MB 5VCC
18:14:43.247,3.400000,MB 3.3VCC
18:14:43.747,3.400000,MB 3.3VCC
18:14:44.247,3.400000,MB 3.3VCC
18:14:44.747,3.400000,MB 3.3VCC
18:14:45.247,3.400000,MB 3.3VCC
18:14:45.747,3.400000,MB 3.3VCC
18:14:46.247,3.400000,MB 3.3VCC
18:14:46.747,3.400000,MB 3.3VCC
18:14:47.247,3.400000,MB 3.3VCC
18:14:47.747,3.400000,MB 3.3VCC
18:14:48.247,3.400000,MB 3.3VCC
18:14:48.747,3.400000,MB 3.3VCC
18:14:49.247,3.400000,MB 3.3VCC
18:14:49.747,3.400000,MB 3.3VCC
18:14:50.247,3.400000,MB 3.3VCC
18:14:50.747,3.400000,MB 3.3VCC
18:14:51.247,3.400000,MB 3.3VCC
18:14:51.747,3.400000,MB 3.3VCC
18:14:52.247,3.400000,MB 3.3VCC
18:14:52.747,3.400000,MB 3.3VCC
18:14:53.247,3.400000,MB 3.3VCC
18:14:53.747,3.400000,MB 3.3VCC
18:14:54.247,3.400000,MB 3.3VCC
18:14:54.747,3.400000,MB 3.3VCC
18:14:45.145,5.140000,MB 5VSB
18:14:45.645,5.140000,MB 5VSB
18:14:46.145,5.140000,MB 5VSB
18:14:46.645,5.140000,MB 5VSB
18:14:47.145,5.140000,MB 5VSB
18:14:47.645,5.140000,MB 5VSB
18:14:48.145,5.140000,MB 5VSB
18:14:48.645,5.140000,MB 5VSB
18:14:49.145,5.140000,MB 5VSB
18:14:49.645,5.140000,MB 5VSB
18:14:50.145,5.140000,MB 5VSB
18:14:50.645,5.140000,MB 5VSB
18:14:51.145,5.140000,MB 5VSB
18:14:51.645,5.140000,MB 5VSB
18:14:52.145,5.140000,MB 5VSB
18:14:52.645,5.140000,MB 5VSB
18:14:53.145,5.140000,MB 5VSB
18:14:53.645,5.140000,MB 5VSB
18:14:54.145,5.140000,MB 5VSB
18:14:54.645,5.140000,MB 5VSB
18:14:55.145,5.140000,MB 5VSB
18:14:55.645,5.140000,MB 5VSB
18:14:45.145,3.340000,MB 3.3VSB
18:14:45.645,3.340000,MB 3.3VSB
18:14:46.145,3.340000,MB 3.3VSB
18:14:46.645,3.340000,MB 3.3VSB
18:14:47.145,3.340000,MB 3.3VSB
18:14:47.645,3.340000,MB 3.3VSB
18:14:48.145,3.340000,MB 3.3VSB
18:14:48.645,3.340000,MB 3.3VSB
18:14:49.145,3.340000,MB 3.3VSB
18:14:49.645,3.340000,MB 3.3VSB
18:14:50.145,3.340000,MB 3.3VSB
18:14:50.645,3.340000,MB 3.3VSB
18:14:51.145,3.340000,MB 3.3VSB
18:14:51.645,3.340000,MB 3.3VSB
18:14:52.145,3.340000,MB 3.3VSB
18:14:52.645,3.340000,MB 3.3VSB
18:14:53.145,3.340000,MB 3.3VSB
18:14:53.645,3.340000,MB 3.3VSB
18:14:54.145,3.340000,MB 3.3VSB
18:14:54.645,3.340000,MB 3.3VSB
18:14:55.145,3.340000,MB 3.3VSB
18:14:55.645,3.340000,MB 3.3VSB
18:14:45.145,1.810000,MB 1.8VSB
18:14:45.645,1.810000,MB 1.8VSB
18:14:46.145,1.810000,MB 1.8VSB
18:14:46.645,1.810000,MB 1.8VSB
18:14:47.145,1.810000,MB 1.8VSB
18:14:47.645,1.810000,MB 1.8VSB
18:14:48.145,1.810000,MB 1.8VSB
18:14:48.645,1.810000,MB 1.8VSB
18:14:49.145,1.810000,MB 1.8VSB
18:14:49.645,1.810000,MB 1.8VSB
18:14:50.145,1.810000,MB 1.8VSB
18:14:50.645,1.810000,MB 1.8VSB
18:14:51.145,1.810000,MB 1.8VSB
18:14:51.645,1.810000,MB 1.8VSB
18:14:52.145,1.810000,MB 1.8VSB
18:14:52.645,1.810000,MB 1.8VSB
18:14:53.145,1.810000,MB 1.8VSB
18:14:53.645,1.810000,MB 1.8VSB
18:14:54.145,1.810000,MB 1.8VSB
18:14:54.645,1.810000,MB 1.8VSB
18:14:55.145,1.810000,MB 1.8VSB
18:14:55.645,1.810000,MB 1.8VSB
18:14:45.145,2.510000,BMC 2.5V
18:14:45.645,2.510000,BMC 2.5V
18:14:46.145,2.510000,BMC 2.5V
18:14:46.645,2.510000,BMC 2.5V
18:14:47.145,2.510000,BMC 2.5V
18:14:47.645,2.510000,BMC 2.5V
18:14:48.145,2.510000,BMC 2.5V
18:14:48.645,2.510000,BMC 2.5V
18:14:49.145,2.510000,BMC 2.5V
18:14:49.645,2.510000,BMC 2.5V
18:14:50.145,2.510000,BMC 2.5V
18:14:50.645,2.510000,BMC 2.5V
18:14:51.145,2.510000,BMC 2.5V
18:14:51.645,2.510000,BMC 2.5V
18:14:52.145,2.510000,BMC 2.5V
18:14:52.645,2.510000,BMC 2.5V
18:14:53.145,2.510000,BMC 2.5V
18:14:53.645,2.510000,BMC 2.5V
18:14:54.145,2.510000,BMC 2.5V
18:14:54.645,2.510000,BMC 2.5V
18:14:55.145,2.510000,BMC 2.5V
18:14:55.645,2.510000,BMC 2.5V
18:14:45.145,1.810000,BMC 1.8V
18:14:45.645,1.810000,BMC 1.8V
18:14:46.145,1.810000,BMC 1.8V
18:14:46.645,1.810000,BMC 1.8V
18:14:47.145,1.810000,BMC 1.8V
18:14:47.645,1.810000,BMC 1.8V
18:14:48.145,1.810000,BMC 1.8V
18:14:48.645,1.810000,BMC 1.8V
18:14:49.145,1.810000,BMC 1.8V
18:14:49.645,1.810000,BMC 1.8V
18:14:50.145,1.810000,BMC 1.8V
18:14:50.645,1.810000,BMC 1.8V
18:14:51.145,1.810000,BMC 1.8V
18:14:51.645,1.810000,BMC 1.8V
18:14:52.145,1.810000,BMC 1.8V
18:14:52.645,1.810000,BMC 1.8V
18:14:53.145,1.810000,BMC 1.8V
18:14:53.645,1.810000,BMC 1.8V
18:14:54.145,1.810000,BMC 1.8V
18:14:54.645,1.810000,BMC 1.8V
18:14:55.145,1.810000,BMC 1.8V
18:14:55.645,1.810000,BMC 1.8V
18:14:45.145,1.210000,BMC 1.2V
18:14:45.645,1.210000,BMC 1.2V
18:14:46.145,1.210000,BMC 1.2V
18:14:46.645,1.210000,BMC 1.2V
18:14:47.145,1.210000,BMC 1.2V
18:14:47.645,1.210000,BMC 1.2V
18:14:48.145,1.210000,BMC 1.2V
18:14:48.645,1.210000,BMC 1.2V
18:14:49.145,1.210000,BMC 1.2V
18:14:49.645,1.210000,BMC 1.2V
18:14:50.145,1.210000,BMC 1.2V
18:14:50.645,1.210000,BMC 1.2V
18:14:51.145,1.210000,BMC 1.2V
18:14:51.645,1.210000,BMC 1.2V
18:14:52.145,1.210000,BMC 1.2V
18:14:52.645,1.210000,BMC 1.2V
18:14:53.145,1.210000,BMC 1.2V
18:14:53.645,1.210000,BMC 1.2V
18:14:54.145,1.210000,BMC 1.2V
18:14:54.645,1.210000,BMC 1.2V
18:14:55.145,1.210000,BMC 1.2V
18:14:55.645,1.210000,BMC 1.2V
18:14:45.145,1.010000,BMC 1.0V
18:14:45.645,1.010000,BMC 1.0V
18:14:46.145,1.010000,BMC 1.0V
18:14:46.645,1.010000,BMC 1.0V
18:14:47.145,1.010000,BMC 1.0V
18:14:47.645,1.010000,BMC 1.0V
18:14:48.145,1.010000,BMC 1.0V
18:14:48.645,1.010000,BMC 1.0V
18:14:49.145,1.010000,BMC 1.0V
18:14:49.645,1.010000,BMC 1.0V
18:14:50.145,1.010000,BMC 1.0V
18:14:50.645,1.010000,BMC 1.0V
18:14:51.145,1.010000,BMC 1.0V
18:14:51.645,1.010000,BMC 1.0V
18:14:52.145,1.010000,BMC 1.0V
18:14:52.645,1.010000,BMC 1.0V
18:14:53.145,1.010000,BMC 1.0V
18:14:53.645,1.010000,BMC 1.0V
18:14:54.145,1.010000,BMC 1.0V
18:14:54.645,1.010000,BMC 1.0V
18:14:55.145,1.010000,BMC 1.0V
18:14:55.645,1.010000,BMC 1.0V
18:14:45.145,1.050000,CPU_VDDCR0
18:14:45.645,1.050000,CPU_VDDCR0
18:14:46.145,1.050000,CPU_VDDCR0
18:14:46.645,1.050000,CPU_VDDCR0
18:14:47.145,1.050000,CPU_VDDCR0
18:14:47.645,1.050000,CPU_VDDCR0
18:14:48.145,1.050000,CPU_VDDCR0
18:14:48.645,1.050000,CPU_VDDCR0
18:14:49.145,1.050000,CPU_VDDCR0
18:14:49.645,1.050000,CPU_VDDCR0
18:14:50.145,1.050000,CPU_VDDCR0
18:14:50.645,1.050000,CPU_VDDCR0
18:14:51.145,1.050000,CPU_VDDCR0
18:14:51.645,1.050000,CPU_VDDCR0
18:14:52.145,1.050000,CPU_VDDCR0
18:14:52.645,1.050000,CPU_VDDCR0
18:14:53.145,1.050000,CPU_VDDCR0
18:14:53.645,1.050000,CPU_VDDCR0
18:14:54.145,1.050000,CPU_VDDCR0
18:14:54.645,1.050000,CPU_VDDCR0
18:14:55.145,1.050000,CPU_VDDCR0
18:14:55.645,1.050000,CPU_VDDCR0
18:14:45.145,0.970000,CPU_SOC
18:14:45.645,0.970000,CPU_SOC
18:14:46.145,0.970000,CPU_SOC
18:14:46.645,0.970000,CPU_SOC
18:14:47.145,0.970000,CPU_SOC
18:14:47.645,0.970000,CPU_SOC
18:14:48.145,0.970000,CPU_SOC
18:14:48.645,0.970000,CPU_SOC
18:14:49.145,0.970000,CPU_SOC
18:14:49.645,0.970000,CPU_SOC
18:14:50.145,0.970000,CPU_SOC
18:14:50.645,0.970000,CPU_SOC
18:14:51.145,0.970000,CPU_SOC
18:14:51.645,0.970000,CPU_SOC
18:14:52.145,0.970000,CPU_SOC
18:14:52.645,0.970000,CPU_SOC
18:14:53.145,0.970000,CPU_SOC
18:14:53.645,0.970000,CPU_SOC
18:14:54.145,0.970000,CPU_SOC
18:14:54.645,0.970000,CPU_SOC
18:14:55.145,0.970000,CPU_SOC
18:14:55.645,0.970000,CPU_SOC
18:14:45.145,1.060000,CPU_VDDCR1
18:14:45.645,1.060000,CPU_VDDCR1
18:14:46.145,1.060000,CPU_VDDCR1
18:14:46.645,1.060000,CPU_VDDCR1
18:14:47.145,1.060000,CPU_VDDCR1
18:14:47.645,1.060000,CPU_VDDCR1
18:14:48.145,1.060000,CPU_VDDCR1
18:14:48.645,1.060000,CPU_VDDCR1
18:14:49.145,1.060000,CPU_VDDCR1
18:14:49.645,1.060000,CPU_VDDCR1
18:14:50.145,1.060000,CPU_VDDCR1
18:14:50.645,1.060000,CPU_VDDCR1
18:14:51.145,1.060000,CPU_VDDCR1
18:14:51.645,1.060000,CPU_VDDCR1
18:14:52.145,1.060000,CPU_VDDCR1
18:14:52.645,1.060000,CPU_VDDCR1
18:14:53.145,1.060000,CPU_VDDCR1
18:14:53.645,1.060000,CPU_VDDCR1
18:14:54.145,1.060000,CPU_VDDCR1
18:14:54.645,1.060000,CPU_VDDCR1
18:14:55.145,1.060000,CPU_VDDCR1
18:14:55.645,1.060000,CPU_VDDCR1
18:14:45.145,1.090000,CPU_VDDIO
18:14:45.645,1.090000,CPU_VDDIO
18:14:46.145,1.090000,CPU_VDDIO
18:14:46.645,1.090000,CPU_VDDIO
18:14:47.145,1.090000,CPU_VDDIO
18:14:47.645,1.090000,CPU_VDDIO
18:14:48.145,1.090000,CPU_VDDIO
18:14:48.645,1.090000,CPU_VDDIO
18:14:49.145,1.090000,CPU_VDDIO
18:14:49.645,1.090000,CPU_VDDIO
18:14:50.145,1.090000,CPU_VDDIO
18:14:50.645,1.090000,CPU_VDDIO
18:14:51.145,1.090000,CPU_VDDIO
18:14:51.645,1.090000,CPU_VDDIO
18:14:52.145,1.090000,CPU_VDDIO
18:14:52.645,1.090000,CPU_VDDIO
18:14:53.145,1.090000,CPU_VDDIO
18:14:53.645,1.090000,CPU_VDDIO
18:14:54.145,1.090000,CPU_VDDIO
18:14:54.645,1.090000,CPU_VDDIO
18:14:55.145,1.090000,CPU_VDDIO
18:14:55.645,1.090000,CPU_VDDIO
18:14:45.145,12.080000,MB 12V
18:14:45.645,12.080000,MB 12V
18:14:46.145,12.080000,MB 12V
18:14:46.645,12.080000,MB 12V
18:14:47.145,12.080000,MB 12V
18:14:47.645,12.080000,MB 12V
18:14:48.145,12.080000,MB 12V
18:14:48.645,12.080000,MB 12V
18:14:49.145,12.080000,MB 12V
18:14:49.645,12.080000,MB 12V
18:14:50.145,12.080000,MB 12V
18:14:50.645,12.080000,MB 12V
18:14:51.145,12.080000,MB 12V
18:14:51.645,12.080000,MB 12V
18:14:52.145,12.080000,MB 12V
18:14:52.645,12.080000,MB 12V
18:14:53.145,12.080000,MB 12V
18:14:53.645,12.080000,MB 12V
18:14:54.145,12.080000,MB 12V
18:14:54.645,12.080000,MB 12V
18:14:55.145,12.080000,MB 12V
18:14:55.645,12.080000,MB 12V
18:14:45.145,5.180000,MB 5VCC
18:14:45.645,5.180000,MB 5VCC
18:14:46.145,5.180000,MB 5VCC
18:14:46.645,5.180000,MB 5VCC
18:14:47.145,5.180000,MB 5VCC
18:14:47.645,5.180000,MB 5VCC
18:14:48.145,5.180000,MB 5VCC
18:14:48.645,5.180000,MB 5VCC
18:14:49.145,5.180000,MB 5VCC
18:14:49.645,5.180000,MB 5VCC
18:14:50.145,5.180000,MB 5VCC
18:14:50.645,5.180000,MB 5VCC
18:14:51.145,5.180000,MB 5VCC
18:14:51.645,5.180000,MB 5VCC
18:14:52.145,5.180000,MB 5VCC
18:14:52.645,5.180000,MB 5VCC
18:14:53.145,5.180000,MB 5VCC
18:14:53.645,5.180000,MB 5VCC
18:14:54.145,5.180000,MB 5VCC
18:14:54.645,5.180000,MB 5VCC
18:14:55.145,5.180000,MB 5VCC
18:14:55.645,5.180000,MB 5VCC
18:14:45.145,3.400000,MB 3.3VCC
18:14:45.645,3.400000,MB 3.3VCC
18:14:46.145,3.400000,MB 3.3VCC
18:14:46.645,3.400000,MB 3.3VCC
18:14:47.145,3.400000,MB 3.3VCC
18:14:47.645,3.400000,MB 3.3VCC
18:14:48.145,3.400000,MB 3.3VCC
18:14:48.645,3.400000,MB 3.3VCC
18:14:49.145,3.400000,MB 3.3VCC
18:14:49.645,3.400000,MB 3.3VCC
18:14:50.145,3.400000,MB 3.3VCC
18:14:50.645,3.400000,MB 3.3VCC
18:14:51.145,3.400000,MB 3.3VCC
18:14:51.645,3.400000,MB 3.3VCC
18:14:52.145,3.400000,MB 3.3VCC
18:14:52.645,3.400000,MB 3.3VCC
18:14:53.145,3.400000,MB 3.3VCC
18:14:53.645,3.400000,MB 3.3VCC
18:14:54.145,3.400000,MB 3.3VCC
18:14:54.645,3.400000,MB 3.3VCC
18:14:55.145,3.400000,MB 3.3VCC
18:14:55.645,3.400000,MB 3.3VCC
18:14:45.215,5.140000,MB 5VSB
18:14:45.715,5.140000,MB 5VSB
18:14:46.215,5.140000,MB 5VSB
18:14:46.715,5.140000,MB 5VSB
18:14:47.215,5.140000,MB 5VSB
18:14:47.715,5.140000,MB 5VSB
18:14:48.215,5.140000,MB 5VSB
18:14:48.715,5.140000,MB 5VSB
18:14:49.215,5.140000,MB 5VSB
18:14:49.715,5.140000,MB 5VSB
18:14:50.215,5.140000,MB 5VSB
18:14:50.715,5.140000,MB 5VSB
18:14:51.215,5.140000,MB 5VSB
18:14:51.715,5.140000,MB 5VSB
18:14:52.215,5.140000,MB 5VSB
18:14:52.715,5.140000,MB 5VSB
18:14:53.215,5.140000,MB 5VSB
18:14:53.715,5.140000,MB 5VSB
18:14:54.215,5.140000,MB 5VSB
18:14:54.715,5.140000,MB 5VSB
18:14:55.215,5.140000,MB 5VSB
18:14:55.715,5.140000,MB 5VSB
18:14:56.215,5.140000,MB 5VSB
18:14:56.715,5.140000,MB 5VSB
18:14:45.215,3.340000,MB 3.3VSB
18:14:45.715,3.340000,MB 3.3VSB
18:14:46.215,3.340000,MB 3.3VSB
18:14:46.715,3.340000,MB 3.3VSB
18:14:47.215,3.340000,MB 3.3VSB
18:14:47.715,3.340000,MB 3.3VSB
18:14:48.215,3.340000,MB 3.3VSB
18:14:48.715,3.340000,MB 3.3VSB
18:14:49.215,3.340000,MB 3.3VSB
18:14:49.715,3.340000,MB 3.3VSB
18:14:50.215,3.340000,MB 3.3VSB
18:14:50.715,3.340000,MB 3.3VSB
18:14:51.215,3.340000,MB 3.3VSB
18:14:51.715,3.340000,MB 3.3VSB
18:14:52.215,3.340000,MB 3.3VSB
18:14:52.715,3.340000,MB 3.3VSB
18:14:53.215,3.340000,MB 3.3VSB
18:14:53.715,3.340000,MB 3.3VSB
18:14:54.215,3.340000,MB 3.3VSB
18:14:54.715,3.340000,MB 3.3VSB
18:14:55.215,3.340000,MB 3.3VSB
18:14:55.715,3.340000,MB 3.3VSB
18:14:56.215,3.340000,MB 3.3VSB
18:14:56.715,3.340000,MB 3.3VSB
18:14:45.215,1.810000,MB 1.8VSB
18:14:45.715,1.810000,MB 1.8VSB
18:14:46.215,1.810000,MB 1.8VSB
18:14:46.715,1.810000,MB 1.8VSB
18:14:47.215,1.810000,MB 1.8VSB
18:14:47.715,1.810000,MB 1.8VSB
18:14:48.215,1.810000,MB 1.8VSB
18:14:48.715,1.810000,MB 1.8VSB
18:14:49.215,1.810000,MB 1.8VSB
18:14:49.715,1.810000,MB 1.8VSB
18:14:50.215,1.810000,MB 1.8VSB
18:14:50.715,1.810000,MB 1.8VSB
18:14:51.215,1.810000,MB 1.8VSB
18:14:51.715,1.810000,MB 1.8VSB
18:14:52.215,1.810000,MB 1.8VSB
18:14:52.715,1.810000,MB 1.8VSB
18:14:53.215,1.810000,MB 1.8VSB
18:14:53.715,1.810000,MB 1.8VSB
18:14:54.215,1.810000,MB 1.8VSB
18:14:54.715,1.810000,MB 1.8VSB
18:14:55.215,1.810000,MB 1.8VSB
18:14:55.715,1.810000,MB 1.8VSB
18:14:56.215,1.810000,MB 1.8VSB
18:14:56.715,1.810000,MB 1.8VSB
18:14:45.215,2.510000,BMC 2.5V
18:14:45.715,2.510000,BMC 2.5V
18:14:46.215,2.510000,BMC 2.5V
18:14:46.715,2.510000,BMC 2.5V
18:14:47.215,2.510000,BMC 2.5V
18:14:47.715,2.510000,BMC 2.5V
18:14:48.215,2.510000,BMC 2.5V
18:14:48.715,2.510000,BMC 2.5V
18:14:49.215,2.510000,BMC 2.5V
18:14:49.715,2.510000,BMC 2.5V
18:14:50.215,2.510000,BMC 2.5V
18:14:50.715,2.510000,BMC 2.5V
18:14:51.215,2.510000,BMC 2.5V
18:14:51.715,2.510000,BMC 2.5V
18:14:52.215,2.510000,BMC 2.5V
18:14:52.715,2.510000,BMC 2.5V
18:14:53.215,2.510000,BMC 2.5V
18:14:53.715,2.510000,BMC 2.5V
18:14:54.215,2.510000,BMC 2.5V
18:14:54.715,2.510000,BMC 2.5V
18:14:55.215,2.510000,BMC 2.5V
18:14:55.715,2.510000,BMC 2.5V
18:14:56.215,2.510000,BMC 2.5V
18:14:56.715,2.510000,BMC 2.5V
18:14:45.215,1.810000,BMC 1.8V
18:14:45.715,1.810000,BMC 1.8V
18:14:46.215,1.810000,BMC 1.8V
18:14:46.715,1.810000,BMC 1.8V
18:14:47.215,1.810000,BMC 1.8V
18:14:47.715,1.810000,BMC 1.8V
18:14:48.215,1.810000,BMC 1.8V
18:14:48.715,1.810000,BMC 1.8V
18:14:49.215,1.810000,BMC 1.8V
18:14:49.715,1.810000,BMC 1.8V
18:14:50.215,1.810000,BMC 1.8V
18:14:50.715,1.810000,BMC 1.8V
18:14:51.215,1.810000,BMC 1.8V
18:14:51.715,1.810000,BMC 1.8V
18:14:52.215,1.810000,BMC 1.8V
18:14:52.715,1.810000,BMC 1.8V
18:14:53.215,1.810000,BMC 1.8V
18:14:53.715,1.810000,BMC 1.8V
18:14:54.215,1.810000,BMC 1.8V
18:14:54.715,1.810000,BMC 1.8V
18:14:55.215,1.810000,BMC 1.8V
18:14:55.715,1.810000,BMC 1.8V
18:14:56.215,1.810000,BMC 1.8V
18:14:56.715,1.810000,BMC 1.8V
18:14:45.215,1.210000,BMC 1.2V
18:14:45.715,1.210000,BMC 1.2V
18:14:46.215,1.210000,BMC 1.2V
18:14:46.715,1.210000,BMC 1.2V
18:14:47.215,1.210000,BMC 1.2V
18:14:47.715,1.210000,BMC 1.2V
18:14:48.215,1.210000,BMC 1.2V
18:14:48.715,1.210000,BMC 1.2V
18:14:49.215,1.210000,BMC 1.2V
18:14:49.715,1.210000,BMC 1.2V
18:14:50.215,1.210000,BMC 1.2V
18:14:50.715,1.210000,BMC 1.2V
18:14:51.215,1.210000,BMC 1.2V
18:14:51.715,1.210000,BMC 1.2V
18:14:52.215,1.210000,BMC 1.2V
18:14:52.715,1.210000,BMC 1.2V
18:14:53.215,1.210000,BMC 1.2V
18:14:53.715,1.210000,BMC 1.2V
18:14:54.215,1.210000,BMC 1.2V
18:14:54.715,1.210000,BMC 1.2V
18:14:55.215,1.210000,BMC 1.2V
18:14:55.715,1.210000,BMC 1.2V
18:14:56.215,1.210000,BMC 1.2V
18:14:56.715,1.210000,BMC 1.2V
18:14:45.215,1.010000,BMC 1.0V
18:14:45.715,1.010000,BMC 1.0V
18:14:46.215,1.010000,BMC 1.0V
18:14:46.715,1.010000,BMC 1.0V
18:14:47.215,1.010000,BMC 1.0V
18:14:47.715,1.010000,BMC 1.0V
18:14:48.215,1.010000,BMC 1.0V
18:14:48.715,1.010000,BMC 1.0V
18:14:49.215,1.010000,BMC 1.0V
18:14:49.715,1.010000,BMC 1.0V
18:14:50.215,1.010000,BMC 1.0V
18:14:50.715,1.010000,BMC 1.0V
18:14:51.215,1.010000,BMC 1.0V
18:14:51.715,1.010000,BMC 1.0V
18:14:52.215,1.010000,BMC 1.0V
18:14:52.715,1.010000,BMC 1.0V
18:14:53.215,1.010000,BMC 1.0V
18:14:53.715,1.010000,BMC 1.0V
18:14:54.215,1.010000,BMC 1.0V
18:14:54.715,1.010000,BMC 1.0V
18:14:55.215,1.010000,BMC 1.0V
18:14:55.715,1.010000,BMC 1.0V
18:14:56.215,1.010000,BMC 1.0V
18:14:56.715,1.010000,BMC 1.0V
18:14:45.215,1.050000,CPU_VDDCR0
18:14:45.715,1.050000,CPU_VDDCR0
18:14:46.215,1.050000,CPU_VDDCR0
18:14:46.715,1.050000,CPU_VDDCR0
18:14:47.215,1.050000,CPU_VDDCR0
18:14:47.715,1.050000,CPU_VDDCR0
18:14:48.215,1.050000,CPU_VDDCR0
18:14:48.715,1.050000,CPU_VDDCR0
18:14:49.215,1.050000,CPU_VDDCR0
18:14:49.715,1.050000,CPU_VDDCR0
18:14:50.215,1.050000,CPU_VDDCR0
18:14:50.715,1.050000,CPU_VDDCR0
18:14:51.215,1.050000,CPU_VDDCR0
18:14:51.715,1.050000,CPU_VDDCR0
18:14:52.215,1.050000,CPU_VDDCR0
18:14:52.715,1.050000,CPU_VDDCR0
18:14:53.215,1.050000,CPU_VDDCR0
18:14:53.715,1.050000,CPU_VDDCR0
18:14:54.215,1.050000,CPU_VDDCR0
18:14:54.715,1.050000,CPU_VDDCR0
18:14:55.215,1.050000,CPU_VDDCR0
18:14:55.715,1.050000,CPU_VDDCR0
18:14:56.215,1.050000,CPU_VDDCR0
18:14:56.715,1.050000,CPU_VDDCR0
18:14:45.215,0.970000,CPU_SOC
18:14:45.715,0.970000,CPU_SOC
18:14:46.215,0.970000,CPU_SOC
18:14:46.715,0.970000,CPU_SOC
18:14:47.215,0.970000,CPU_SOC
18:14:47.715,0.970000,CPU_SOC
18:14:48.215,0.970000,CPU_SOC
18:14:48.715,0.970000,CPU_SOC
18:14:49.215,0.970000,CPU_SOC
18:14:49.715,0.970000,CPU_SOC
18:14:50.215,0.970000,CPU_SOC
18:14:50.715,0.970000,CPU_SOC
18:14:51.215,0.970000,CPU_SOC
18:14:51.715,0.970000,CPU_SOC
18:14:52.215,0.970000,CPU_SOC
18:14:52.715,0.970000,CPU_SOC
18:14:53.215,0.970000,CPU_SOC
18:14:53.715,0.970000,CPU_SOC
18:14:54.215,0.970000,CPU_SOC
18:14:54.715,0.970000,CPU_SOC
18:14:55.215,0.970000,CPU_SOC
18:14:55.715,0.970000,CPU_SOC
18:14:56.215,0.970000,CPU_SOC
18:14:56.715,0.970000,CPU_SOC
18:14:45.215,1.060000,CPU_VDDCR1
18:14:45.715,1.060000,CPU_VDDCR1
18:14:46.215,1.060000,CPU_VDDCR1
18:14:46.715,1.060000,CPU_VDDCR1
18:14:47.215,1.060000,CPU_VDDCR1
18:14:47.715,1.060000,CPU_VDDCR1
18:14:48.215,1.060000,CPU_VDDCR1
18:14:48.715,1.060000,CPU_VDDCR1
18:14:49.215,1.060000,CPU_VDDCR1
18:14:49.715,1.060000,CPU_VDDCR1
18:14:50.215,1.060000,CPU_VDDCR1
18:14:50.715,1.060000,CPU_VDDCR1
18:14:51.215,1.060000,CPU_VDDCR1
18:14:51.715,1.060000,CPU_VDDCR1
18:14:52.215,1.060000,CPU_VDDCR1
18:14:52.715,1.060000,CPU_VDDCR1
18:14:53.215,1.060000,CPU_VDDCR1
18:14:53.715,1.060000,CPU_VDDCR1
18:14:54.215,1.060000,CPU_VDDCR1
18:14:54.715,1.060000,CPU_VDDCR1
18:14:55.215,1.060000,CPU_VDDCR1
18:14:55.715,1.060000,CPU_VDDCR1
18:14:56.215,1.060000,CPU_VDDCR1
18:14:56.715,1.060000,CPU_VDDCR1
18:14:45.215,1.090000,CPU_VDDIO
18:14:45.715,1.090000,CPU_VDDIO
18:14:46.215,1.090000,CPU_VDDIO
18:14:46.715,1.090000,CPU_VDDIO
18:14:47.215,1.090000,CPU_VDDIO
18:14:47.715,1.090000,CPU_VDDIO
18:14:48.215,1.090000,CPU_VDDIO
18:14:48.715,1.090000,CPU_VDDIO
18:14:49.215,1.090000,CPU_VDDIO
18:14:49.715,1.090000,CPU_VDDIO
18:14:50.215,1.090000,CPU_VDDIO
18:14:50.715,1.090000,CPU_VDDIO
18:14:51.215,1.090000,CPU_VDDIO
18:14:51.715,1.090000,CPU_VDDIO
18:14:52.215,1.090000,CPU_VDDIO
18:14:52.715,1.090000,CPU_VDDIO
18:14:53.215,1.090000,CPU_VDDIO
18:14:53.715,1.090000,CPU_VDDIO
18:14:54.215,1.090000,CPU_VDDIO
18:14:54.715,1.090000,CPU_VDDIO
18:14:55.215,1.090000,CPU_VDDIO
18:14:55.715,1.090000,CPU_VDDIO
18:14:56.215,1.090000,CPU_VDDIO
18:14:56.715,1.090000,CPU_VDDIO
18:14:45.215,12.080000,MB 12V
18:14:45.715,12.080000,MB 12V
18:14:46.215,12.080000,MB 12V
18:14:46.715,12.080000,MB 12V
18:14:47.215,12.080000,MB 12V
18:14:47.715,12.080000,MB 12V
18:14:48.215,12.080000,MB 12V
18:14:48.715,12.080000,MB 12V
18:14:49.215,12.080000,MB 12V
18:14:49.715,12.080000,MB 12V
18:14:50.215,12.080000,MB 12V
18:14:50.715,12.080000,MB 12V
18:14:51.215,12.080000,MB 12V
18:14:51.715,12.080000,MB 12V
18:14:52.215,12.080000,MB 12V
18:14:52.715,12.080000,MB 12V
18:14:53.215,12.080000,MB 12V
18:14:53.715,12.080000,MB 12V
18:14:54.215,12.080000,MB 12V
18:14:54.715,12.080000,MB 12V
18:14:55.215,12.080000,MB 12V
18:14:55.715,12.080000,MB 12V
18:14:56.215,12.080000,MB 12V
18:14:56.715,12.080000,MB 12V
18:14:45.215,5.180000,MB 5VCC
18:14:45.715,5.180000,MB 5VCC
18:14:46.215,5.180000,MB 5VCC
18:14:46.715,5.180000,MB 5VCC
18:14:47.215,5.180000,MB 5VCC
18:14:47.715,5.180000,MB 5VCC
18:14:48.215,5.180000,MB 5VCC
18:14:48.715,5.180000,MB 5VCC
18:14:49.215,5.180000,MB 5VCC
18:14:49.715,5.180000,MB 5VCC
18:14:50.215,5.180000,MB 5VCC
18:14:50.715,5.180000,MB 5VCC
18:14:51.215,5.180000,MB 5VCC
18:14:51.715,5.180000,MB 5VCC
18:14:52.215,5.180000,MB 5VCC
18:14:52.715,5.180000,MB 5VCC
18:14:53.215,5.180000,MB 5VCC
18:14:53.715,5.180000,MB 5VCC
18:14:54.215,5.180000,MB 5VCC
18:14:54.715,5.180000,MB 5VCC
18:14:55.215,5.180000,MB 5VCC
18:14:55.715,5.180000,MB 5VCC
18:14:56.215,5.180000,MB 5VCC
18:14:56.715,5.180000,MB 5VCC
18:14:45.215,3.400000,MB 3.3VCC
18:14:45.715,3.400000,MB 3.3VCC
18:14:46.215,3.400000,MB 3.3VCC
18:14:46.715,3.400000,MB 3.3VCC
18:14:47.215,3.400000,MB 3.3VCC
18:14:47.715,3.400000,MB 3.3VCC
18:14:48.215,3.400000,MB 3.3VCC
18:14:48.715,3.400000,MB 3.3VCC
18:14:49.215,3.400000,MB 3.3VCC
18:14:49.715,3.400000,MB 3.3VCC
18:14:50.215,3.400000,MB 3.3VCC
18:14:50.715,3.400000,MB 3.3VCC
18:14:51.215,3.400000,MB 3.3VCC
18:14:51.715,3.400000,MB 3.3VCC
18:14:52.215,3.400000,MB 3.3VCC
18:14:52.715,3.400000,MB 3.3VCC
18:14:53.215,3.400000,MB 3.3VCC
18:14:53.715,3.400000,MB 3.3VCC
18:14:54.215,3.400000,MB 3.3VCC
18:14:54.715,3.400000,MB 3.3VCC
18:14:55.215,3.400000,MB 3.3VCC
18:14:55.715,3.400000,MB 3.3VCC
18:14:56.215,3.400000,MB 3.3VCC
18:14:56.715,3.400000,MB 3.3VCC
18:14:45.214,5.140000,MB 5VSB
18:14:45.714,5.140000,MB 5VSB
18:14:46.214,5.140000,MB 5VSB
18:14:46.714,5.140000,MB 5VSB
18:14:47.214,5.140000,MB 5VSB
18:14:47.714,5.140000,MB 5VSB
18:14:48.214,5.140000,MB 5VSB
18:14:48.714,5.140000,MB 5VSB
18:14:49.214,5.140000,MB 5VSB
18:14:49.714,5.140000,MB 5VSB
18:14:50.214,5.140000,MB 5VSB
18:14:50.714,5.140000,MB 5VSB
18:14:51.214,5.140000,MB 5VSB
18:14:51.714,5.140000,MB 5VSB
18:14:52.214,5.140000,MB 5VSB
18:14:52.714,5.140000,MB 5VSB
18:14:53.214,5.140000,MB 5VSB
18:14:53.714,5.140000,MB 5VSB
18:14:54.214,5.140000,MB 5VSB
18:14:54.714,5.140000,MB 5VSB
18:14:55.214,5.140000,MB 5VSB
18:14:55.714,5.140000,MB 5VSB
18:14:56.214,5.140000,MB 5VSB
18:14:56.714,5.140000,MB 5VSB
18:14:57.214,5.140000,MB 5VSB
18:14:57.714,5.140000,MB 5VSB
18:14:45.214,3.340000,MB 3.3VSB
18:14:45.714,3.340000,MB 3.3VSB
18:14:46.214,3.340000,MB 3.3VSB
18:14:46.714,3.340000,MB 3.3VSB
18:14:47.214,3.340000,MB 3.3VSB
18:14:47.714,3.340000,MB 3.3VSB
18:14:48.214,3.340000,MB 3.3VSB
18:14:48.714,3.340000,MB 3.3VSB
18:14:49.214,3.340000,MB 3.3VSB
18:14:49.714,3.340000,MB 3.3VSB
18:14:50.214,3.340000,MB 3.3VSB
18:14:50.714,3.340000,MB 3.3VSB
18:14:51.214,3.340000,MB 3.3VSB
18:14:51.714,3.340000,MB 3.3VSB
18:14:52.214,3.340000,MB 3.3VSB
18:14:52.714,3.340000,MB 3.3VSB
18:14:53.214,3.340000,MB 3.3VSB
18:14:53.714,3.340000,MB 3.3VSB
18:14:54.214,3.340000,MB 3.3VSB
18:14:54.714,3.340000,MB 3.3VSB
18:14:55.214,3.340000,MB 3.3VSB
18:14:55.714,3.340000,MB 3.3VSB
18:14:56.214,3.340000,MB 3.3VSB
18:14:56.714,3.340000,MB 3.3VSB
18:14:57.214,3.340000,MB 3.3VSB
18:14:57.714,3.340000,MB 3.3VSB
18:14:45.214,1.810000,MB 1.8VSB
18:14:45.714,1.810000,MB 1.8VSB
18:14:46.214,1.810000,MB 1.8VSB
18:14:46.714,1.810000,MB 1.8VSB
18:14:47.214,1.810000,MB 1.8VSB
18:14:47.714,1.810000,MB 1.8VSB
18:14:48.214,1.810000,MB 1.8VSB
18:14:48.714,1.810000,MB 1.8VSB
18:14:49.214,1.810000,MB 1.8VSB
18:14:49.714,1.810000,MB 1.8VSB
18:14:50.214,1.810000,MB 1.8VSB
18:14:50.714,1.810000,MB 1.8VSB
18:14:51.214,1.810000,MB 1.8VSB
18:14:51.714,1.810000,MB 1.8VSB
18:14:52.214,1.810000,MB 1.8VSB
18:14:52.714,1.810000,MB 1.8VSB
18:14:53.214,1.810000,MB 1.8VSB
18:14:53.714,1.810000,MB 1.8VSB
18:14:54.214,1.810000,MB 1.8VSB
18:14:54.714,1.810000,MB 1.8VSB
18:14:55.214,1.810000,MB 1.8VSB
18:14:55.714,1.810000,MB 1.8VSB
18:14:56.214,1.810000,MB 1.8VSB
18:14:56.714,1.810000,MB 1.8VSB
18:14:57.214,1.810000,MB 1.8VSB
18:14:57.714,1.810000,MB 1.8VSB
18:14:45.214,2.510000,BMC 2.5V
18:14:45.714,2.510000,BMC 2.5V
18:14:46.214,2.510000,BMC 2.5V
18:14:46.714,2.510000,BMC 2.5V
18:14:47.214,2.510000,BMC 2.5V
18:14:47.714,2.510000,BMC 2.5V
18:14:48.214,2.510000,BMC 2.5V
18:14:48.714,2.510000,BMC 2.5V
18:14:49.214,2.510000,BMC 2.5V
18:14:49.714,2.510000,BMC 2.5V
18:14:50.214,2.510000,BMC 2.5V
18:14:50.714,2.510000,BMC 2.5V
18:14:51.214,2.510000,BMC 2.5V
18:14:51.714,2.510000,BMC 2.5V
18:14:52.214,2.510000,BMC 2.5V
18:14:52.714,2.510000,BMC 2.5V
18:14:53.214,2.510000,BMC 2.5V
18:14:53.714,2.510000,BMC 2.5V
18:14:54.214,2.510000,BMC 2.5V
18:14:54.714,2.510000,BMC 2.5V
18:14:55.214,2.510000,BMC 2.5V
18:14:55.714,2.510000,BMC 2.5V
18:14:56.214,2.510000,BMC 2.5V
18:14:56.714,2.510000,BMC 2.5V
18:14:57.214,2.510000,BMC 2.5V
18:14:57.714,2.510000,BMC 2.5V
18:14:45.214,1.810000,BMC 1.8V
18:14:45.714,1.810000,BMC 1.8V
18:14:46.214,1.810000,BMC 1.8V
18:14:46.714,1.810000,BMC 1.8V
18:14:47.214,1.810000,BMC 1.8V
18:14:47.714,1.810000,BMC 1.8V
18:14:48.214,1.810000,BMC 1.8V
18:14:48.714,1.810000,BMC 1.8V
18:14:49.214,1.810000,BMC 1.8V
18:14:49.714,1.810000,BMC 1.8V
18:14:50.214,1.810000,BMC 1.8V
18:14:50.714,1.810000,BMC 1.8V
18:14:51.214,1.810000,BMC 1.8V
18:14:51.714,1.810000,BMC 1.8V
18:14:52.214,1.810000,BMC 1.8V
18:14:52.714,1.810000,BMC 1.8V
18:14:53.214,1.810000,BMC 1.8V
18:14:53.714,1.810000,BMC 1.8V
18:14:54.214,1.810000,BMC 1.8V
18:14:54.714,1.810000,BMC 1.8V
18:14:55.214,1.810000,BMC 1.8V
18:14:55.714,1.810000,BMC 1.8V
18:14:56.214,1.810000,BMC 1.8V
18:14:56.714,1.810000,BMC 1.8V
18:14:57.214,1.810000,BMC 1.8V
18:14:57.714,1.810000,BMC 1.8V
18:14:45.214,1.210000,BMC 1.2V
18:14:45.714,1.210000,BMC 1.2V
18:14:46.214,1.210000,BMC 1.2V
18:14:46.714,1.210000,BMC 1.2V
18:14:47.214,1.210000,BMC 1.2V
18:14:47.714,1.210000,BMC 1.2V
18:14:48.214,1.210000,BMC 1.2V
18:14:48.714,1.210000,BMC 1.2V
18:14:49.214,1.210000,BMC 1.2V
18:14:49.714,1.210000,BMC 1.2V
18:14:50.214,1.210000,BMC 1.2V
18:14:50.714,1.210000,BMC 1.2V
18:14:51.214,1.210000,BMC 1.2V
18:14:51.714,1.210000,BMC 1.2V
18:14:52.214,1.210000,BMC 1.2V
18:14:52.714,1.210000,BMC 1.2V
18:14:53.214,1.210000,BMC 1.2V
18:14:53.714,1.210000,BMC 1.2V
18:14:54.214,1.210000,BMC 1.2V
18:14:54.714,1.210000,BMC 1.2V
18:14:55.214,1.210000,BMC 1.2V
18:14:55.714,1.210000,BMC 1.2V
18:14:56.214,1.210000,BMC 1.2V
18:14:56.714,1.210000,BMC 1.2V
18:14:57.214,1.210000,BMC 1.2V
18:14:57.714,1.210000,BMC 1.2V
18:14:45.214,1.010000,BMC 1.0V
18:14:45.714,1.010000,BMC 1.0V
18:14:46.214,1.010000,BMC 1.0V
18:14:46.714,1.010000,BMC 1.0V
18:14:47.214,1.010000,BMC 1.0V
18:14:47.714,1.010000,BMC 1.0V
18:14:48.214,1.010000,BMC 1.0V
18:14:48.714,1.010000,BMC 1.0V
18:14:49.214,1.010000,BMC 1.0V
18:14:49.714,1.010000,BMC 1.0V
18:14:50.214,1.010000,BMC 1.0V
18:14:50.714,1.010000,BMC 1.0V
18:14:51.214,1.010000,BMC 1.0V
18:14:51.714,1.010000,BMC 1.0V
18:14:52.214,1.010000,BMC 1.0V
18:14:52.714,1.010000,BMC 1.0V
18:14:53.214,1.010000,BMC 1.0V
18:14:53.714,1.010000,BMC 1.0V
18:14:54.214,1.010000,BMC 1.0V
18:14:54.714,1.010000,BMC 1.0V
18:14:55.214,1.010000,BMC 1.0V
18:14:55.714,1.010000,BMC 1.0V
18:14:56.214,1.010000,BMC 1.0V
18:14:56.714,1.010000,BMC 1.0V
18:14:57.214,1.010000,BMC 1.0V
18:14:57.714,1.010000,BMC 1.0V
18:14:45.214,1.050000,CPU_VDDCR0
18:14:45.714,1.050000,CPU_VDDCR0
18:14:46.214,1.050000,CPU_VDDCR0
18:14:46.714,1.050000,CPU_VDDCR0
18:14:47.214,1.050000,CPU_VDDCR0
18:14:47.714,1.050000,CPU_VDDCR0
18:14:48.214,1.060000,CPU_VDDCR0
18:14:48.714,1.060000,CPU_VDDCR0
18:14:49.214,1.060000,CPU_VDDCR0
18:14:49.714,1.060000,CPU_VDDCR0
18:14:50.214,1.060000,CPU_VDDCR0
18:14:50.714,1.060000,CPU_VDDCR0
18:14:51.214,1.060000,CPU_VDDCR0
18:14:51.714,1.060000,CPU_VDDCR0
18:14:52.214,1.060000,CPU_VDDCR0
18:14:52.714,1.060000,CPU_VDDCR0
18:14:53.214,1.060000,CPU_VDDCR0
18:14:53.714,1.060000,CPU_VDDCR0
18:14:54.214,1.060000,CPU_VDDCR0
18:14:54.714,1.060000,CPU_VDDCR0
18:14:55.214,1.060000,CPU_VDDCR0
18:14:55.714,1.060000,CPU_VDDCR0
18:14:56.214,1.060000,CPU_VDDCR0
18:14:56.714,1.060000,CPU_VDDCR0
18:14:57.214,1.060000,CPU_VDDCR0
18:14:57.714,1.060000,CPU_VDDCR0
18:14:45.214,0.970000,CPU_SOC
18:14:45.714,0.970000,CPU_SOC
18:14:46.214,0.970000,CPU_SOC
18:14:46.714,0.970000,CPU_SOC
18:14:47.214,0.970000,CPU_SOC
18:14:47.714,0.970000,CPU_SOC
18:14:48.214,0.970000,CPU_SOC
18:14:48.714,0.970000,CPU_SOC
18:14:49.214,0.970000,CPU_SOC
18:14:49.714,0.970000,CPU_SOC
18:14:50.214,0.970000,CPU_SOC
18:14:50.714,0.970000,CPU_SOC
18:14:51.214,0.970000,CPU_SOC
18:14:51.714,0.970000,CPU_SOC
18:14:52.214,0.970000,CPU_SOC
18:14:52.714,0.970000,CPU_SOC
18:14:53.214,0.970000,CPU_SOC
18:14:53.714,0.970000,CPU_SOC
18:14:54.214,0.970000,CPU_SOC
18:14:54.714,0.970000,CPU_SOC
18:14:55.214,0.970000,CPU_SOC
18:14:55.714,0.970000,CPU_SOC
18:14:56.214,0.970000,CPU_SOC
18:14:56.714,0.970000,CPU_SOC
18:14:57.214,0.970000,CPU_SOC
18:14:57.714,0.970000,CPU_SOC
18:14:45.214,1.060000,CPU_VDDCR1
18:14:45.714,1.060000,CPU_VDDCR1
18:14:46.214,1.060000,CPU_VDDCR1
18:14:46.714,1.060000,CPU_VDDCR1
18:14:47.214,1.060000,CPU_VDDCR1
18:14:47.714,1.060000,CPU_VDDCR1
18:14:48.214,1.060000,CPU_VDDCR1
18:14:48.714,1.060000,CPU_VDDCR1
18:14:49.214,1.060000,CPU_VDDCR1
18:14:49.714,1.060000,CPU_VDDCR1
18:14:50.214,1.060000,CPU_VDDCR1
18:14:50.714,1.060000,CPU_VDDCR1
18:14:51.214,1.060000,CPU_VDDCR1
18:14:51.714,1.060000,CPU_VDDCR1
18:14:52.214,1.060000,CPU_VDDCR1
18:14:52.714,1.060000,CPU_VDDCR1
18:14:53.214,1.060000,CPU_VDDCR1
18:14:53.714,1.060000,CPU_VDDCR1
18:14:54.214,1.060000,CPU_VDDCR1
18:14:54.714,1.060000,CPU_VDDCR1
18:14:55.214,1.060000,CPU_VDDCR1
18:14:55.714,1.060000,CPU_VDDCR1
18:14:56.214,1.060000,CPU_VDDCR1
18:14:56.714,1.060000,CPU_VDDCR1
18:14:57.214,1.060000,CPU_VDDCR1
18:14:57.714,1.060000,CPU_VDDCR1
18:14:45.214,1.090000,CPU_VDDIO
18:14:45.714,1.090000,CPU_VDDIO
18:14:46.214,1.090000,CPU_VDDIO
18:14:46.714,1.090000,CPU_VDDIO
18:14:47.214,1.090000,CPU_VDDIO
18:14:47.714,1.090000,CPU_VDDIO
18:14:48.214,1.090000,CPU_VDDIO
18:14:48.714,1.090000,CPU_VDDIO
18:14:49.214,1.090000,CPU_VDDIO
18:14:49.714,1.090000,CPU_VDDIO
18:14:50.214,1.090000,CPU_VDDIO
18:14:50.714,1.090000,CPU_VDDIO
18:14:51.214,1.090000,CPU_VDDIO
18:14:51.714,1.090000,CPU_VDDIO
18:14:52.214,1.090000,CPU_VDDIO
18:14:52.714,1.090000,CPU_VDDIO
18:14:53.214,1.090000,CPU_VDDIO
18:14:53.714,1.090000,CPU_VDDIO
18:14:54.214,1.090000,CPU_VDDIO
18:14:54.714,1.090000,CPU_VDDIO
18:14:55.214,1.090000,CPU_VDDIO
18:14:55.714,1.090000,CPU_VDDIO
18:14:56.214,1.090000,CPU_VDDIO
18:14:56.714,1.090000,CPU_VDDIO
18:14:57.214,1.090000,CPU_VDDIO
18:14:57.714,1.090000,CPU_VDDIO
18:14:45.214,12.080000,MB 12V
18:14:45.714,12.080000,MB 12V
18:14:46.214,12.080000,MB 12V
18:14:46.714,12.080000,MB 12V
18:14:47.214,12.080000,MB 12V
18:14:47.714,12.080000,MB 12V
18:14:48.214,12.080000,MB 12V
18:14:48.714,12.080000,MB 12V
18:14:49.214,12.080000,MB 12V
18:14:49.714,12.080000,MB 12V
18:14:50.214,12.080000,MB 12V
18:14:50.714,12.080000,MB 12V
18:14:51.214,12.080000,MB 12V
18:14:51.714,12.080000,MB 12V
18:14:52.214,12.080000,MB 12V
18:14:52.714,12.080000,MB 12V
18:14:53.214,12.080000,MB 12V
18:14:53.714,12.080000,MB 12V
18:14:54.214,12.080000,MB 12V
18:14:54.714,12.080000,MB 12V
18:14:55.214,12.080000,MB 12V
18:14:55.714,12.080000,MB 12V
18:14:56.214,12.080000,MB 12V
18:14:56.714,12.080000,MB 12V
18:14:57.214,12.080000,MB 12V
18:14:57.714,12.080000,MB 12V
18:14:45.214,5.180000,MB 5VCC
18:14:45.714,5.180000,MB 5VCC
18:14:46.214,5.180000,MB 5VCC
18:14:46.714,5.180000,MB 5VCC
18:14:47.214,5.180000,MB 5VCC
18:14:47.714,5.180000,MB 5VCC
18:14:48.214,5.180000,MB 5VCC
18:14:48.714,5.180000,MB 5VCC
18:14:49.214,5.180000,MB 5VCC
18:14:49.714,5.180000,MB 5VCC
18:14:50.214,5.180000,MB 5VCC
18:14:50.714,5.180000,MB 5VCC
18:14:51.214,5.180000,MB 5VCC
18:14:51.714,5.180000,MB 5VCC
18:14:52.214,5.180000,MB 5VCC
18:14:52.714,5.180000,MB 5VCC
18:14:53.214,5.180000,MB 5VCC
18:14:53.714,5.180000,MB 5VCC
18:14:54.214,5.180000,MB 5VCC
18:14:54.714,5.180000,MB 5VCC
18:14:55.214,5.180000,MB 5VCC
18:14:55.714,5.180000,MB 5VCC
18:14:56.214,5.180000,MB 5VCC
18:14:56.714,5.180000,MB 5VCC
18:14:57.214,5.180000,MB 5VCC
18:14:57.714,5.180000,MB 5VCC
18:14:45.214,3.400000,MB 3.3VCC
18:14:45.714,3.400000,MB 3.3VCC
18:14:46.214,3.400000,MB 3.3VCC
18:14:46.714,3.400000,MB 3.3VCC
18:14:47.214,3.400000,MB 3.3VCC
18:14:47.714,3.400000,MB 3.3VCC
18:14:48.214,3.400000,MB 3.3VCC
18:14:48.714,3.400000,MB 3.3VCC
18:14:49.214,3.400000,MB 3.3VCC
18:14:49.714,3.400000,MB 3.3VCC
18:14:50.214,3.400000,MB 3.3VCC
18:14:50.714,3.400000,MB 3.3VCC
18:14:51.214,3.400000,MB 3.3VCC
18:14:51.714,3.400000,MB 3.3VCC
18:14:52.214,3.400000,MB 3.3VCC
18:14:52.714,3.400000,MB 3.3VCC
18:14:53.214,3.400000,MB 3.3VCC
18:14:53.714,3.400000,MB 3.3VCC
18:14:54.214,3.400000,MB 3.3VCC
18:14:54.714,3.400000,MB 3.3VCC
18:14:55.214,3.400000,MB 3.3VCC
18:14:55.714,3.400000,MB 3.3VCC
18:14:56.214,3.400000,MB 3.3VCC
18:14:56.714,3.400000,MB 3.3VCC
18:14:57.214,3.400000,MB 3.3VCC
18:14:57.714,3.400000,MB 3.3VCC
18:14:45.213,5.140000,MB 5VSB
18:14:45.713,5.140000,MB 5VSB
18:14:46.213,5.140000,MB 5VSB
18:14:46.713,5.140000,MB 5VSB
18:14:47.213,5.140000,MB 5VSB
18:14:47.713,5.140000,MB 5VSB
18:14:48.213,5.140000,MB 5VSB
18:14:48.713,5.140000,MB 5VSB
18:14:49.213,5.140000,MB 5VSB
18:14:49.713,5.140000,MB 5VSB
18:14:50.213,5.140000,MB 5VSB
18:14:50.713,5.140000,MB 5VSB
18:14:51.213,5.140000,MB 5VSB
18:14:51.713,5.140000,MB 5VSB
18:14:52.213,5.140000,MB 5VSB
18:14:52.713,5.140000,MB 5VSB
18:14:53.213,5.140000,MB 5VSB
18:14:53.713,5.140000,MB 5VSB
18:14:54.213,5.140000,MB 5VSB
18:14:54.713,5.140000,MB 5VSB
18:14:55.213,5.140000,MB 5VSB
18:14:55.713,5.140000,MB 5VSB
18:14:56.213,5.140000,MB 5VSB
18:14:56.713,5.140000,MB 5VSB
18:14:57.213,5.140000,MB 5VSB
18:14:57.713,5.140000,MB 5VSB
18:14:58.213,5.140000,MB 5VSB
18:14:58.713,5.140000,MB 5VSB
18:14:45.213,3.340000,MB 3.3VSB
18:14:45.713,3.340000,MB 3.3VSB
18:14:46.213,3.340000,MB 3.3VSB
18:14:46.713,3.340000,MB 3.3VSB
18:14:47.213,3.340000,MB 3.3VSB
18:14:47.713,3.340000,MB 3.3VSB
18:14:48.213,3.340000,MB 3.3VSB
18:14:48.713,3.340000,MB 3.3VSB
18:14:49.213,3.340000,MB 3.3VSB
18:14:49.713,3.340000,MB 3.3VSB
18:14:50.213,3.340000,MB 3.3VSB
18:14:50.713,3.340000,MB 3.3VSB
18:14:51.213,3.340000,MB 3.3VSB
18:14:51.713,3.340000,MB 3.3VSB
18:14:52.213,3.340000,MB 3.3VSB
18:14:52.713,3.340000,MB 3.3VSB
18:14:53.213,3.340000,MB 3.3VSB
18:14:53.713,3.340000,MB 3.3VSB
18:14:54.213,3.340000,MB 3.3VSB
18:14:54.713,3.340000,MB 3.3VSB
18:14:55.213,3.340000,MB 3.3VSB
18:14:55.713,3.340000,MB 3.3VSB
18:14:56.213,3.340000,MB 3.3VSB
18:14:56.713,3.340000,MB 3.3VSB
18:14:57.213,3.340000,MB 3.3VSB
18:14:57.713,3.340000,MB 3.3VSB
18:14:58.213,3.340000,MB 3.3VSB
18:14:58.713,3.340000,MB 3.3VSB
18:14:45.213,1.810000,MB 1.8VSB
18:14:45.713,1.810000,MB 1.8VSB
18:14:46.213,1.810000,MB 1.8VSB
18:14:46.713,1.810000,MB 1.8VSB
18:14:47.213,1.810000,MB 1.8VSB
18:14:47.713,1.810000,MB 1.8VSB
18:14:48.213,1.810000,MB 1.8VSB
18:14:48.713,1.810000,MB 1.8VSB
18:14:49.213,1.810000,MB 1.8VSB
18:14:49.713,1.810000,MB 1.8VSB
18:14:50.213,1.810000,MB 1.8VSB
18:14:50.713,1.810000,MB 1.8VSB
18:14:51.213,1.810000,MB 1.8VSB
18:14:51.713,1.810000,MB 1.8VSB
18:14:52.213,1.810000,MB 1.8VSB
18:14:52.713,1.810000,MB 1.8VSB
18:14:53.213,1.810000,MB 1.8VSB
18:14:53.713,1.810000,MB 1.8VSB
18:14:54.213,1.810000,MB 1.8VSB
18:14:54.713,1.810000,MB 1.8VSB
18:14:55.213,1.810000,MB 1.8VSB
18:14:55.713,1.810000,MB 1.8VSB
18:14:56.213,1.810000,MB 1.8VSB
18:14:56.713,1.810000,MB 1.8VSB
18:14:57.213,1.810000,MB 1.8VSB
18:14:57.713,1.810000,MB 1.8VSB
18:14:58.213,1.810000,MB 1.8VSB
18:14:58.713,1.810000,MB 1.8VSB
18:14:45.213,2.510000,BMC 2.5V
18:14:45.713,2.510000,BMC 2.5V
18:14:46.213,2.510000,BMC 2.5V
18:14:46.713,2.510000,BMC 2.5V
18:14:47.213,2.510000,BMC 2.5V
18:14:47.713,2.510000,BMC 2.5V
18:14:48.213,2.510000,BMC 2.5V
18:14:48.713,2.510000,BMC 2.5V
18:14:49.213,2.510000,BMC 2.5V
18:14:49.713,2.510000,BMC 2.5V
18:14:50.213,2.510000,BMC 2.5V
18:14:50.713,2.510000,BMC 2.5V
18:14:51.213,2.510000,BMC 2.5V
18:14:51.713,2.510000,BMC 2.5V
18:14:52.213,2.510000,BMC 2.5V
18:14:52.713,2.510000,BMC 2.5V
18:14:53.213,2.510000,BMC 2.5V
18:14:53.713,2.510000,BMC 2.5V
18:14:54.213,2.510000,BMC 2.5V
18:14:54.713,2.510000,BMC 2.5V
18:14:55.213,2.510000,BMC 2.5V
18:14:55.713,2.510000,BMC 2.5V
18:14:56.213,2.510000,BMC 2.5V
18:14:56.713,2.510000,BMC 2.5V
18:14:57.213,2.510000,BMC 2.5V
18:14:57.713,2.510000,BMC 2.5V
18:14:58.213,2.510000,BMC 2.5V
18:14:58.713,2.510000,BMC 2.5V
18:14:45.213,1.810000,BMC 1.8V
18:14:45.713,1.810000,BMC 1.8V
18:14:46.213,1.810000,BMC 1.8V
18:14:46.713,1.810000,BMC 1.8V
18:14:47.213,1.810000,BMC 1.8V
18:14:47.713,1.810000,BMC 1.8V
18:14:48.213,1.810000,BMC 1.8V
18:14:48.713,1.810000,BMC 1.8V
18:14:49.213,1.810000,BMC 1.8V
18:14:49.713,1.810000,BMC 1.8V
18:14:50.213,1.810000,BMC 1.8V
18:14:50.713,1.810000,BMC 1.8V
18:14:51.213,1.810000,BMC 1.8V
18:14:51.713,1.810000,BMC 1.8V
18:14:52.213,1.810000,BMC 1.8V
18:14:52.713,1.810000,BMC 1.8V
18:14:53.213,1.810000,BMC 1.8V
18:14:53.713,1.810000,BMC 1.8V
18:14:54.213,1.810000,BMC 1.8V
18:14:54.713,1.810000,BMC 1.8V
18:14:55.213,1.810000,BMC 1.8V
18:14:55.713,1.810000,BMC 1.8V
18:14:56.213,1.810000,BMC 1.8V
18:14:56.713,1.810000,BMC 1.8V
18:14:57.213,1.810000,BMC 1.8V
18:14:57.713,1.810000,BMC 1.8V
18:14:58.213,1.810000,BMC 1.8V
18:14:58.713,1.810000,BMC 1.8V
18:14:45.213,1.210000,BMC 1.2V
18:14:45.713,1.210000,BMC 1.2V
18:14:46.213,1.210000,BMC 1.2V
18:14:46.713,1.210000,BMC 1.2V
18:14:47.213,1.210000,BMC 1.2V
18:14:47.713,1.210000,BMC 1.2V
18:14:48.213,1.210000,BMC 1.2V
18:14:48.713,1.210000,BMC 1.2V
18:14:49.213,1.210000,BMC 1.2V
18:14:49.713,1.210000,BMC 1.2V
18:14:50.213,1.210000,BMC 1.2V
18:14:50.713,1.210000,BMC 1.2V
18:14:51.213,1.210000,BMC 1.2V
18:14:51.713,1.210000,BMC 1.2V
18:14:52.213,1.210000,BMC 1.2V
18:14:52.713,1.210000,BMC 1.2V
18:14:53.213,1.210000,BMC 1.2V
18:14:53.713,1.210000,BMC 1.2V
18:14:54.213,1.210000,BMC 1.2V
18:14:54.713,1.210000,BMC 1.2V
18:14:55.213,1.210000,BMC 1.2V
18:14:55.713,1.210000,BMC 1.2V
18:14:56.213,1.210000,BMC 1.2V
18:14:56.713,1.210000,BMC 1.2V
18:14:57.213,1.210000,BMC 1.2V
18:14:57.713,1.210000,BMC 1.2V
18:14:58.213,1.210000,BMC 1.2V
18:14:58.713,1.210000,BMC 1.2V
18:14:45.213,1.010000,BMC 1.0V
18:14:45.713,1.010000,BMC 1.0V
18:14:46.213,1.010000,BMC 1.0V
18:14:46.713,1.010000,BMC 1.0V
18:14:47.213,1.010000,BMC 1.0V
18:14:47.713,1.010000,BMC 1.0V
18:14:48.213,1.010000,BMC 1.0V
18:14:48.713,1.010000,BMC 1.0V
18:14:49.213,1.010000,BMC 1.0V
18:14:49.713,1.010000,BMC 1.0V
18:14:50.213,1.010000,BMC 1.0V
18:14:50.713,1.010000,BMC 1.0V
18:14:51.213,1.010000,BMC 1.0V
18:14:51.713,1.010000,BMC 1.0V
18:14:52.213,1.010000,BMC 1.0V
18:14:52.713,1.010000,BMC 1.0V
18:14:53.213,1.010000,BMC 1.0V
18:14:53.713,1.010000,BMC 1.0V
18:14:54.213,1.010000,BMC 1.0V
18:14:54.713,1.010000,BMC 1.0V
18:14:55.213,1.010000,BMC 1.0V
18:14:55.713,1.010000,BMC 1.0V
18:14:56.213,1.010000,BMC 1.0V
18:14:56.713,1.010000,BMC 1.0V
18:14:57.213,1.010000,BMC 1.0V
18:14:57.713,1.010000,BMC 1.0V
18:14:58.213,1.010000,BMC 1.0V
18:14:58.713,1.010000,BMC 1.0V
18:14:45.213,1.050000,CPU_VDDCR0
18:14:45.713,1.050000,CPU_VDDCR0
18:14:46.213,1.050000,CPU_VDDCR0
18:14:46.713,1.050000,CPU_VDDCR0
18:14:47.213,1.050000,CPU_VDDCR0
18:14:47.713,1.050000,CPU_VDDCR0
18:14:48.213,1.060000,CPU_VDDCR0
18:14:48.713,1.060000,CPU_VDDCR0
18:14:49.213,1.060000,CPU_VDDCR0
18:14:49.713,1.060000,CPU_VDDCR0
18:14:50.213,1.060000,CPU_VDDCR0
18:14:50.713,1.060000,CPU_VDDCR0
18:14:51.213,1.060000,CPU_VDDCR0
18:14:51.713,1.060000,CPU_VDDCR0
18:14:52.213,1.060000,CPU_VDDCR0
18:14:52.713,1.060000,CPU_VDDCR0
18:14:53.213,1.060000,CPU_VDDCR0
18:14:53.713,1.060000,CPU_VDDCR0
18:14:54.213,1.060000,CPU_VDDCR0
18:14:54.713,1.060000,CPU_VDDCR0
18:14:55.213,1.060000,CPU_VDDCR0
18:14:55.713,1.060000,CPU_VDDCR0
18:14:56.213,1.060000,CPU_VDDCR0
18:14:56.713,1.060000,CPU_VDDCR0
18:14:57.213,1.060000,CPU_VDDCR0
18:14:57.713,1.060000,CPU_VDDCR0
18:14:58.213,1.060000,CPU_VDDCR0
18:14:58.713,1.060000,CPU_VDDCR0
18:14:45.213,0.970000,CPU_SOC
18:14:45.713,0.970000,CPU_SOC
18:14:46.213,0.970000,CPU_SOC
18:14:46.713,0.970000,CPU_SOC
18:14:47.213,0.970000,CPU_SOC
18:14:47.713,0.970000,CPU_SOC
18:14:48.213,0.970000,CPU_SOC
18:14:48.713,0.970000,CPU_SOC
18:14:49.213,0.970000,CPU_SOC
18:14:49.713,0.970000,CPU_SOC
18:14:50.213,0.970000,CPU_SOC
18:14:50.713,0.970000,CPU_SOC
18:14:51.213,0.970000,CPU_SOC
18:14:51.713,0.970000,CPU_SOC
18:14:52.213,0.970000,CPU_SOC
18:14:52.713,0.970000,CPU_SOC
18:14:53.213,0.970000,CPU_SOC
18:14:53.713,0.970000,CPU_SOC
18:14:54.213,0.970000,CPU_SOC
18:14:54.713,0.970000,CPU_SOC
18:14:55.213,0.970000,CPU_SOC
18:14:55.713,0.970000,CPU_SOC
18:14:56.213,0.970000,CPU_SOC
18:14:56.713,0.970000,CPU_SOC
18:14:57.213,0.970000,CPU_SOC
18:14:57.713,0.970000,CPU_SOC
18:14:58.213,0.970000,CPU_SOC
18:14:58.713,0.970000,CPU_SOC
18:14:45.213,1.060000,CPU_VDDCR1
18:14:45.713,1.060000,CPU_VDDCR1
18:14:46.213,1.060000,CPU_VDDCR1
18:14:46.713,1.060000,CPU_VDDCR1
18:14:47.213,1.060000,CPU_VDDCR1
18:14:47.713,1.060000,CPU_VDDCR1
18:14:48.213,1.060000,CPU_VDDCR1
18:14:48.713,1.060000,CPU_VDDCR1
18:14:49.213,1.060000,CPU_VDDCR1
18:14:49.713,1.060000,CPU_VDDCR1
18:14:50.213,1.060000,CPU_VDDCR1
18:14:50.713,1.060000,CPU_VDDCR1
18:14:51.213,1.060000,CPU_VDDCR1
18:14:51.713,1.060000,CPU_VDDCR1
18:14:52.213,1.060000,CPU_VDDCR1
18:14:52.713,1.060000,CPU_VDDCR1
18:14:53.213,1.060000,CPU_VDDCR1
18:14:53.713,1.060000,CPU_VDDCR1
18:14:54.213,1.060000,CPU_VDDCR1
18:14:54.713,1.060000,CPU_VDDCR1
18:14:55.213,1.060000,CPU_VDDCR1
18:14:55.713,1.060000,CPU_VDDCR1
18:14:56.213,1.060000,CPU_VDDCR1
18:14:56.713,1.060000,CPU_VDDCR1
18:14:57.213,1.060000,CPU_VDDCR1
18:14:57.713,1.060000,CPU_VDDCR1
18:14:58.213,1.060000,CPU_VDDCR1
18:14:58.713,1.060000,CPU_VDDCR1
18:14:45.213,1.090000,CPU_VDDIO
18:14:45.713,1.090000,CPU_VDDIO
18:14:46.213,1.090000,CPU_VDDIO
18:14:46.713,1.090000,CPU_VDDIO
18:14:47.213,1.090000,CPU_VDDIO
18:14:47.713,1.090000,CPU_VDDIO
18:14:48.213,1.090000,CPU_VDDIO
18:14:48.713,1.090000,CPU_VDDIO
18:14:49.213,1.090000,CPU_VDDIO
18:14:49.713,1.090000,CPU_VDDIO
18:14:50.213,1.090000,CPU_VDDIO
18:14:50.713,1.090000,CPU_VDDIO
18:14:51.213,1.090000,CPU_VDDIO
18:14:51.713,1.090000,CPU_VDDIO
18:14:52.213,1.090000,CPU_VDDIO
18:14:52.713,1.090000,CPU_VDDIO
18:14:53.213,1.090000,CPU_VDDIO
18:14:53.713,1.090000,CPU_VDDIO
18:14:54.213,1.090000,CPU_VDDIO
18:14:54.713,1.090000,CPU_VDDIO
18:14:55.213,1.090000,CPU_VDDIO
18:14:55.713,1.090000,CPU_VDDIO
18:14:56.213,1.090000,CPU_VDDIO
18:14:56.713,1.090000,CPU_VDDIO
18:14:57.213,1.090000,CPU_VDDIO
18:14:57.713,1.090000,CPU_VDDIO
18:14:58.213,1.090000,CPU_VDDIO
18:14:58.713,1.090000,CPU_VDDIO
18:14:45.213,12.080000,MB 12V
18:14:45.713,12.080000,MB 12V
18:14:46.213,12.080000,MB 12V
18:14:46.713,12.080000,MB 12V
18:14:47.213,12.080000,MB 12V
18:14:47.713,12.080000,MB 12V
18:14:48.213,12.080000,MB 12V
18:14:48.713,12.080000,MB 12V
18:14:49.213,12.080000,MB 12V
18:14:49.713,12.080000,MB 12V
18:14:50.213,12.080000,MB 12V
18:14:50.713,12.080000,MB 12V
18:14:51.213,12.080000,MB 12V
18:14:51.713,12.080000,MB 12V
18:14:52.213,12.080000,MB 12V
18:14:52.713,12.080000,MB 12V
18:14:53.213,12.080000,MB 12V
18:14:53.713,12.080000,MB 12V
18:14:54.213,12.080000,MB 12V
18:14:54.713,12.080000,MB 12V
18:14:55.213,12.080000,MB 12V
18:14:55.713,12.080000,MB 12V
18:14:56.213,12.080000,MB 12V
18:14:56.713,12.080000,MB 12V
18:14:57.213,12.080000,MB 12V
18:14:57.713,12.080000,MB 12V
18:14:58.213,12.080000,MB 12V
18:14:58.713,12.080000,MB 12V
18:14:45.213,5.180000,MB 5VCC
18:14:45.713,5.180000,MB 5VCC
18:14:46.213,5.180000,MB 5VCC
18:14:46.713,5.180000,MB 5VCC
18:14:47.213,5.180000,MB 5VCC
18:14:47.713,5.180000,MB 5VCC
18:14:48.213,5.180000,MB 5VCC
18:14:48.713,5.180000,MB 5VCC
18:14:49.213,5.180000,MB 5VCC
18:14:49.713,5.180000,MB 5VCC
18:14:50.213,5.180000,MB 5VCC
18:14:50.713,5.180000,MB 5VCC
18:14:51.213,5.180000,MB 5VCC
18:14:51.713,5.180000,MB 5VCC
18:14:52.213,5.180000,MB 5VCC
18:14:52.713,5.180000,MB 5VCC
18:14:53.213,5.180000,MB 5VCC
18:14:53.713,5.180000,MB 5VCC
18:14:54.213,5.180000,MB 5VCC
18:14:54.713,5.180000,MB 5VCC
18:14:55.213,5.180000,MB 5VCC
18:14:55.713,5.180000,MB 5VCC
18:14:56.213,5.180000,MB 5VCC
18:14:56.713,5.180000,MB 5VCC
18:14:57.213,5.180000,MB 5VCC
18:14:57.713,5.180000,MB 5VCC
18:14:58.213,5.180000,MB 5VCC
18:14:58.713,5.180000,MB 5VCC
18:14:45.213,3.400000,MB 3.3VCC
18:14:45.713,3.400000,MB 3.3VCC
18:14:46.213,3.400000,MB 3.3VCC
18:14:46.713,3.400000,MB 3.3VCC
18:14:47.213,3.400000,MB 3.3VCC
18:14:47.713,3.400000,MB 3.3VCC
18:14:48.213,3.400000,MB 3.3VCC
18:14:48.713,3.400000,MB 3.3VCC
18:14:49.213,3.400000,MB 3.3VCC
18:14:49.713,3.400000,MB 3.3VCC
18:14:50.213,3.400000,MB 3.3VCC
18:14:50.713,3.400000,MB 3.3VCC
18:14:51.213,3.400000,MB 3.3VCC
18:14:51.713,3.400000,MB 3.3VCC
18:14:52.213,3.400000,MB 3.3VCC
18:14:52.713,3.400000,MB 3.3VCC
18:14:53.213,3.400000,MB 3.3VCC
18:14:53.713,3.400000,MB 3.3VCC
18:14:54.213,3.400000,MB 3.3VCC
18:14:54.713,3.400000,MB 3.3VCC
18:14:55.213,3.400000,MB 3.3VCC
18:14:55.713,3.400000,MB 3.3VCC
18:14:56.213,3.400000,MB 3.3VCC
18:14:56.713,3.400000,MB 3.3VCC
18:14:57.213,3.400000,MB 3.3VCC
18:14:57.713,3.400000,MB 3.3VCC
18:14:58.213,3.400000,MB 3.3VCC
18:14:58.713,3.400000,MB 3.3VCC
18:14:48.160,5.140000,MB 5VSB
18:14:48.660,5.140000,MB 5VSB
18:14:49.160,5.140000,MB 5VSB
18:14:49.660,5.140000,MB 5VSB
18:14:50.160,5.140000,MB 5VSB
18:14:50.660,5.140000,MB 5VSB
18:14:51.160,5.140000,MB 5VSB
18:14:51.660,5.140000,MB 5VSB
18:14:52.160,5.140000,MB 5VSB
18:14:52.660,5.140000,MB 5VSB
18:14:53.160,5.140000,MB 5VSB
18:14:53.660,5.140000,MB 5VSB
18:14:54.160,5.140000,MB 5VSB
18:14:54.660,5.140000,MB 5VSB
18:14:55.160,5.140000,MB 5VSB
18:14:55.660,5.140000,MB 5VSB
18:14:56.160,5.140000,MB 5VSB
18:14:56.660,5.140000,MB 5VSB
18:14:57.160,5.140000,MB 5VSB
18:14:57.660,5.140000,MB 5VSB
18:14:58.160,5.140000,MB 5VSB
18:14:58.660,5.140000,MB 5VSB
18:14:59.160,5.140000,MB 5VSB
18:14:59.660,5.140000,MB 5VSB
18:15:00.160,5.140000,MB 5VSB
18:15:00.660,5.140000,MB 5VSB
18:14:48.160,3.340000,MB 3.3VSB
18:14:48.660,3.340000,MB 3.3VSB
18:14:49.160,3.340000,MB 3.3VSB
18:14:49.660,3.340000,MB 3.3VSB
18:14:50.160,3.340000,MB 3.3VSB
18:14:50.660,3.340000,MB 3.3VSB
18:14:51.160,3.340000,MB 3.3VSB
18:14:51.660,3.340000,MB 3.3VSB
18:14:52.160,3.340000,MB 3.3VSB
18:14:52.660,3.340000,MB 3.3VSB
18:14:53.160,3.340000,MB 3.3VSB
18:14:53.660,3.340000,MB 3.3VSB
18:14:54.160,3.340000,MB 3.3VSB
18:14:54.660,3.340000,MB 3.3VSB
18:14:55.160,3.340000,MB 3.3VSB
18:14:55.660,3.340000,MB 3.3VSB
18:14:56.160,3.340000,MB 3.3VSB
18:14:56.660,3.340000,MB 3.3VSB
18:14:57.160,3.340000,MB 3.3VSB
18:14:57.660,3.340000,MB 3.3VSB
18:14:58.160,3.340000,MB 3.3VSB
18:14:58.660,3.340000,MB 3.3VSB
18:14:59.160,3.340000,MB 3.3VSB
18:14:59.660,3.340000,MB 3.3VSB
18:15:00.160,3.340000,MB 3.3VSB
18:15:00.660,3.340000,MB 3.3VSB
18:14:48.160,1.810000,MB 1.8VSB
18:14:48.660,1.810000,MB 1.8VSB
18:14:49.160,1.810000,MB 1.8VSB
18:14:49.660,1.810000,MB 1.8VSB
18:14:50.160,1.810000,MB 1.8VSB
18:14:50.660,1.810000,MB 1.8VSB
18:14:51.160,1.810000,MB 1.8VSB
18:14:51.660,1.810000,MB 1.8VSB
18:14:52.160,1.810000,MB 1.8VSB
18:14:52.660,1.810000,MB 1.8VSB
18:14:53.160,1.810000,MB 1.8VSB
18:14:53.660,1.810000,MB 1.8VSB
18:14:54.160,1.810000,MB 1.8VSB
18:14:54.660,1.810000,MB 1.8VSB
18:14:55.160,1.810000,MB 1.8VSB
18:14:55.660,1.810000,MB 1.8VSB
18:14:56.160,1.810000,MB 1.8VSB
18:14:56.660,1.810000,MB 1.8VSB
18:14:57.160,1.810000,MB 1.8VSB
18:14:57.660,1.810000,MB 1.8VSB
18:14:58.160,1.810000,MB 1.8VSB
18:14:58.660,1.810000,MB 1.8VSB
18:14:59.160,1.810000,MB 1.8VSB
18:14:59.660,1.810000,MB 1.8VSB
18:15:00.160,1.810000,MB 1.8VSB
18:15:00.660,1.810000,MB 1.8VSB
18:14:48.160,2.510000,BMC 2.5V
18:14:48.660,2.510000,BMC 2.5V
18:14:49.160,2.510000,BMC 2.5V
18:14:49.660,2.510000,BMC 2.5V
18:14:50.160,2.510000,BMC 2.5V
18:14:50.660,2.510000,BMC 2.5V
18:14:51.160,2.510000,BMC 2.5V
18:14:51.660,2.510000,BMC 2.5V
18:14:52.160,2.510000,BMC 2.5V
18:14:52.660,2.510000,BMC 2.5V
18:14:53.160,2.510000,BMC 2.5V
18:14:53.660,2.510000,BMC 2.5V
18:14:54.160,2.510000,BMC 2.5V
18:14:54.660,2.510000,BMC 2.5V
18:14:55.160,2.510000,BMC 2.5V
18:14:55.660,2.510000,BMC 2.5V
18:14:56.160,2.510000,BMC 2.5V
18:14:56.660,2.510000,BMC 2.5V
18:14:57.160,2.510000,BMC 2.5V
18:14:57.660,2.510000,BMC 2.5V
18:14:58.160,2.510000,BMC 2.5V
18:14:58.660,2.510000,BMC 2.5V
18:14:59.160,2.510000,BMC 2.5V
18:14:59.660,2.510000,BMC 2.5V
18:15:00.160,2.510000,BMC 2.5V
18:15:00.660,2.510000,BMC 2.5V
18:14:48.160,1.810000,BMC 1.8V
18:14:48.660,1.810000,BMC 1.8V
18:14:49.160,1.810000,BMC 1.8V
18:14:49.660,1.810000,BMC 1.8V
18:14:50.160,1.810000,BMC 1.8V
18:14:50.660,1.810000,BMC 1.8V
18:14:51.160,1.810000,BMC 1.8V
18:14:51.660,1.810000,BMC 1.8V
18:14:52.160,1.810000,BMC 1.8V
18:14:52.660,1.810000,BMC 1.8V
18:14:53.160,1.810000,BMC 1.8V
18:14:53.660,1.810000,BMC 1.8V
18:14:54.160,1.810000,BMC 1.8V
18:14:54.660,1.810000,BMC 1.8V
18:14:55.160,1.810000,BMC 1.8V
18:14:55.660,1.810000,BMC 1.8V
18:14:56.160,1.810000,BMC 1.8V
18:14:56.660,1.810000,BMC 1.8V
18:14:57.160,1.810000,BMC 1.8V
18:14:57.660,1.810000,BMC 1.8V
18:14:58.160,1.810000,BMC 1.8V
18:14:58.660,1.810000,BMC 1.8V
18:14:59.160,1.810000,BMC 1.8V
18:14:59.660,1.810000,BMC 1.8V
18:15:00.160,1.810000,BMC 1.8V
18:15:00.660,1.810000,BMC 1.8V
18:14:48.160,1.210000,BMC 1.2V
18:14:48.660,1.210000,BMC 1.2V
18:14:49.160,1.210000,BMC 1.2V
18:14:49.660,1.210000,BMC 1.2V
18:14:50.160,1.210000,BMC 1.2V
18:14:50.660,1.210000,BMC 1.2V
18:14:51.160,1.210000,BMC 1.2V
18:14:51.660,1.210000,BMC 1.2V
18:14:52.160,1.210000,BMC 1.2V
18:14:52.660,1.210000,BMC 1.2V
18:14:53.160,1.210000,BMC 1.2V
18:14:53.660,1.210000,BMC 1.2V
18:14:54.160,1.210000,BMC 1.2V
18:14:54.660,1.210000,BMC 1.2V
18:14:55.160,1.210000,BMC 1.2V
18:14:55.660,1.210000,BMC 1.2V
18:14:56.160,1.210000,BMC 1.2V
18:14:56.660,1.210000,BMC 1.2V
18:14:57.160,1.210000,BMC 1.2V
18:14:57.660,1.210000,BMC 1.2V
18:14:58.160,1.210000,BMC 1.2V
18:14:58.660,1.210000,BMC 1.2V
18:14:59.160,1.210000,BMC 1.2V
18:14:59.660,1.210000,BMC 1.2V
18:15:00.160,1.210000,BMC 1.2V
18:15:00.660,1.210000,BMC 1.2V
18:14:48.160,1.010000,BMC 1.0V
18:14:48.660,1.010000,BMC 1.0V
18:14:49.160,1.010000,BMC 1.0V
18:14:49.660,1.010000,BMC 1.0V
18:14:50.160,1.010000,BMC 1.0V
18:14:50.660,1.010000,BMC 1.0V
18:14:51.160,1.010000,BMC 1.0V
18:14:51.660,1.010000,BMC 1.0V
18:14:52.160,1.010000,BMC 1.0V
18:14:52.660,1.010000,BMC 1.0V
18:14:53.160,1.010000,BMC 1.0V
18:14:53.660,1.010000,BMC 1.0V
18:14:54.160,1.010000,BMC 1.0V
18:14:54.660,1.010000,BMC 1.0V
18:14:55.160,1.010000,BMC 1.0V
18:14:55.660,1.010000,BMC 1.0V
18:14:56.160,1.010000,BMC 1.0V
18:14:56.660,1.010000,BMC 1.0V
18:14:57.160,1.010000,BMC 1.0V
18:14:57.660,1.010000,BMC 1.0V
18:14:58.160,1.010000,BMC 1.0V
18:14:58.660,1.010000,BMC 1.0V
18:14:59.160,1.010000,BMC 1.0V
18:14:59.660,1.010000,BMC 1.0V
18:15:00.160,1.010000,BMC 1.0V
18:15:00.660,1.010000,BMC 1.0V
18:14:48.160,1.060000,CPU_VDDCR0
18:14:48.660,1.060000,CPU_VDDCR0
18:14:49.160,1.060000,CPU_VDDCR0
18:14:49.660,1.060000,CPU_VDDCR0
18:14:50.160,1.060000,CPU_VDDCR0
18:14:50.660,1.060000,CPU_VDDCR0
18:14:51.160,1.060000,CPU_VDDCR0
18:14:51.660,1.060000,CPU_VDDCR0
18:14:52.160,1.060000,CPU_VDDCR0
18:14:52.660,1.060000,CPU_VDDCR0
18:14:53.160,1.060000,CPU_VDDCR0
18:14:53.660,1.060000,CPU_VDDCR0
18:14:54.160,1.060000,CPU_VDDCR0
18:14:54.660,1.060000,CPU_VDDCR0
18:14:55.160,1.060000,CPU_VDDCR0
18:14:55.660,1.060000,CPU_VDDCR0
18:14:56.160,1.060000,CPU_VDDCR0
18:14:56.660,1.060000,CPU_VDDCR0
18:14:57.160,1.060000,CPU_VDDCR0
18:14:57.660,1.060000,CPU_VDDCR0
18:14:58.160,1.060000,CPU_VDDCR0
18:14:58.660,1.060000,CPU_VDDCR0
18:14:59.160,1.060000,CPU_VDDCR0
18:14:59.660,1.060000,CPU_VDDCR0
18:15:00.160,1.060000,CPU_VDDCR0
18:15:00.660,1.060000,CPU_VDDCR0
18:14:48.160,0.970000,CPU_SOC
18:14:48.660,0.970000,CPU_SOC
18:14:49.160,0.970000,CPU_SOC
18:14:49.660,0.970000,CPU_SOC
18:14:50.160,0.970000,CPU_SOC
18:14:50.660,0.970000,CPU_SOC
18:14:51.160,0.970000,CPU_SOC
18:14:51.660,0.970000,CPU_SOC
18:14:52.160,0.970000,CPU_SOC
18:14:52.660,0.970000,CPU_SOC
18:14:53.160,0.970000,CPU_SOC
18:14:53.660,0.970000,CPU_SOC
18:14:54.160,0.970000,CPU_SOC
18:14:54.660,0.970000,CPU_SOC
18:14:55.160,0.970000,CPU_SOC
18:14:55.660,0.970000,CPU_SOC
18:14:56.160,0.970000,CPU_SOC
18:14:56.660,0.970000,CPU_SOC
18:14:57.160,0.970000,CPU_SOC
18:14:57.660,0.970000,CPU_SOC
18:14:58.160,0.970000,CPU_SOC
18:14:58.660,0.970000,CPU_SOC
18:14:59.160,0.970000,CPU_SOC
18:14:59.660,0.970000,CPU_SOC
18:15:00.160,0.970000,CPU_SOC
18:15:00.660,0.970000,CPU_SOC
18:14:48.160,1.060000,CPU_VDDCR1
18:14:48.660,1.060000,CPU_VDDCR1
18:14:49.160,1.060000,CPU_VDDCR1
18:14:49.660,1.060000,CPU_VDDCR1
18:14:50.160,1.060000,CPU_VDDCR1
18:14:50.660,1.060000,CPU_VDDCR1
18:14:51.160,1.060000,CPU_VDDCR1
18:14:51.660,1.060000,CPU_VDDCR1
18:14:52.160,1.060000,CPU_VDDCR1
18:14:52.660,1.060000,CPU_VDDCR1
18:14:53.160,1.060000,CPU_VDDCR1
18:14:53.660,1.060000,CPU_VDDCR1
18:14:54.160,1.060000,CPU_VDDCR1
18:14:54.660,1.060000,CPU_VDDCR1
18:14:55.160,1.060000,CPU_VDDCR1
18:14:55.660,1.060000,CPU_VDDCR1
18:14:56.160,1.060000,CPU_VDDCR1
18:14:56.660,1.060000,CPU_VDDCR1
18:14:57.160,1.060000,CPU_VDDCR1
18:14:57.660,1.060000,CPU_VDDCR1
18:14:58.160,1.060000,CPU_VDDCR1
18:14:58.660,1.060000,CPU_VDDCR1
18:14:59.160,1.060000,CPU_VDDCR1
18:14:59.660,1.060000,CPU_VDDCR1
18:15:00.160,1.060000,CPU_VDDCR1
18:15:00.660,1.060000,CPU_VDDCR1
18:14:48.160,1.090000,CPU_VDDIO
18:14:48.660,1.090000,CPU_VDDIO
18:14:49.160,1.090000,CPU_VDDIO
18:14:49.660,1.090000,CPU_VDDIO
18:14:50.160,1.090000,CPU_VDDIO
18:14:50.660,1.090000,CPU_VDDIO
18:14:51.160,1.090000,CPU_VDDIO
18:14:51.660,1.090000,CPU_VDDIO
18:14:52.160,1.090000,CPU_VDDIO
18:14:52.660,1.090000,CPU_VDDIO
18:14:53.160,1.090000,CPU_VDDIO
18:14:53.660,1.090000,CPU_VDDIO
18:14:54.160,1.090000,CPU_VDDIO
18:14:54.660,1.090000,CPU_VDDIO
18:14:55.160,1.090000,CPU_VDDIO
18:14:55.660,1.090000,CPU_VDDIO
18:14:56.160,1.090000,CPU_VDDIO
18:14:56.660,1.090000,CPU_VDDIO
18:14:57.160,1.090000,CPU_VDDIO
18:14:57.660,1.090000,CPU_VDDIO
18:14:58.160,1.090000,CPU_VDDIO
18:14:58.660,1.090000,CPU_VDDIO
18:14:59.160,1.090000,CPU_VDDIO
18:14:59.660,1.090000,CPU_VDDIO
18:15:00.160,1.090000,CPU_VDDIO
18:15:00.660,1.090000,CPU_VDDIO
18:14:48.160,12.080000,MB 12V
18:14:48.660,12.080000,MB 12V
18:14:49.160,12.080000,MB 12V
18:14:49.660,12.080000,MB 12V
18:14:50.160,12.080000,MB 12V
18:14:50.660,12.080000,MB 12V
18:14:51.160,12.080000,MB 12V
18:14:51.660,12.080000,MB 12V
18:14:52.160,12.080000,MB 12V
18:14:52.660,12.080000,MB 12V
18:14:53.160,12.080000,MB 12V
18:14:53.660,12.080000,MB 12V
18:14:54.160,12.080000,MB 12V
18:14:54.660,12.080000,MB 12V
18:14:55.160,12.080000,MB 12V
18:14:55.660,12.080000,MB 12V
18:14:56.160,12.080000,MB 12V
18:14:56.660,12.080000,MB 12V
18:14:57.160,12.080000,MB 12V
18:14:57.660,12.080000,MB 12V
18:14:58.160,12.080000,MB 12V
18:14:58.660,12.080000,MB 12V
18:14:59.160,12.080000,MB 12V
18:14:59.660,12.080000,MB 12V
18:15:00.160,12.080000,MB 12V
18:15:00.660,12.080000,MB 12V
18:14:48.160,5.180000,MB 5VCC
18:14:48.660,5.180000,MB 5VCC
18:14:49.160,5.180000,MB 5VCC
18:14:49.660,5.180000,MB 5VCC
18:14:50.160,5.180000,MB 5VCC
18:14:50.660,5.180000,MB 5VCC
18:14:51.160,5.180000,MB 5VCC
18:14:51.660,5.180000,MB 5VCC
18:14:52.160,5.180000,MB 5VCC
18:14:52.660,5.180000,MB 5VCC
18:14:53.160,5.180000,MB 5VCC
18:14:53.660,5.180000,MB 5VCC
18:14:54.160,5.180000,MB 5VCC
18:14:54.660,5.180000,MB 5VCC
18:14:55.160,5.180000,MB 5VCC
18:14:55.660,5.180000,MB 5VCC
18:14:56.160,5.180000,MB 5VCC
18:14:56.660,5.180000,MB 5VCC
18:14:57.160,5.180000,MB 5VCC
18:14:57.660,5.180000,MB 5VCC
18:14:58.160,5.180000,MB 5VCC
18:14:58.660,5.180000,MB 5VCC
18:14:59.160,5.180000,MB 5VCC
18:14:59.660,5.180000,MB 5VCC
18:15:00.160,5.180000,MB 5VCC
18:15:00.660,5.180000,MB 5VCC
18:14:48.160,3.400000,MB 3.3VCC
18:14:48.660,3.400000,MB 3.3VCC
18:14:49.160,3.400000,MB 3.3VCC
18:14:49.660,3.400000,MB 3.3VCC
18:14:50.160,3.400000,MB 3.3VCC
18:14:50.660,3.400000,MB 3.3VCC
18:14:51.160,3.400000,MB 3.3VCC
18:14:51.660,3.400000,MB 3.3VCC
18:14:52.160,3.400000,MB 3.3VCC
18:14:52.660,3.400000,MB 3.3VCC
18:14:53.160,3.400000,MB 3.3VCC
18:14:53.660,3.400000,MB 3.3VCC
18:14:54.160,3.400000,MB 3.3VCC
18:14:54.660,3.400000,MB 3.3VCC
18:14:55.160,3.400000,MB 3.3VCC
18:14:55.660,3.400000,MB 3.3VCC
18:14:56.160,3.400000,MB 3.3VCC
18:14:56.660,3.400000,MB 3.3VCC
18:14:57.160,3.400000,MB 3.3VCC
18:14:57.660,3.400000,MB 3.3VCC
18:14:58.160,3.400000,MB 3.3VCC
18:14:58.660,3.400000,MB 3.3VCC
18:14:59.160,3.400000,MB 3.3VCC
18:14:59.660,3.400000,MB 3.3VCC
18:15:00.160,3.400000,MB 3.3VCC
18:15:00.660,3.400000,MB 3.3VCC
18:14:43.101,5.140000,MB 5VSB
18:14:43.601,5.140000,MB 5VSB
18:14:44.101,5.140000,MB 5VSB
18:14:44.601,5.140000,MB 5VSB
18:14:45.101,5.140000,MB 5VSB
18:14:45.601,5.140000,MB 5VSB
18:14:46.101,5.140000,MB 5VSB
18:14:46.601,5.140000,MB 5VSB
18:14:47.101,5.140000,MB 5VSB
18:14:47.601,5.140000,MB 5VSB
18:14:48.101,5.140000,MB 5VSB
18:14:48.601,5.140000,MB 5VSB
18:14:49.101,5.140000,MB 5VSB
18:14:49.601,5.140000,MB 5VSB
18:14:50.101,5.140000,MB 5VSB
18:14:50.601,5.140000,MB 5VSB
18:14:51.101,5.140000,MB 5VSB
18:14:51.601,5.140000,MB 5VSB
18:14:52.101,5.140000,MB 5VSB
18:14:52.601,5.140000,MB 5VSB
18:14:53.101,5.140000,MB 5VSB
18:14:53.601,5.140000,MB 5VSB
18:14:54.101,5.140000,MB 5VSB
18:14:54.601,5.140000,MB 5VSB
18:14:55.101,5.140000,MB 5VSB
18:14:55.601,5.140000,MB 5VSB
18:14:56.101,5.140000,MB 5VSB
18:14:56.601,5.140000,MB 5VSB
18:14:57.101,5.140000,MB 5VSB
18:14:57.601,5.140000,MB 5VSB
18:14:58.101,5.140000,MB 5VSB
18:14:58.601,5.140000,MB 5VSB
18:14:59.101,5.140000,MB 5VSB
18:14:59.601,5.140000,MB 5VSB
18:15:00.101,5.140000,MB 5VSB
18:15:00.601,5.140000,MB 5VSB
18:15:01.101,5.140000,MB 5VSB
18:14:43.101,3.340000,MB 3.3VSB
18:14:43.601,3.340000,MB 3.3VSB
18:14:44.101,3.340000,MB 3.3VSB
18:14:44.601,3.340000,MB 3.3VSB
18:14:45.101,3.340000,MB 3.3VSB
18:14:45.601,3.340000,MB 3.3VSB
18:14:46.101,3.340000,MB 3.3VSB
18:14:46.601,3.340000,MB 3.3VSB
18:14:47.101,3.340000,MB 3.3VSB
18:14:47.601,3.340000,MB 3.3VSB
18:14:48.101,3.340000,MB 3.3VSB
18:14:48.601,3.340000,MB 3.3VSB
18:14:49.101,3.340000,MB 3.3VSB
18:14:49.601,3.340000,MB 3.3VSB
18:14:50.101,3.340000,MB 3.3VSB
18:14:50.601,3.340000,MB 3.3VSB
18:14:51.101,3.340000,MB 3.3VSB
18:14:51.601,3.340000,MB 3.3VSB
18:14:52.101,3.340000,MB 3.3VSB
18:14:52.601,3.340000,MB 3.3VSB
18:14:53.101,3.340000,MB 3.3VSB
18:14:53.601,3.340000,MB 3.3VSB
18:14:54.101,3.340000,MB 3.3VSB
18:14:54.601,3.340000,MB 3.3VSB
18:14:55.101,3.340000,MB 3.3VSB
18:14:55.601,3.340000,MB 3.3VSB
18:14:56.101,3.340000,MB 3.3VSB
18:14:56.601,3.340000,MB 3.3VSB
18:14:57.101,3.340000,MB 3.3VSB
18:14:57.601,3.340000,MB 3.3VSB
18:14:58.101,3.340000,MB 3.3VSB
18:14:58.601,3.340000,MB 3.3VSB
18:14:59.101,3.340000,MB 3.3VSB
18:14:59.601,3.340000,MB 3.3VSB
18:15:00.101,3.340000,MB 3.3VSB
18:15:00.601,3.340000,MB 3.3VSB
18:15:01.101,3.340000,MB 3.3VSB
18:14:43.101,1.810000,MB 1.8VSB
18:14:43.601,1.810000,MB 1.8VSB
18:14:44.101,1.810000,MB 1.8VSB
18:14:44.601,1.810000,MB 1.8VSB
18:14:45.101,1.810000,MB 1.8VSB
18:14:45.601,1.810000,MB 1.8VSB
18:14:46.101,1.810000,MB 1.8VSB
18:14:46.601,1.810000,MB 1.8VSB
18:14:47.101,1.810000,MB 1.8VSB
18:14:47.601,1.810000,MB 1.8VSB
18:14:48.101,1.810000,MB 1.8VSB
18:14:48.601,1.810000,MB 1.8VSB
18:14:49.101,1.810000,MB 1.8VSB
18:14:49.601,1.810000,MB 1.8VSB
18:14:50.101,1.810000,MB 1.8VSB
18:14:50.601,1.810000,MB 1.8VSB
18:14:51.101,1.810000,MB 1.8VSB
18:14:51.601,1.810000,MB 1.8VSB
18:14:52.101,1.810000,MB 1.8VSB
18:14:52.601,1.810000,MB 1.8VSB
18:14:53.101,1.810000,MB 1.8VSB
18:14:53.601,1.810000,MB 1.8VSB
18:14:54.101,1.810000,MB 1.8VSB
18:14:54.601,1.810000,MB 1.8VSB
18:14:55.101,1.810000,MB 1.8VSB
18:14:55.601,1.810000,MB 1.8VSB
18:14:56.101,1.810000,MB 1.8VSB
18:14:56.601,1.810000,MB 1.8VSB
18:14:57.101,1.810000,MB 1.8VSB
18:14:57.601,1.810000,MB 1.8VSB
18:14:58.101,1.810000,MB 1.8VSB
18:14:58.601,1.810000,MB 1.8VSB
18:14:59.101,1.810000,MB 1.8VSB
18:14:59.601,1.810000,MB 1.8VSB
18:15:00.101,1.810000,MB 1.8VSB
18:15:00.601,1.810000,MB 1.8VSB
18:15:01.101,1.810000,MB 1.8VSB
18:14:43.101,2.510000,BMC 2.5V
18:14:43.601,2.510000,BMC 2.5V
18:14:44.101,2.510000,BMC 2.5V
18:14:44.601,2.510000,BMC 2.5V
18:14:45.101,2.510000,BMC 2.5V
18:14:45.601,2.510000,BMC 2.5V
18:14:46.101,2.510000,BMC 2.5V
18:14:46.601,2.510000,BMC 2.5V
18:14:47.101,2.510000,BMC 2.5V
18:14:47.601,2.510000,BMC 2.5V
18:14:48.101,2.510000,BMC 2.5V
18:14:48.601,2.510000,BMC 2.5V
18:14:49.101,2.510000,BMC 2.5V
18:14:49.601,2.510000,BMC 2.5V
18:14:50.101,2.510000,BMC 2.5V
18:14:50.601,2.510000,BMC 2.5V
18:14:51.101,2.510000,BMC 2.5V
18:14:51.601,2.510000,BMC 2.5V
18:14:52.101,2.510000,BMC 2.5V
18:14:52.601,2.510000,BMC 2.5V
18:14:53.101,2.510000,BMC 2.5V
18:14:53.601,2.510000,BMC 2.5V
18:14:54.101,2.510000,BMC 2.5V
18:14:54.601,2.510000,BMC 2.5V
18:14:55.101,2.510000,BMC 2.5V
18:14:55.601,2.510000,BMC 2.5V
18:14:56.101,2.510000,BMC 2.5V
18:14:56.601,2.510000,BMC 2.5V
18:14:57.101,2.510000,BMC 2.5V
18:14:57.601,2.510000,BMC 2.5V
18:14:58.101,2.510000,BMC 2.5V
18:14:58.601,2.510000,BMC 2.5V
18:14:59.101,2.510000,BMC 2.5V
18:14:59.601,2.510000,BMC 2.5V
18:15:00.101,2.510000,BMC 2.5V
18:15:00.601,2.510000,BMC 2.5V
18:15:01.101,2.510000,BMC 2.5V
18:14:43.101,1.810000,BMC 1.8V
18:14:43.601,1.810000,BMC 1.8V
18:14:44.101,1.810000,BMC 1.8V
18:14:44.601,1.810000,BMC 1.8V
18:14:45.101,1.810000,BMC 1.8V
18:14:45.601,1.810000,BMC 1.8V
18:14:46.101,1.810000,BMC 1.8V
18:14:46.601,1.810000,BMC 1.8V
18:14:47.101,1.810000,BMC 1.8V
18:14:47.601,1.810000,BMC 1.8V
18:14:48.101,1.810000,BMC 1.8V
18:14:48.601,1.810000,BMC 1.8V
18:14:49.101,1.810000,BMC 1.8V
18:14:49.601,1.810000,BMC 1.8V
18:14:50.101,1.810000,BMC 1.8V
18:14:50.601,1.810000,BMC 1.8V
18:14:51.101,1.810000,BMC 1.8V
18:14:51.601,1.810000,BMC 1.8V
18:14:52.101,1.810000,BMC 1.8V
18:14:52.601,1.810000,BMC 1.8V
18:14:53.101,1.810000,BMC 1.8V
18:14:53.601,1.810000,BMC 1.8V
18:14:54.101,1.810000,BMC 1.8V
18:14:54.601,1.810000,BMC 1.8V
18:14:55.101,1.810000,BMC 1.8V
18:14:55.601,1.810000,BMC 1.8V
18:14:56.101,1.810000,BMC 1.8V
18:14:56.601,1.810000,BMC 1.8V
18:14:57.101,1.810000,BMC 1.8V
18:14:57.601,1.810000,BMC 1.8V
18:14:58.101,1.810000,BMC 1.8V
18:14:58.601,1.810000,BMC 1.8V
18:14:59.101,1.810000,BMC 1.8V
18:14:59.601,1.810000,BMC 1.8V
18:15:00.101,1.810000,BMC 1.8V
18:15:00.601,1.810000,BMC 1.8V
18:15:01.101,1.810000,BMC 1.8V
18:14:43.101,1.210000,BMC 1.2V
18:14:43.601,1.210000,BMC 1.2V
18:14:44.101,1.210000,BMC 1.2V
18:14:44.601,1.210000,BMC 1.2V
18:14:45.101,1.210000,BMC 1.2V
18:14:45.601,1.210000,BMC 1.2V
18:14:46.101,1.210000,BMC 1.2V
18:14:46.601,1.210000,BMC 1.2V
18:14:47.101,1.210000,BMC 1.2V
18:14:47.601,1.210000,BMC 1.2V
18:14:48.101,1.210000,BMC 1.2V
18:14:48.601,1.210000,BMC 1.2V
18:14:49.101,1.210000,BMC 1.2V
18:14:49.601,1.210000,BMC 1.2V
18:14:50.101,1.210000,BMC 1.2V
18:14:50.601,1.210000,BMC 1.2V
18:14:51.101,1.210000,BMC 1.2V
18:14:51.601,1.210000,BMC 1.2V
18:14:52.101,1.210000,BMC 1.2V
18:14:52.601,1.210000,BMC 1.2V
18:14:53.101,1.210000,BMC 1.2V
18:14:53.601,1.210000,BMC 1.2V
18:14:54.101,1.210000,BMC 1.2V
18:14:54.601,1.210000,BMC 1.2V
18:14:55.101,1.210000,BMC 1.2V
18:14:55.601,1.210000,BMC 1.2V
18:14:56.101,1.210000,BMC 1.2V
18:14:56.601,1.210000,BMC 1.2V
18:14:57.101,1.210000,BMC 1.2V
18:14:57.601,1.210000,BMC 1.2V
18:14:58.101,1.210000,BMC 1.2V
18:14:58.601,1.210000,BMC 1.2V
18:14:59.101,1.210000,BMC 1.2V
18:14:59.601,1.210000,BMC 1.2V
18:15:00.101,1.210000,BMC 1.2V
18:15:00.601,1.210000,BMC 1.2V
18:15:01.101,1.210000,BMC 1.2V
18:14:43.101,1.010000,BMC 1.0V
18:14:43.601,1.010000,BMC 1.0V
18:14:44.101,1.010000,BMC 1.0V
18:14:44.601,1.010000,BMC 1.0V
18:14:45.101,1.010000,BMC 1.0V
18:14:45.601,1.010000,BMC 1.0V
18:14:46.101,1.010000,BMC 1.0V
18:14:46.601,1.010000,BMC 1.0V
18:14:47.101,1.010000,BMC 1.0V
18:14:47.601,1.010000,BMC 1.0V
18:14:48.101,1.010000,BMC 1.0V
18:14:48.601,1.010000,BMC 1.0V
18:14:49.101,1.010000,BMC 1.0V
18:14:49.601,1.010000,BMC 1.0V
18:14:50.101,1.010000,BMC 1.0V
18:14:50.601,1.010000,BMC 1.0V
18:14:51.101,1.010000,BMC 1.0V
18:14:51.601,1.010000,BMC 1.0V
18:14:52.101,1.010000,BMC 1.0V
18:14:52.601,1.010000,BMC 1.0V
18:14:53.101,1.010000,BMC 1.0V
18:14:53.601,1.010000,BMC 1.0V
18:14:54.101,1.010000,BMC 1.0V
18:14:54.601,1.010000,BMC 1.0V
18:14:55.101,1.010000,BMC 1.0V
18:14:55.601,1.010000,BMC 1.0V
18:14:56.101,1.010000,BMC 1.0V
18:14:56.601,1.010000,BMC 1.0V
18:14:57.101,1.010000,BMC 1.0V
18:14:57.601,1.010000,BMC 1.0V
18:14:58.101,1.010000,BMC 1.0V
18:14:58.601,1.010000,BMC 1.0V
18:14:59.101,1.010000,BMC 1.0V
18:14:59.601,1.010000,BMC 1.0V
18:15:00.101,1.010000,BMC 1.0V
18:15:00.601,1.010000,BMC 1.0V
18:15:01.101,1.010000,BMC 1.0V
18:14:43.101,1.050000,CPU_VDDCR0
18:14:43.601,1.050000,CPU_VDDCR0
18:14:44.101,1.050000,CPU_VDDCR0
18:14:44.601,1.050000,CPU_VDDCR0
18:14:45.101,1.050000,CPU_VDDCR0
18:14:45.601,1.050000,CPU_VDDCR0
18:14:46.101,1.050000,CPU_VDDCR0
18:14:46.601,1.050000,CPU_VDDCR0
18:14:47.101,1.050000,CPU_VDDCR0
18:14:47.601,1.050000,CPU_VDDCR0
18:14:48.101,1.060000,CPU_VDDCR0
18:14:48.601,1.060000,CPU_VDDCR0
18:14:49.101,1.060000,CPU_VDDCR0
18:14:49.601,1.060000,CPU_VDDCR0
18:14:50.101,1.060000,CPU_VDDCR0
18:14:50.601,1.060000,CPU_VDDCR0
18:14:51.101,1.060000,CPU_VDDCR0
18:14:51.601,1.060000,CPU_VDDCR0
18:14:52.101,1.060000,CPU_VDDCR0
18:14:52.601,1.060000,CPU_VDDCR0
18:14:53.101,1.060000,CPU_VDDCR0
18:14:53.601,1.060000,CPU_VDDCR0
18:14:54.101,1.060000,CPU_VDDCR0
18:14:54.601,1.060000,CPU_VDDCR0
18:14:55.101,1.060000,CPU_VDDCR0
18:14:55.601,1.060000,CPU_VDDCR0
18:14:56.101,1.060000,CPU_VDDCR0
18:14:56.601,1.060000,CPU_VDDCR0
18:14:57.101,1.060000,CPU_VDDCR0
18:14:57.601,1.060000,CPU_VDDCR0
18:14:58.101,1.060000,CPU_VDDCR0
18:14:58.601,1.060000,CPU_VDDCR0
18:14:59.101,1.060000,CPU_VDDCR0
18:14:59.601,1.060000,CPU_VDDCR0
18:15:00.101,1.060000,CPU_VDDCR0
18:15:00.601,1.060000,CPU_VDDCR0
18:15:01.101,1.060000,CPU_VDDCR0
18:14:43.101,0.970000,CPU_SOC
18:14:43.601,0.970000,CPU_SOC
18:14:44.101,0.970000,CPU_SOC
18:14:44.601,0.970000,CPU_SOC
18:14:45.101,0.970000,CPU_SOC
18:14:45.601,0.970000,CPU_SOC
18:14:46.101,0.970000,CPU_SOC
18:14:46.601,0.970000,CPU_SOC
18:14:47.101,0.970000,CPU_SOC
18:14:47.601,0.970000,CPU_SOC
18:14:48.101,0.970000,CPU_SOC
18:14:48.601,0.970000,CPU_SOC
18:14:49.101,0.970000,CPU_SOC
18:14:49.601,0.970000,CPU_SOC
18:14:50.101,0.970000,CPU_SOC
18:14:50.601,0.970000,CPU_SOC
18:14:51.101,0.970000,CPU_SOC
18:14:51.601,0.970000,CPU_SOC
18:14:52.101,0.970000,CPU_SOC
18:14:52.601,0.970000,CPU_SOC
18:14:53.101,0.970000,CPU_SOC
18:14:53.601,0.970000,CPU_SOC
18:14:54.101,0.970000,CPU_SOC
18:14:54.601,0.970000,CPU_SOC
18:14:55.101,0.970000,CPU_SOC
18:14:55.601,0.970000,CPU_SOC
18:14:56.101,0.970000,CPU_SOC
18:14:56.601,0.970000,CPU_SOC
18:14:57.101,0.970000,CPU_SOC
18:14:57.601,0.970000,CPU_SOC
18:14:58.101,0.970000,CPU_SOC
18:14:58.601,0.970000,CPU_SOC
18:14:59.101,0.970000,CPU_SOC
18:14:59.601,0.970000,CPU_SOC
18:15:00.101,0.970000,CPU_SOC
18:15:00.601,0.970000,CPU_SOC
18:15:01.101,0.970000,CPU_SOC
18:14:43.101,1.060000,CPU_VDDCR1
18:14:43.601,1.060000,CPU_VDDCR1
18:14:44.101,1.060000,CPU_VDDCR1
18:14:44.601,1.060000,CPU_VDDCR1
18:14:45.101,1.060000,CPU_VDDCR1
18:14:45.601,1.060000,CPU_VDDCR1
18:14:46.101,1.060000,CPU_VDDCR1
18:14:46.601,1.060000,CPU_VDDCR1
18:14:47.101,1.060000,CPU_VDDCR1
18:14:47.601,1.060000,CPU_VDDCR1
18:14:48.101,1.060000,CPU_VDDCR1
18:14:48.601,1.060000,CPU_VDDCR1
18:14:49.101,1.060000,CPU_VDDCR1
18:14:49.601,1.060000,CPU_VDDCR1
18:14:50.101,1.060000,CPU_VDDCR1
18:14:50.601,1.060000,CPU_VDDCR1
18:14:51.101,1.060000,CPU_VDDCR1
18:14:51.601,1.060000,CPU_VDDCR1
18:14:52.101,1.060000,CPU_VDDCR1
18:14:52.601,1.060000,CPU_VDDCR1
18:14:53.101,1.060000,CPU_VDDCR1
18:14:53.601,1.060000,CPU_VDDCR1
18:14:54.101,1.060000,CPU_VDDCR1
18:14:54.601,1.060000,CPU_VDDCR1
18:14:55.101,1.060000,CPU_VDDCR1
18:14:55.601,1.060000,CPU_VDDCR1
18:14:56.101,1.060000,CPU_VDDCR1
18:14:56.601,1.060000,CPU_VDDCR1
18:14:57.101,1.060000,CPU_VDDCR1
18:14:57.601,1.060000,CPU_VDDCR1
18:14:58.101,1.060000,CPU_VDDCR1
18:14:58.601,1.060000,CPU_VDDCR1
18:14:59.101,1.060000,CPU_VDDCR1
18:14:59.601,1.060000,CPU_VDDCR1
18:15:00.101,1.060000,CPU_VDDCR1
18:15:00.601,1.060000,CPU_VDDCR1
18:15:01.101,1.060000,CPU_VDDCR1
18:14:43.101,1.090000,CPU_VDDIO
18:14:43.601,1.090000,CPU_VDDIO
18:14:44.101,1.090000,CPU_VDDIO
18:14:44.601,1.090000,CPU_VDDIO
18:14:45.101,1.090000,CPU_VDDIO
18:14:45.601,1.090000,CPU_VDDIO
18:14:46.101,1.090000,CPU_VDDIO
18:14:46.601,1.090000,CPU_VDDIO
18:14:47.101,1.090000,CPU_VDDIO
18:14:47.601,1.090000,CPU_VDDIO
18:14:48.101,1.090000,CPU_VDDIO
18:14:48.601,1.090000,CPU_VDDIO
18:14:49.101,1.090000,CPU_VDDIO
18:14:49.601,1.090000,CPU_VDDIO
18:14:50.101,1.090000,CPU_VDDIO
18:14:50.601,1.090000,CPU_VDDIO
18:14:51.101,1.090000,CPU_VDDIO
18:14:51.601,1.090000,CPU_VDDIO
18:14:52.101,1.090000,CPU_VDDIO
18:14:52.601,1.090000,CPU_VDDIO
18:14:53.101,1.090000,CPU_VDDIO
18:14:53.601,1.090000,CPU_VDDIO
18:14:54.101,1.090000,CPU_VDDIO
18:14:54.601,1.090000,CPU_VDDIO
18:14:55.101,1.090000,CPU_VDDIO
18:14:55.601,1.090000,CPU_VDDIO
18:14:56.101,1.090000,CPU_VDDIO
18:14:56.601,1.090000,CPU_VDDIO
18:14:57.101,1.090000,CPU_VDDIO
18:14:57.601,1.090000,CPU_VDDIO
18:14:58.101,1.090000,CPU_VDDIO
18:14:58.601,1.090000,CPU_VDDIO
18:14:59.101,1.090000,CPU_VDDIO
18:14:59.601,1.090000,CPU_VDDIO
18:15:00.101,1.090000,CPU_VDDIO
18:15:00.601,1.090000,CPU_VDDIO
18:15:01.101,1.090000,CPU_VDDIO
18:14:43.101,12.080000,MB 12V
18:14:43.601,12.080000,MB 12V
18:14:44.101,12.080000,MB 12V
18:14:44.601,12.080000,MB 12V
18:14:45.101,12.080000,MB 12V
18:14:45.601,12.080000,MB 12V
18:14:46.101,12.080000,MB 12V
18:14:46.601,12.080000,MB 12V
18:14:47.101,12.080000,MB 12V
18:14:47.601,12.080000,MB 12V
18:14:48.101,12.080000,MB 12V
18:14:48.601,12.080000,MB 12V
18:14:49.101,12.080000,MB 12V
18:14:49.601,12.080000,MB 12V
18:14:50.101,12.080000,MB 12V
18:14:50.601,12.080000,MB 12V
18:14:51.101,12.080000,MB 12V
18:14:51.601,12.080000,MB 12V
18:14:52.101,12.080000,MB 12V
18:14:52.601,12.080000,MB 12V
18:14:53.101,12.080000,MB 12V
18:14:53.601,12.080000,MB 12V
18:14:54.101,12.080000,MB 12V
18:14:54.601,12.080000,MB 12V
18:14:55.101,12.080000,MB 12V
18:14:55.601,12.080000,MB 12V
18:14:56.101,12.080000,MB 12V
18:14:56.601,12.080000,MB 12V
18:14:57.101,12.080000,MB 12V
18:14:57.601,12.080000,MB 12V
18:14:58.101,12.080000,MB 12V
18:14:58.601,12.080000,MB 12V
18:14:59.101,12.080000,MB 12V
18:14:59.601,12.080000,MB 12V
18:15:00.101,12.080000,MB 12V
18:15:00.601,12.080000,MB 12V
18:15:01.101,12.080000,MB 12V
18:14:43.101,5.180000,MB 5VCC
18:14:43.601,5.180000,MB 5VCC
18:14:44.101,5.180000,MB 5VCC
18:14:44.601,5.180000,MB 5VCC
18:14:45.101,5.180000,MB 5VCC
18:14:45.601,5.180000,MB 5VCC
18:14:46.101,5.180000,MB 5VCC
18:14:46.601,5.180000,MB 5VCC
18:14:47.101,5.180000,MB 5VCC
18:14:47.601,5.180000,MB 5VCC
18:14:48.101,5.180000,MB 5VCC
18:14:48.601,5.180000,MB 5VCC
18:14:49.101,5.180000,MB 5VCC
18:14:49.601,5.180000,MB 5VCC
18:14:50.101,5.180000,MB 5VCC
18:14:50.601,5.180000,MB 5VCC
18:14:51.101,5.180000,MB 5VCC
18:14:51.601,5.180000,MB 5VCC
18:14:52.101,5.180000,MB 5VCC
18:14:52.601,5.180000,MB 5VCC
18:14:53.101,5.180000,MB 5VCC
18:14:53.601,5.180000,MB 5VCC
18:14:54.101,5.180000,MB 5VCC
18:14:54.601,5.180000,MB 5VCC
18:14:55.101,5.180000,MB 5VCC
18:14:55.601,5.180000,MB 5VCC
18:14:56.101,5.180000,MB 5VCC
18:14:56.601,5.180000,MB 5VCC
18:14:57.101,5.180000,MB 5VCC
18:14:57.601,5.180000,MB 5VCC
18:14:58.101,5.180000,MB 5VCC
18:14:58.601,5.180000,MB 5VCC
18:14:59.101,5.180000,MB 5VCC
18:14:59.601,5.180000,MB 5VCC
18:15:00.101,5.180000,MB 5VCC
18:15:00.601,5.180000,MB 5VCC
18:15:01.101,5.180000,MB 5VCC
18:14:43.101,3.400000,MB 3.3VCC
18:14:43.601,3.400000,MB 3.3VCC
18:14:44.101,3.400000,MB 3.3VCC
18:14:44.601,3.400000,MB 3.3VCC
18:14:45.101,3.400000,MB 3.3VCC
18:14:45.601,3.400000,MB 3.3VCC
18:14:46.101,3.400000,MB 3.3VCC
18:14:46.601,3.400000,MB 3.3VCC
18:14:47.101,3.400000,MB 3.3VCC
18:14:47.601,3.400000,MB 3.3VCC
18:14:48.101,3.400000,MB 3.3VCC
18:14:48.601,3.400000,MB 3.3VCC
18:14:49.101,3.400000,MB 3.3VCC
18:14:49.601,3.400000,MB 3.3VCC
18:14:50.101,3.400000,MB 3.3VCC
18:14:50.601,3.400000,MB 3.3VCC
18:14:51.101,3.400000,MB 3.3VCC
18:14:51.601,3.400000,MB 3.3VCC
18:14:52.101,3.400000,MB 3.3VCC
18:14:52.601,3.400000,MB 3.3VCC
18:14:53.101,3.400000,MB 3.3VCC
18:14:53.601,3.400000,MB 3.3VCC
18:14:54.101,3.400000,MB 3.3VCC
18:14:54.601,3.400000,MB 3.3VCC
18:14:55.101,3.400000,MB 3.3VCC
18:14:55.601,3.400000,MB 3.3VCC
18:14:56.101,3.400000,MB 3.3VCC
18:14:56.601,3.400000,MB 3.3VCC
18:14:57.101,3.400000,MB 3.3VCC
18:14:57.601,3.400000,MB 3.3VCC
18:14:58.101,3.400000,MB 3.3VCC
18:14:58.601,3.400000,MB 3.3VCC
18:14:59.101,3.400000,MB 3.3VCC
18:14:59.601,3.400000,MB 3.3VCC
18:15:00.101,3.400000,MB 3.3VCC
18:15:00.601,3.400000,MB 3.3VCC
18:15:01.101,3.400000,MB 3.3VCC
18:14:52.148,5.140000,MB 5VSB
18:14:52.648,5.140000,MB 5VSB
18:14:53.148,5.140000,MB 5VSB
18:14:53.648,5.140000,MB 5VSB
18:14:54.148,5.140000,MB 5VSB
18:14:54.648,5.140000,MB 5VSB
18:14:55.148,5.140000,MB 5VSB
18:14:55.648,5.140000,MB 5VSB
18:14:56.148,5.140000,MB 5VSB
18:14:56.648,5.140000,MB 5VSB
18:14:57.148,5.140000,MB 5VSB
18:14:57.648,5.140000,MB 5VSB
18:14:58.148,5.140000,MB 5VSB
18:14:58.648,5.140000,MB 5VSB
18:14:59.148,5.140000,MB 5VSB
18:14:59.648,5.140000,MB 5VSB
18:15:00.148,5.140000,MB 5VSB
18:15:00.648,5.140000,MB 5VSB
18:15:01.148,5.140000,MB 5VSB
18:15:01.648,5.140000,MB 5VSB
18:15:02.148,5.140000,MB 5VSB
18:14:52.148,3.340000,MB 3.3VSB
18:14:52.648,3.340000,MB 3.3VSB
18:14:53.148,3.340000,MB 3.3VSB
18:14:53.648,3.340000,MB 3.3VSB
18:14:54.148,3.340000,MB 3.3VSB
18:14:54.648,3.340000,MB 3.3VSB
18:14:55.148,3.340000,MB 3.3VSB
18:14:55.648,3.340000,MB 3.3VSB
18:14:56.148,3.340000,MB 3.3VSB
18:14:56.648,3.340000,MB 3.3VSB
18:14:57.148,3.340000,MB 3.3VSB
18:14:57.648,3.340000,MB 3.3VSB
18:14:58.148,3.340000,MB 3.3VSB
18:14:58.648,3.340000,MB 3.3VSB
18:14:59.148,3.340000,MB 3.3VSB
18:14:59.648,3.340000,MB 3.3VSB
18:15:00.148,3.340000,MB 3.3VSB
18:15:00.648,3.340000,MB 3.3VSB
18:15:01.148,3.340000,MB 3.3VSB
18:15:01.648,3.340000,MB 3.3VSB
18:15:02.148,3.340000,MB 3.3VSB
18:14:52.148,1.810000,MB 1.8VSB
18:14:52.648,1.810000,MB 1.8VSB
18:14:53.148,1.810000,MB 1.8VSB
18:14:53.648,1.810000,MB 1.8VSB
18:14:54.148,1.810000,MB 1.8VSB
18:14:54.648,1.810000,MB 1.8VSB
18:14:55.148,1.810000,MB 1.8VSB
18:14:55.648,1.810000,MB 1.8VSB
18:14:56.148,1.810000,MB 1.8VSB
18:14:56.648,1.810000,MB 1.8VSB
18:14:57.148,1.810000,MB 1.8VSB
18:14:57.648,1.810000,MB 1.8VSB
18:14:58.148,1.810000,MB 1.8VSB
18:14:58.648,1.810000,MB 1.8VSB
18:14:59.148,1.810000,MB 1.8VSB
18:14:59.648,1.810000,MB 1.8VSB
18:15:00.148,1.810000,MB 1.8VSB
18:15:00.648,1.810000,MB 1.8VSB
18:15:01.148,1.810000,MB 1.8VSB
18:15:01.648,1.810000,MB 1.8VSB
18:15:02.148,1.810000,MB 1.8VSB
18:14:52.148,2.510000,BMC 2.5V
18:14:52.648,2.510000,BMC 2.5V
18:14:53.148,2.510000,BMC 2.5V
18:14:53.648,2.510000,BMC 2.5V
18:14:54.148,2.510000,BMC 2.5V
18:14:54.648,2.510000,BMC 2.5V
18:14:55.148,2.510000,BMC 2.5V
18:14:55.648,2.510000,BMC 2.5V
18:14:56.148,2.510000,BMC 2.5V
18:14:56.648,2.510000,BMC 2.5V
18:14:57.148,2.510000,BMC 2.5V
18:14:57.648,2.510000,BMC 2.5V
18:14:58.148,2.510000,BMC 2.5V
18:14:58.648,2.510000,BMC 2.5V
18:14:59.148,2.510000,BMC 2.5V
18:14:59.648,2.510000,BMC 2.5V
18:15:00.148,2.510000,BMC 2.5V
18:15:00.648,2.510000,BMC 2.5V
18:15:01.148,2.510000,BMC 2.5V
18:15:01.648,2.510000,BMC 2.5V
18:15:02.148,2.510000,BMC 2.5V
18:14:52.148,1.810000,BMC 1.8V
18:14:52.648,1.810000,BMC 1.8V
18:14:53.148,1.810000,BMC 1.8V
18:14:53.648,1.810000,BMC 1.8V
18:14:54.148,1.810000,BMC 1.8V
18:14:54.648,1.810000,BMC 1.8V
18:14:55.148,1.810000,BMC 1.8V
18:14:55.648,1.810000,BMC 1.8V
18:14:56.148,1.810000,BMC 1.8V
18:14:56.648,1.810000,BMC 1.8V
18:14:57.148,1.810000,BMC 1.8V
18:14:57.648,1.810000,BMC 1.8V
18:14:58.148,1.810000,BMC 1.8V
18:14:58.648,1.810000,BMC 1.8V
18:14:59.148,1.810000,BMC 1.8V
18:14:59.648,1.810000,BMC 1.8V
18:15:00.148,1.810000,BMC 1.8V
18:15:00.648,1.810000,BMC 1.8V
18:15:01.148,1.810000,BMC 1.8V
18:15:01.648,1.810000,BMC 1.8V
18:15:02.148,1.810000,BMC 1.8V
18:14:52.148,1.210000,BMC 1.2V
18:14:52.648,1.210000,BMC 1.2V
18:14:53.148,1.210000,BMC 1.2V
18:14:53.648,1.210000,BMC 1.2V
18:14:54.148,1.210000,BMC 1.2V
18:14:54.648,1.210000,BMC 1.2V
18:14:55.148,1.210000,BMC 1.2V
18:14:55.648,1.210000,BMC 1.2V
18:14:56.148,1.210000,BMC 1.2V
18:14:56.648,1.210000,BMC 1.2V
18:14:57.148,1.210000,BMC 1.2V
18:14:57.648,1.210000,BMC 1.2V
18:14:58.148,1.210000,BMC 1.2V
18:14:58.648,1.210000,BMC 1.2V
18:14:59.148,1.210000,BMC 1.2V
18:14:59.648,1.210000,BMC 1.2V
18:15:00.148,1.210000,BMC 1.2V
18:15:00.648,1.210000,BMC 1.2V
18:15:01.148,1.210000,BMC 1.2V
18:15:01.648,1.210000,BMC 1.2V
18:15:02.148,1.210000,BMC 1.2V
18:14:52.148,1.010000,BMC 1.0V
18:14:52.648,1.010000,BMC 1.0V
18:14:53.148,1.010000,BMC 1.0V
18:14:53.648,1.010000,BMC 1.0V
18:14:54.148,1.010000,BMC 1.0V
18:14:54.648,1.010000,BMC 1.0V
18:14:55.148,1.010000,BMC 1.0V
18:14:55.648,1.010000,BMC 1.0V
18:14:56.148,1.010000,BMC 1.0V
18:14:56.648,1.010000,BMC 1.0V
18:14:57.148,1.010000,BMC 1.0V
18:14:57.648,1.010000,BMC 1.0V
18:14:58.148,1.010000,BMC 1.0V
18:14:58.648,1.010000,BMC 1.0V
18:14:59.148,1.010000,BMC 1.0V
18:14:59.648,1.010000,BMC 1.0V
18:15:00.148,1.010000,BMC 1.0V
18:15:00.648,1.010000,BMC 1.0V
18:15:01.148,1.010000,BMC 1.0V
18:15:01.648,1.010000,BMC 1.0V
18:15:02.148,1.010000,BMC 1.0V
18:14:52.148,1.060000,CPU_VDDCR0
18:14:52.648,1.060000,CPU_VDDCR0
18:14:53.148,1.060000,CPU_VDDCR0
18:14:53.648,1.060000,CPU_VDDCR0
18:14:54.148,1.060000,CPU_VDDCR0
18:14:54.648,1.060000,CPU_VDDCR0
18:14:55.148,1.060000,CPU_VDDCR0
18:14:55.648,1.060000,CPU_VDDCR0
18:14:56.148,1.060000,CPU_VDDCR0
18:14:56.648,1.060000,CPU_VDDCR0
18:14:57.148,1.060000,CPU_VDDCR0
18:14:57.648,1.060000,CPU_VDDCR0
18:14:58.148,1.060000,CPU_VDDCR0
18:14:58.648,1.060000,CPU_VDDCR0
18:14:59.148,1.060000,CPU_VDDCR0
18:14:59.648,1.060000,CPU_VDDCR0
18:15:00.148,1.060000,CPU_VDDCR0
18:15:00.648,1.060000,CPU_VDDCR0
18:15:01.148,1.060000,CPU_VDDCR0
18:15:01.648,1.060000,CPU_VDDCR0
18:15:02.148,1.060000,CPU_VDDCR0
18:14:52.148,0.970000,CPU_SOC
18:14:52.648,0.970000,CPU_SOC
18:14:53.148,0.970000,CPU_SOC
18:14:53.648,0.970000,CPU_SOC
18:14:54.148,0.970000,CPU_SOC
18:14:54.648,0.970000,CPU_SOC
18:14:55.148,0.970000,CPU_SOC
18:14:55.648,0.970000,CPU_SOC
18:14:56.148,0.970000,CPU_SOC
18:14:56.648,0.970000,CPU_SOC
18:14:57.148,0.970000,CPU_SOC
18:14:57.648,0.970000,CPU_SOC
18:14:58.148,0.970000,CPU_SOC
18:14:58.648,0.970000,CPU_SOC
18:14:59.148,0.970000,CPU_SOC
18:14:59.648,0.970000,CPU_SOC
18:15:00.148,0.970000,CPU_SOC
18:15:00.648,0.970000,CPU_SOC
18:15:01.148,0.970000,CPU_SOC
18:15:01.648,0.970000,CPU_SOC
18:15:02.148,0.970000,CPU_SOC
18:14:52.148,1.060000,CPU_VDDCR1
18:14:52.648,1.060000,CPU_VDDCR1
18:14:53.148,1.060000,CPU_VDDCR1
18:14:53.648,1.060000,CPU_VDDCR1
18:14:54.148,1.060000,CPU_VDDCR1
18:14:54.648,1.060000,CPU_VDDCR1
18:14:55.148,1.060000,CPU_VDDCR1
18:14:55.648,1.060000,CPU_VDDCR1
18:14:56.148,1.060000,CPU_VDDCR1
18:14:56.648,1.060000,CPU_VDDCR1
18:14:57.148,1.060000,CPU_VDDCR1
18:14:57.648,1.060000,CPU_VDDCR1
18:14:58.148,1.060000,CPU_VDDCR1
18:14:58.648,1.060000,CPU_VDDCR1
18:14:59.148,1.060000,CPU_VDDCR1
18:14:59.648,1.060000,CPU_VDDCR1
18:15:00.148,1.060000,CPU_VDDCR1
18:15:00.648,1.060000,CPU_VDDCR1
18:15:01.148,1.060000,CPU_VDDCR1
18:15:01.648,1.060000,CPU_VDDCR1
18:15:02.148,1.060000,CPU_VDDCR1
18:14:52.148,1.090000,CPU_VDDIO
18:14:52.648,1.090000,CPU_VDDIO
18:14:53.148,1.090000,CPU_VDDIO
18:14:53.648,1.090000,CPU_VDDIO
18:14:54.148,1.090000,CPU_VDDIO
18:14:54.648,1.090000,CPU_VDDIO
18:14:55.148,1.090000,CPU_VDDIO
18:14:55.648,1.090000,CPU_VDDIO
18:14:56.148,1.090000,CPU_VDDIO
18:14:56.648,1.090000,CPU_VDDIO
18:14:57.148,1.090000,CPU_VDDIO
18:14:57.648,1.090000,CPU_VDDIO
18:14:58.148,1.090000,CPU_VDDIO
18:14:58.648,1.090000,CPU_VDDIO
18:14:59.148,1.090000,CPU_VDDIO
18:14:59.648,1.090000,CPU_VDDIO
18:15:00.148,1.090000,CPU_VDDIO
18:15:00.648,1.090000,CPU_VDDIO
18:15:01.148,1.090000,CPU_VDDIO
18:15:01.648,1.090000,CPU_VDDIO
18:15:02.148,1.090000,CPU_VDDIO
18:14:52.148,12.080000,MB 12V
18:14:52.648,12.080000,MB 12V
18:14:53.148,12.080000,MB 12V
18:14:53.648,12.080000,MB 12V
18:14:54.148,12.080000,MB 12V
18:14:54.648,12.080000,MB 12V
18:14:55.148,12.080000,MB 12V
18:14:55.648,12.080000,MB 12V
18:14:56.148,12.080000,MB 12V
18:14:56.648,12.080000,MB 12V
18:14:57.148,12.080000,MB 12V
18:14:57.648,12.080000,MB 12V
18:14:58.148,12.080000,MB 12V
18:14:58.648,12.080000,MB 12V
18:14:59.148,12.080000,MB 12V
18:14:59.648,12.080000,MB 12V
18:15:00.148,12.080000,MB 12V
18:15:00.648,12.080000,MB 12V
18:15:01.148,12.080000,MB 12V
18:15:01.648,12.080000,MB 12V
18:15:02.148,12.080000,MB 12V
18:14:52.148,5.180000,MB 5VCC
18:14:52.648,5.180000,MB 5VCC
18:14:53.148,5.180000,MB 5VCC
18:14:53.648,5.180000,MB 5VCC
18:14:54.148,5.180000,MB 5VCC
18:14:54.648,5.180000,MB 5VCC
18:14:55.148,5.180000,MB 5VCC
18:14:55.648,5.180000,MB 5VCC
18:14:56.148,5.180000,MB 5VCC
18:14:56.648,5.180000,MB 5VCC
18:14:57.148,5.180000,MB 5VCC
18:14:57.648,5.180000,MB 5VCC
18:14:58.148,5.180000,MB 5VCC
18:14:58.648,5.180000,MB 5VCC
18:14:59.148,5.180000,MB 5VCC
18:14:59.648,5.180000,MB 5VCC
18:15:00.148,5.180000,MB 5VCC
18:15:00.648,5.180000,MB 5VCC
18:15:01.148,5.180000,MB 5VCC
18:15:01.648,5.180000,MB 5VCC
18:15:02.148,5.180000,MB 5VCC
18:14:52.148,3.400000,MB 3.3VCC
18:14:52.648,3.400000,MB 3.3VCC
18:14:53.148,3.400000,MB 3.3VCC
18:14:53.648,3.400000,MB 3.3VCC
18:14:54.148,3.400000,MB 3.3VCC
18:14:54.648,3.400000,MB 3.3VCC
18:14:55.148,3.400000,MB 3.3VCC
18:14:55.648,3.400000,MB 3.3VCC
18:14:56.148,3.400000,MB 3.3VCC
18:14:56.648,3.400000,MB 3.3VCC
18:14:57.148,3.400000,MB 3.3VCC
18:14:57.648,3.400000,MB 3.3VCC
18:14:58.148,3.400000,MB 3.3VCC
18:14:58.648,3.400000,MB 3.3VCC
18:14:59.148,3.400000,MB 3.3VCC
18:14:59.648,3.400000,MB 3.3VCC
18:15:00.148,3.400000,MB 3.3VCC
18:15:00.648,3.400000,MB 3.3VCC
18:15:01.148,3.400000,MB 3.3VCC
18:15:01.648,3.400000,MB 3.3VCC
18:15:02.148,3.400000,MB 3.3VCC
18:14:52.197,5.140000,MB 5VSB
18:14:52.697,5.140000,MB 5VSB
18:14:53.197,5.140000,MB 5VSB
18:14:53.697,5.140000,MB 5VSB
18:14:54.197,5.140000,MB 5VSB
18:14:54.697,5.140000,MB 5VSB
18:14:55.197,5.140000,MB 5VSB
18:14:55.697,5.140000,MB 5VSB
18:14:56.197,5.140000,MB 5VSB
18:14:56.697,5.140000,MB 5VSB
18:14:57.197,5.140000,MB 5VSB
18:14:57.697,5.140000,MB 5VSB
18:14:58.197,5.140000,MB 5VSB
18:14:58.697,5.140000,MB 5VSB
18:14:59.197,5.140000,MB 5VSB
18:14:59.697,5.140000,MB 5VSB
18:15:00.197,5.140000,MB 5VSB
18:15:00.697,5.140000,MB 5VSB
18:15:01.197,5.140000,MB 5VSB
18:15:01.697,5.140000,MB 5VSB
18:15:02.197,5.140000,MB 5VSB
18:14:52.197,3.340000,MB 3.3VSB
18:14:52.697,3.340000,MB 3.3VSB
18:14:53.197,3.340000,MB 3.3VSB
18:14:53.697,3.340000,MB 3.3VSB
18:14:54.197,3.340000,MB 3.3VSB
18:14:54.697,3.340000,MB 3.3VSB
18:14:55.197,3.340000,MB 3.3VSB
18:14:55.697,3.340000,MB 3.3VSB
18:14:56.197,3.340000,MB 3.3VSB
18:14:56.697,3.340000,MB 3.3VSB
18:14:57.197,3.340000,MB 3.3VSB
18:14:57.697,3.340000,MB 3.3VSB
18:14:58.197,3.340000,MB 3.3VSB
18:14:58.697,3.340000,MB 3.3VSB
18:14:59.197,3.340000,MB 3.3VSB
18:14:59.697,3.340000,MB 3.3VSB
18:15:00.197,3.340000,MB 3.3VSB
18:15:00.697,3.340000,MB 3.3VSB
18:15:01.197,3.340000,MB 3.3VSB
18:15:01.697,3.340000,MB 3.3VSB
18:15:02.197,3.340000,MB 3.3VSB
18:14:52.197,1.810000,MB 1.8VSB
18:14:52.697,1.810000,MB 1.8VSB
18:14:53.197,1.810000,MB 1.8VSB
18:14:53.697,1.810000,MB 1.8VSB
18:14:54.197,1.810000,MB 1.8VSB
18:14:54.697,1.810000,MB 1.8VSB
18:14:55.197,1.810000,MB 1.8VSB
18:14:55.697,1.810000,MB 1.8VSB
18:14:56.197,1.810000,MB 1.8VSB
18:14:56.697,1.810000,MB 1.8VSB
18:14:57.197,1.810000,MB 1.8VSB
18:14:57.697,1.810000,MB 1.8VSB
18:14:58.197,1.810000,MB 1.8VSB
18:14:58.697,1.810000,MB 1.8VSB
18:14:59.197,1.810000,MB 1.8VSB
18:14:59.697,1.810000,MB 1.8VSB
18:15:00.197,1.810000,MB 1.8VSB
18:15:00.697,1.810000,MB 1.8VSB
18:15:01.197,1.810000,MB 1.8VSB
18:15:01.697,1.810000,MB 1.8VSB
18:15:02.197,1.810000,MB 1.8VSB
18:14:52.197,2.510000,BMC 2.5V
18:14:52.697,2.510000,BMC 2.5V
18:14:53.197,2.510000,BMC 2.5V
18:14:53.697,2.510000,BMC 2.5V
18:14:54.197,2.510000,BMC 2.5V
18:14:54.697,2.510000,BMC 2.5V
18:14:55.197,2.510000,BMC 2.5V
18:14:55.697,2.510000,BMC 2.5V
18:14:56.197,2.510000,BMC 2.5V
18:14:56.697,2.510000,BMC 2.5V
18:14:57.197,2.510000,BMC 2.5V
18:14:57.697,2.510000,BMC 2.5V
18:14:58.197,2.510000,BMC 2.5V
18:14:58.697,2.510000,BMC 2.5V
18:14:59.197,2.510000,BMC 2.5V
18:14:59.697,2.510000,BMC 2.5V
18:15:00.197,2.510000,BMC 2.5V
18:15:00.697,2.510000,BMC 2.5V
18:15:01.197,2.510000,BMC 2.5V
18:15:01.697,2.510000,BMC 2.5V
18:15:02.197,2.510000,BMC 2.5V
18:14:52.197,1.810000,BMC 1.8V
18:14:52.697,1.810000,BMC 1.8V
18:14:53.197,1.810000,BMC 1.8V
18:14:53.697,1.810000,BMC 1.8V
18:14:54.197,1.810000,BMC 1.8V
18:14:54.697,1.810000,BMC 1.8V
18:14:55.197,1.810000,BMC 1.8V
18:14:55.697,1.810000,BMC 1.8V
18:14:56.197,1.810000,BMC 1.8V
18:14:56.697,1.810000,BMC 1.8V
18:14:57.197,1.810000,BMC 1.8V
18:14:57.697,1.810000,BMC 1.8V
18:14:58.197,1.810000,BMC 1.8V
18:14:58.697,1.810000,BMC 1.8V
18:14:59.197,1.810000,BMC 1.8V
18:14:59.697,1.810000,BMC 1.8V
18:15:00.197,1.810000,BMC 1.8V
18:15:00.697,1.810000,BMC 1.8V
18:15:01.197,1.810000,BMC 1.8V
18:15:01.697,1.810000,BMC 1.8V
18:15:02.197,1.810000,BMC 1.8V
18:14:52.197,1.210000,BMC 1.2V
18:14:52.697,1.210000,BMC 1.2V
18:14:53.197,1.210000,BMC 1.2V
18:14:53.697,1.210000,BMC 1.2V
18:14:54.197,1.210000,BMC 1.2V
18:14:54.697,1.210000,BMC 1.2V
18:14:55.197,1.210000,BMC 1.2V
18:14:55.697,1.210000,BMC 1.2V
18:14:56.197,1.210000,BMC 1.2V
18:14:56.697,1.210000,BMC 1.2V
18:14:57.197,1.210000,BMC 1.2V
18:14:57.697,1.210000,BMC 1.2V
18:14:58.197,1.210000,BMC 1.2V
18:14:58.697,1.210000,BMC 1.2V
18:14:59.197,1.210000,BMC 1.2V
18:14:59.697,1.210000,BMC 1.2V
18:15:00.197,1.210000,BMC 1.2V
18:15:00.697,1.210000,BMC 1.2V
18:15:01.197,1.210000,BMC 1.2V
18:15:01.697,1.210000,BMC 1.2V
18:15:02.197,1.210000,BMC 1.2V
18:14:52.197,1.010000,BMC 1.0V
18:14:52.697,1.010000,BMC 1.0V
18:14:53.197,1.010000,BMC 1.0V
18:14:53.697,1.010000,BMC 1.0V
18:14:54.197,1.010000,BMC 1.0V
18:14:54.697,1.010000,BMC 1.0V
18:14:55.197,1.010000,BMC 1.0V
18:14:55.697,1.010000,BMC 1.0V
18:14:56.197,1.010000,BMC 1.0V
18:14:56.697,1.010000,BMC 1.0V
18:14:57.197,1.010000,BMC 1.0V
18:14:57.697,1.010000,BMC 1.0V
18:14:58.197,1.010000,BMC 1.0V
18:14:58.697,1.010000,BMC 1.0V
18:14:59.197,1.010000,BMC 1.0V
18:14:59.697,1.010000,BMC 1.0V
18:15:00.197,1.010000,BMC 1.0V
18:15:00.697,1.010000,BMC 1.0V
18:15:01.197,1.010000,BMC 1.0V
18:15:01.697,1.010000,BMC 1.0V
18:15:02.197,1.010000,BMC 1.0V
18:14:52.197,1.060000,CPU_VDDCR0
18:14:52.697,1.060000,CPU_VDDCR0
18:14:53.197,1.060000,CPU_VDDCR0
18:14:53.697,1.060000,CPU_VDDCR0
18:14:54.197,1.060000,CPU_VDDCR0
18:14:54.697,1.060000,CPU_VDDCR0
18:14:55.197,1.060000,CPU_VDDCR0
18:14:55.697,1.060000,CPU_VDDCR0
18:14:56.197,1.060000,CPU_VDDCR0
18:14:56.697,1.060000,CPU_VDDCR0
18:14:57.197,1.060000,CPU_VDDCR0
18:14:57.697,1.060000,CPU_VDDCR0
18:14:58.197,1.060000,CPU_VDDCR0
18:14:58.697,1.060000,CPU_VDDCR0
18:14:59.197,1.060000,CPU_VDDCR0
18:14:59.697,1.060000,CPU_VDDCR0
18:15:00.197,1.060000,CPU_VDDCR0
18:15:00.697,1.060000,CPU_VDDCR0
18:15:01.197,1.060000,CPU_VDDCR0
18:15:01.697,1.060000,CPU_VDDCR0
18:15:02.197,1.060000,CPU_VDDCR0
18:14:52.197,0.970000,CPU_SOC
18:14:52.697,0.970000,CPU_SOC
18:14:53.197,0.970000,CPU_SOC
18:14:53.697,0.970000,CPU_SOC
18:14:54.197,0.970000,CPU_SOC
18:14:54.697,0.970000,CPU_SOC
18:14:55.197,0.970000,CPU_SOC
18:14:55.697,0.970000,CPU_SOC
18:14:56.197,0.970000,CPU_SOC
18:14:56.697,0.970000,CPU_SOC
18:14:57.197,0.970000,CPU_SOC
18:14:57.697,0.970000,CPU_SOC
18:14:58.197,0.970000,CPU_SOC
18:14:58.697,0.970000,CPU_SOC
18:14:59.197,0.970000,CPU_SOC
18:14:59.697,0.970000,CPU_SOC
18:15:00.197,0.970000,CPU_SOC
18:15:00.697,0.970000,CPU_SOC
18:15:01.197,0.970000,CPU_SOC
18:15:01.697,0.970000,CPU_SOC
18:15:02.197,0.970000,CPU_SOC
18:14:52.197,1.060000,CPU_VDDCR1
18:14:52.697,1.060000,CPU_VDDCR1
18:14:53.197,1.060000,CPU_VDDCR1
18:14:53.697,1.060000,CPU_VDDCR1
18:14:54.197,1.060000,CPU_VDDCR1
18:14:54.697,1.060000,CPU_VDDCR1
18:14:55.197,1.060000,CPU_VDDCR1
18:14:55.697,1.060000,CPU_VDDCR1
18:14:56.197,1.060000,CPU_VDDCR1
18:14:56.697,1.060000,CPU_VDDCR1
18:14:57.197,1.060000,CPU_VDDCR1
18:14:57.697,1.060000,CPU_VDDCR1
18:14:58.197,1.060000,CPU_VDDCR1
18:14:58.697,1.060000,CPU_VDDCR1
18:14:59.197,1.060000,CPU_VDDCR1
18:14:59.697,1.060000,CPU_VDDCR1
18:15:00.197,1.060000,CPU_VDDCR1
18:15:00.697,1.060000,CPU_VDDCR1
18:15:01.197,1.060000,CPU_VDDCR1
18:15:01.697,1.060000,CPU_VDDCR1
18:15:02.197,1.060000,CPU_VDDCR1
18:14:52.197,1.090000,CPU_VDDIO
18:14:52.697,1.090000,CPU_VDDIO
18:14:53.197,1.090000,CPU_VDDIO
18:14:53.697,1.090000,CPU_VDDIO
18:14:54.197,1.090000,CPU_VDDIO
18:14:54.697,1.090000,CPU_VDDIO
18:14:55.197,1.090000,CPU_VDDIO
18:14:55.697,1.090000,CPU_VDDIO
18:14:56.197,1.090000,CPU_VDDIO
18:14:56.697,1.090000,CPU_VDDIO
18:14:57.197,1.090000,CPU_VDDIO
18:14:57.697,1.090000,CPU_VDDIO
18:14:58.197,1.090000,CPU_VDDIO
18:14:58.697,1.090000,CPU_VDDIO
18:14:59.197,1.090000,CPU_VDDIO
18:14:59.697,1.090000,CPU_VDDIO
18:15:00.197,1.090000,CPU_VDDIO
18:15:00.697,1.090000,CPU_VDDIO
18:15:01.197,1.090000,CPU_VDDIO
18:15:01.697,1.090000,CPU_VDDIO
18:15:02.197,1.090000,CPU_VDDIO
18:14:52.197,12.080000,MB 12V
18:14:52.697,12.080000,MB 12V
18:14:53.197,12.080000,MB 12V
18:14:53.697,12.080000,MB 12V
18:14:54.197,12.080000,MB 12V
18:14:54.697,12.080000,MB 12V
18:14:55.197,12.080000,MB 12V
18:14:55.697,12.080000,MB 12V
18:14:56.197,12.080000,MB 12V
18:14:56.697,12.080000,MB 12V
18:14:57.197,12.080000,MB 12V
18:14:57.697,12.080000,MB 12V
18:14:58.197,12.080000,MB 12V
18:14:58.697,12.080000,MB 12V
18:14:59.197,12.080000,MB 12V
18:14:59.697,12.080000,MB 12V
18:15:00.197,12.080000,MB 12V
18:15:00.697,12.080000,MB 12V
18:15:01.197,12.080000,MB 12V
18:15:01.697,12.080000,MB 12V
18:15:02.197,12.080000,MB 12V
18:14:52.197,5.180000,MB 5VCC
18:14:52.697,5.180000,MB 5VCC
18:14:53.197,5.180000,MB 5VCC
18:14:53.697,5.180000,MB 5VCC
18:14:54.197,5.180000,MB 5VCC
18:14:54.697,5.180000,MB 5VCC
18:14:55.197,5.180000,MB 5VCC
18:14:55.697,5.180000,MB 5VCC
18:14:56.197,5.180000,MB 5VCC
18:14:56.697,5.180000,MB 5VCC
18:14:57.197,5.180000,MB 5VCC
18:14:57.697,5.180000,MB 5VCC
18:14:58.197,5.180000,MB 5VCC
18:14:58.697,5.180000,MB 5VCC
18:14:59.197,5.180000,MB 5VCC
18:14:59.697,5.180000,MB 5VCC
18:15:00.197,5.180000,MB 5VCC
18:15:00.697,5.180000,MB 5VCC
18:15:01.197,5.180000,MB 5VCC
18:15:01.697,5.180000,MB 5VCC
18:15:02.197,5.180000,MB 5VCC
18:14:52.197,3.400000,MB 3.3VCC
18:14:52.697,3.400000,MB 3.3VCC
18:14:53.197,3.400000,MB 3.3VCC
18:14:53.697,3.400000,MB 3.3VCC
18:14:54.197,3.400000,MB 3.3VCC
18:14:54.697,3.400000,MB 3.3VCC
18:14:55.197,3.400000,MB 3.3VCC
18:14:55.697,3.400000,MB 3.3VCC
18:14:56.197,3.400000,MB 3.3VCC
18:14:56.697,3.400000,MB 3.3VCC
18:14:57.197,3.400000,MB 3.3VCC
18:14:57.697,3.400000,MB 3.3VCC
18:14:58.197,3.400000,MB 3.3VCC
18:14:58.697,3.400000,MB 3.3VCC
18:14:59.197,3.400000,MB 3.3VCC
18:14:59.697,3.400000,MB 3.3VCC
18:15:00.197,3.400000,MB 3.3VCC
18:15:00.697,3.400000,MB 3.3VCC
18:15:01.197,3.400000,MB 3.3VCC
18:15:01.697,3.400000,MB 3.3VCC
18:15:02.197,3.400000,MB 3.3VCC
18:14:52.197,5.140000,MB 5VSB
18:14:52.697,5.140000,MB 5VSB
18:14:53.197,5.140000,MB 5VSB
18:14:53.697,5.140000,MB 5VSB
18:14:54.197,5.140000,MB 5VSB
18:14:54.697,5.140000,MB 5VSB
18:14:55.197,5.140000,MB 5VSB
18:14:55.697,5.140000,MB 5VSB
18:14:56.197,5.140000,MB 5VSB
18:14:56.697,5.140000,MB 5VSB
18:14:57.197,5.140000,MB 5VSB
18:14:57.697,5.140000,MB 5VSB
18:14:58.197,5.140000,MB 5VSB
18:14:58.697,5.140000,MB 5VSB
18:14:59.197,5.140000,MB 5VSB
18:14:59.697,5.140000,MB 5VSB
18:15:00.197,5.140000,MB 5VSB
18:15:00.697,5.140000,MB 5VSB
18:15:01.197,5.140000,MB 5VSB
18:15:01.697,5.140000,MB 5VSB
18:15:02.197,5.140000,MB 5VSB
18:15:02.697,5.140000,MB 5VSB
18:15:03.197,5.140000,MB 5VSB
18:15:03.697,5.140000,MB 5VSB
18:15:04.197,5.140000,MB 5VSB
18:14:52.197,3.340000,MB 3.3VSB
18:14:52.697,3.340000,MB 3.3VSB
18:14:53.197,3.340000,MB 3.3VSB
18:14:53.697,3.340000,MB 3.3VSB
18:14:54.197,3.340000,MB 3.3VSB
18:14:54.697,3.340000,MB 3.3VSB
18:14:55.197,3.340000,MB 3.3VSB
18:14:55.697,3.340000,MB 3.3VSB
18:14:56.197,3.340000,MB 3.3VSB
18:14:56.697,3.340000,MB 3.3VSB
18:14:57.197,3.340000,MB 3.3VSB
18:14:57.697,3.340000,MB 3.3VSB
18:14:58.197,3.340000,MB 3.3VSB
18:14:58.697,3.340000,MB 3.3VSB
18:14:59.197,3.340000,MB 3.3VSB
18:14:59.697,3.340000,MB 3.3VSB
18:15:00.197,3.340000,MB 3.3VSB
18:15:00.697,3.340000,MB 3.3VSB
18:15:01.197,3.340000,MB 3.3VSB
18:15:01.697,3.340000,MB 3.3VSB
18:15:02.197,3.340000,MB 3.3VSB
18:15:02.697,3.340000,MB 3.3VSB
18:15:03.197,3.340000,MB 3.3VSB
18:15:03.697,3.340000,MB 3.3VSB
18:15:04.197,3.340000,MB 3.3VSB
18:14:52.197,1.810000,MB 1.8VSB
18:14:52.697,1.810000,MB 1.8VSB
18:14:53.197,1.810000,MB 1.8VSB
18:14:53.697,1.810000,MB 1.8VSB
18:14:54.197,1.810000,MB 1.8VSB
18:14:54.697,1.810000,MB 1.8VSB
18:14:55.197,1.810000,MB 1.8VSB
18:14:55.697,1.810000,MB 1.8VSB
18:14:56.197,1.810000,MB 1.8VSB
18:14:56.697,1.810000,MB 1.8VSB
18:14:57.197,1.810000,MB 1.8VSB
18:14:57.697,1.810000,MB 1.8VSB
18:14:58.197,1.810000,MB 1.8VSB
18:14:58.697,1.810000,MB 1.8VSB
18:14:59.197,1.810000,MB 1.8VSB
18:14:59.697,1.810000,MB 1.8VSB
18:15:00.197,1.810000,MB 1.8VSB
18:15:00.697,1.810000,MB 1.8VSB
18:15:01.197,1.810000,MB 1.8VSB
18:15:01.697,1.810000,MB 1.8VSB
18:15:02.197,1.810000,MB 1.8VSB
18:15:02.697,1.810000,MB 1.8VSB
18:15:03.197,1.810000,MB 1.8VSB
18:15:03.697,1.810000,MB 1.8VSB
18:15:04.197,1.810000,MB 1.8VSB
18:14:52.197,2.510000,BMC 2.5V
18:14:52.697,2.510000,BMC 2.5V
18:14:53.197,2.530000,BMC 2.5V
18:14:53.697,2.530000,BMC 2.5V
18:14:54.197,2.530000,BMC 2.5V
18:14:54.697,2.530000,BMC 2.5V
18:14:55.197,2.530000,BMC 2.5V
18:14:55.697,2.530000,BMC 2.5V
18:14:56.197,2.530000,BMC 2.5V
18:14:56.697,2.530000,BMC 2.5V
18:14:57.197,2.530000,BMC 2.5V
18:14:57.697,2.530000,BMC 2.5V
18:14:58.197,2.530000,BMC 2.5V
18:14:58.697,2.530000,BMC 2.5V
18:14:59.197,2.530000,BMC 2.5V
18:14:59.697,2.530000,BMC 2.5V
18:15:00.197,2.530000,BMC 2.5V
18:15:00.697,2.530000,BMC 2.5V
18:15:01.197,2.530000,BMC 2.5V
18:15:01.697,2.530000,BMC 2.5V
18:15:02.197,2.530000,BMC 2.5V
18:15:02.697,2.530000,BMC 2.5V
18:15:03.197,2.530000,BMC 2.5V
18:15:03.697,2.530000,BMC 2.5V
18:15:04.197,2.530000,BMC 2.5V
18:14:52.197,1.810000,BMC 1.8V
18:14:52.697,1.810000,BMC 1.8V
18:14:53.197,1.810000,BMC 1.8V
18:14:53.697,1.810000,BMC 1.8V
18:14:54.197,1.810000,BMC 1.8V
18:14:54.697,1.810000,BMC 1.8V
18:14:55.197,1.810000,BMC 1.8V
18:14:55.697,1.810000,BMC 1.8V
18:14:56.197,1.810000,BMC 1.8V
18:14:56.697,1.810000,BMC 1.8V
18:14:57.197,1.810000,BMC 1.8V
18:14:57.697,1.810000,BMC 1.8V
18:14:58.197,1.810000,BMC 1.8V
18:14:58.697,1.810000,BMC 1.8V
18:14:59.197,1.810000,BMC 1.8V
18:14:59.697,1.810000,BMC 1.8V
18:15:00.197,1.810000,BMC 1.8V
18:15:00.697,1.810000,BMC 1.8V
18:15:01.197,1.810000,BMC 1.8V
18:15:01.697,1.810000,BMC 1.8V
18:15:02.197,1.810000,BMC 1.8V
18:15:02.697,1.810000,BMC 1.8V
18:15:03.197,1.810000,BMC 1.8V
18:15:03.697,1.810000,BMC 1.8V
18:15:04.197,1.810000,BMC 1.8V
18:14:52.197,1.210000,BMC 1.2V
18:14:52.697,1.210000,BMC 1.2V
18:14:53.197,1.210000,BMC 1.2V
18:14:53.697,1.210000,BMC 1.2V
18:14:54.197,1.210000,BMC 1.2V
18:14:54.697,1.210000,BMC 1.2V
18:14:55.197,1.210000,BMC 1.2V
18:14:55.697,1.210000,BMC 1.2V
18:14:56.197,1.210000,BMC 1.2V
18:14:56.697,1.210000,BMC 1.2V
18:14:57.197,1.210000,BMC 1.2V
18:14:57.697,1.210000,BMC 1.2V
18:14:58.197,1.210000,BMC 1.2V
18:14:58.697,1.210000,BMC 1.2V
18:14:59.197,1.210000,BMC 1.2V
18:14:59.697,1.210000,BMC 1.2V
18:15:00.197,1.210000,BMC 1.2V
18:15:00.697,1.210000,BMC 1.2V
18:15:01.197,1.210000,BMC 1.2V
18:15:01.697,1.210000,BMC 1.2V
18:15:02.197,1.210000,BMC 1.2V
18:15:02.697,1.210000,BMC 1.2V
18:15:03.197,1.210000,BMC 1.2V
18:15:03.697,1.210000,BMC 1.2V
18:15:04.197,1.210000,BMC 1.2V
18:14:52.197,1.010000,BMC 1.0V
18:14:52.697,1.010000,BMC 1.0V
18:14:53.197,1.010000,BMC 1.0V
18:14:53.697,1.010000,BMC 1.0V
18:14:54.197,1.010000,BMC 1.0V
18:14:54.697,1.010000,BMC 1.0V
18:14:55.197,1.010000,BMC 1.0V
18:14:55.697,1.010000,BMC 1.0V
18:14:56.197,1.010000,BMC 1.0V
18:14:56.697,1.010000,BMC 1.0V
18:14:57.197,1.010000,BMC 1.0V
18:14:57.697,1.010000,BMC 1.0V
18:14:58.197,1.010000,BMC 1.0V
18:14:58.697,1.010000,BMC 1.0V
18:14:59.197,1.010000,BMC 1.0V
18:14:59.697,1.010000,BMC 1.0V
18:15:00.197,1.010000,BMC 1.0V
18:15:00.697,1.010000,BMC 1.0V
18:15:01.197,1.010000,BMC 1.0V
18:15:01.697,1.010000,BMC 1.0V
18:15:02.197,1.010000,BMC 1.0V
18:15:02.697,1.010000,BMC 1.0V
18:15:03.197,1.010000,BMC 1.0V
18:15:03.697,1.010000,BMC 1.0V
18:15:04.197,1.010000,BMC 1.0V
18:14:52.197,1.060000,CPU_VDDCR0
18:14:52.697,1.060000,CPU_VDDCR0
18:14:53.197,1.050000,CPU_VDDCR0
18:14:53.697,1.050000,CPU_VDDCR0
18:14:54.197,1.050000,CPU_VDDCR0
18:14:54.697,1.050000,CPU_VDDCR0
18:14:55.197,1.050000,CPU_VDDCR0
18:14:55.697,1.050000,CPU_VDDCR0
18:14:56.197,1.050000,CPU_VDDCR0
18:14:56.697,1.050000,CPU_VDDCR0
18:14:57.197,1.050000,CPU_VDDCR0
18:14:57.697,1.050000,CPU_VDDCR0
18:14:58.197,1.050000,CPU_VDDCR0
18:14:58.697,1.050000,CPU_VDDCR0
18:14:59.197,1.050000,CPU_VDDCR0
18:14:59.697,1.050000,CPU_VDDCR0
18:15:00.197,1.050000,CPU_VDDCR0
18:15:00.697,1.050000,CPU_VDDCR0
18:15:01.197,1.050000,CPU_VDDCR0
18:15:01.697,1.050000,CPU_VDDCR0
18:15:02.197,1.050000,CPU_VDDCR0
18:15:02.697,1.050000,CPU_VDDCR0
18:15:03.197,1.050000,CPU_VDDCR0
18:15:03.697,1.050000,CPU_VDDCR0
18:15:04.197,1.050000,CPU_VDDCR0
18:14:52.197,0.970000,CPU_SOC
18:14:52.697,0.970000,CPU_SOC
18:14:53.197,0.970000,CPU_SOC
18:14:53.697,0.970000,CPU_SOC
18:14:54.197,0.970000,CPU_SOC
18:14:54.697,0.970000,CPU_SOC
18:14:55.197,0.970000,CPU_SOC
18:14:55.697,0.970000,CPU_SOC
18:14:56.197,0.970000,CPU_SOC
18:14:56.697,0.970000,CPU_SOC
18:14:57.197,0.970000,CPU_SOC
18:14:57.697,0.970000,CPU_SOC
18:14:58.197,0.970000,CPU_SOC
18:14:58.697,0.970000,CPU_SOC
18:14:59.197,0.970000,CPU_SOC
18:14:59.697,0.970000,CPU_SOC
18:15:00.197,0.970000,CPU_SOC
18:15:00.697,0.970000,CPU_SOC
18:15:01.197,0.970000,CPU_SOC
18:15:01.697,0.970000,CPU_SOC
18:15:02.197,0.970000,CPU_SOC
18:15:02.697,0.970000,CPU_SOC
18:15:03.197,0.970000,CPU_SOC
18:15:03.697,0.970000,CPU_SOC
18:15:04.197,0.970000,CPU_SOC
18:14:52.197,1.060000,CPU_VDDCR1
18:14:52.697,1.060000,CPU_VDDCR1
18:14:53.197,0.830000,CPU_VDDCR1
18:14:53.697,0.830000,CPU_VDDCR1
18:14:54.197,0.830000,CPU_VDDCR1
18:14:54.697,0.830000,CPU_VDDCR1
18:14:55.197,0.830000,CPU_VDDCR1
18:14:55.697,0.830000,CPU_VDDCR1
18:14:56.197,0.830000,CPU_VDDCR1
18:14:56.697,0.830000,CPU_VDDCR1
18:14:57.197,0.830000,CPU_VDDCR1
18:14:57.697,0.830000,CPU_VDDCR1
18:14:58.197,0.830000,CPU_VDDCR1
18:14:58.697,0.830000,CPU_VDDCR1
18:14:59.197,0.830000,CPU_VDDCR1
18:14:59.697,0.830000,CPU_VDDCR1
18:15:00.197,0.830000,CPU_VDDCR1
18:15:00.697,0.830000,CPU_VDDCR1
18:15:01.197,0.830000,CPU_VDDCR1
18:15:01.697,0.830000,CPU_VDDCR1
18:15:02.197,0.830000,CPU_VDDCR1
18:15:02.697,0.830000,CPU_VDDCR1
18:15:03.197,0.830000,CPU_VDDCR1
18:15:03.697,0.830000,CPU_VDDCR1
18:15:04.197,0.830000,CPU_VDDCR1
18:14:52.197,1.090000,CPU_VDDIO
18:14:52.697,1.090000,CPU_VDDIO
18:14:53.197,1.090000,CPU_VDDIO
18:14:53.697,1.090000,CPU_VDDIO
18:14:54.197,1.090000,CPU_VDDIO
18:14:54.697,1.090000,CPU_VDDIO
18:14:55.197,1.090000,CPU_VDDIO
18:14:55.697,1.090000,CPU_VDDIO
18:14:56.197,1.090000,CPU_VDDIO
18:14:56.697,1.090000,CPU_VDDIO
18:14:57.197,1.090000,CPU_VDDIO
18:14:57.697,1.090000,CPU_VDDIO
18:14:58.197,1.090000,CPU_VDDIO
18:14:58.697,1.090000,CPU_VDDIO
18:14:59.197,1.090000,CPU_VDDIO
18:14:59.697,1.090000,CPU_VDDIO
18:15:00.197,1.090000,CPU_VDDIO
18:15:00.697,1.090000,CPU_VDDIO
18:15:01.197,1.090000,CPU_VDDIO
18:15:01.697,1.090000,CPU_VDDIO
18:15:02.197,1.090000,CPU_VDDIO
18:15:02.697,1.090000,CPU_VDDIO
18:15:03.197,1.090000,CPU_VDDIO
18:15:03.697,1.090000,CPU_VDDIO
18:15:04.197,1.090000,CPU_VDDIO
18:14:52.197,12.080000,MB 12V
18:14:52.697,12.080000,MB 12V
18:14:53.197,12.080000,MB 12V
18:14:53.697,12.080000,MB 12V
18:14:54.197,12.080000,MB 12V
18:14:54.697,12.080000,MB 12V
18:14:55.197,12.080000,MB 12V
18:14:55.697,12.080000,MB 12V
18:14:56.197,12.080000,MB 12V
18:14:56.697,12.080000,MB 12V
18:14:57.197,12.080000,MB 12V
18:14:57.697,12.080000,MB 12V
18:14:58.197,12.080000,MB 12V
18:14:58.697,12.080000,MB 12V
18:14:59.197,12.080000,MB 12V
18:14:59.697,12.080000,MB 12V
18:15:00.197,12.080000,MB 12V
18:15:00.697,12.080000,MB 12V
18:15:01.197,12.080000,MB 12V
18:15:01.697,12.080000,MB 12V
18:15:02.197,12.080000,MB 12V
18:15:02.697,12.080000,MB 12V
18:15:03.197,12.080000,MB 12V
18:15:03.697,12.080000,MB 12V
18:15:04.197,12.080000,MB 12V
18:14:52.197,5.180000,MB 5VCC
18:14:52.697,5.180000,MB 5VCC
18:14:53.197,5.180000,MB 5VCC
18:14:53.697,5.180000,MB 5VCC
18:14:54.197,5.180000,MB 5VCC
18:14:54.697,5.180000,MB 5VCC
18:14:55.197,5.180000,MB 5VCC
18:14:55.697,5.180000,MB 5VCC
18:14:56.197,5.180000,MB 5VCC
18:14:56.697,5.180000,MB 5VCC
18:14:57.197,5.180000,MB 5VCC
18:14:57.697,5.180000,MB 5VCC
18:14:58.197,5.180000,MB 5VCC
18:14:58.697,5.180000,MB 5VCC
18:14:59.197,5.180000,MB 5VCC
18:14:59.697,5.180000,MB 5VCC
18:15:00.197,5.180000,MB 5VCC
18:15:00.697,5.180000,MB 5VCC
18:15:01.197,5.180000,MB 5VCC
18:15:01.697,5.180000,MB 5VCC
18:15:02.197,5.180000,MB 5VCC
18:15:02.697,5.180000,MB 5VCC
18:15:03.197,5.180000,MB 5VCC
18:15:03.697,5.180000,MB 5VCC
18:15:04.197,5.180000,MB 5VCC
18:14:52.197,3.400000,MB 3.3VCC
18:14:52.697,3.400000,MB 3.3VCC
18:14:53.197,3.400000,MB 3.3VCC
18:14:53.697,3.400000,MB 3.3VCC
18:14:54.197,3.400000,MB 3.3VCC
18:14:54.697,3.400000,MB 3.3VCC
18:14:55.197,3.400000,MB 3.3VCC
18:14:55.697,3.400000,MB 3.3VCC
18:14:56.197,3.400000,MB 3.3VCC
18:14:56.697,3.400000,MB 3.3VCC
18:14:57.197,3.400000,MB 3.3VCC
18:14:57.697,3.400000,MB 3.3VCC
18:14:58.197,3.400000,MB 3.3VCC
18:14:58.697,3.400000,MB 3.3VCC
18:14:59.197,3.400000,MB 3.3VCC
18:14:59.697,3.400000,MB 3.3VCC
18:15:00.197,3.400000,MB 3.3VCC
18:15:00.697,3.400000,MB 3.3VCC
18:15:01.197,3.400000,MB 3.3VCC
18:15:01.697,3.400000,MB 3.3VCC
18:15:02.197,3.400000,MB 3.3VCC
18:15:02.697,3.400000,MB 3.3VCC
18:15:03.197,3.400000,MB 3.3VCC
18:15:03.697,3.400000,MB 3.3VCC
18:15:04.197,3.400000,MB 3.3VCC
18:14:58.140,5.140000,MB 5VSB
18:14:58.640,5.140000,MB 5VSB
18:14:59.140,5.140000,MB 5VSB
18:14:59.640,5.140000,MB 5VSB
18:15:00.140,5.140000,MB 5VSB
18:15:00.640,5.140000,MB 5VSB
18:15:01.140,5.140000,MB 5VSB
18:15:01.640,5.140000,MB 5VSB
18:15:02.140,5.140000,MB 5VSB
18:15:02.640,5.140000,MB 5VSB
18:15:03.140,5.140000,MB 5VSB
18:15:03.640,5.140000,MB 5VSB
18:15:04.140,5.140000,MB 5VSB
18:15:04.640,5.140000,MB 5VSB
18:15:05.140,5.140000,MB 5VSB
18:15:05.640,5.140000,MB 5VSB
18:15:06.140,5.140000,MB 5VSB
18:15:06.640,5.140000,MB 5VSB
18:15:07.140,5.140000,MB 5VSB
18:15:07.640,5.140000,MB 5VSB
18:15:08.140,5.140000,MB 5VSB
18:14:58.140,3.340000,MB 3.3VSB
18:14:58.640,3.340000,MB 3.3VSB
18:14:59.140,3.340000,MB 3.3VSB
18:14:59.640,3.340000,MB 3.3VSB
18:15:00.140,3.340000,MB 3.3VSB
18:15:00.640,3.340000,MB 3.3VSB
18:15:01.140,3.340000,MB 3.3VSB
18:15:01.640,3.340000,MB 3.3VSB
18:15:02.140,3.340000,MB 3.3VSB
18:15:02.640,3.340000,MB 3.3VSB
18:15:03.140,3.340000,MB 3.3VSB
18:15:03.640,3.340000,MB 3.3VSB
18:15:04.140,3.340000,MB 3.3VSB
18:15:04.640,3.340000,MB 3.3VSB
18:15:05.140,3.340000,MB 3.3VSB
18:15:05.640,3.340000,MB 3.3VSB
18:15:06.140,3.340000,MB 3.3VSB
18:15:06.640,3.340000,MB 3.3VSB
18:15:07.140,3.340000,MB 3.3VSB
18:15:07.640,3.340000,MB 3.3VSB
18:15:08.140,3.340000,MB 3.3VSB
18:14:58.140,1.810000,MB 1.8VSB
18:14:58.640,1.810000,MB 1.8VSB
18:14:59.140,1.810000,MB 1.8VSB
18:14:59.640,1.810000,MB 1.8VSB
18:15:00.140,1.810000,MB 1.8VSB
18:15:00.640,1.810000,MB 1.8VSB
18:15:01.140,1.810000,MB 1.8VSB
18:15:01.640,1.810000,MB 1.8VSB
18:15:02.140,1.810000,MB 1.8VSB
18:15:02.640,1.810000,MB 1.8VSB
18:15:03.140,1.810000,MB 1.8VSB
18:15:03.640,1.810000,MB 1.8VSB
18:15:04.140,1.810000,MB 1.8VSB
18:15:04.640,1.810000,MB 1.8VSB
18:15:05.140,1.810000,MB 1.8VSB
18:15:05.640,1.810000,MB 1.8VSB
18:15:06.140,1.810000,MB 1.8VSB
18:15:06.640,1.810000,MB 1.8VSB
18:15:07.140,1.810000,MB 1.8VSB
18:15:07.640,1.810000,MB 1.8VSB
18:15:08.140,1.810000,MB 1.8VSB
18:14:58.140,2.510000,BMC 2.5V
18:14:58.640,2.510000,BMC 2.5V
18:14:59.140,2.510000,BMC 2.5V
18:14:59.640,2.510000,BMC 2.5V
18:15:00.140,2.510000,BMC 2.5V
18:15:00.640,2.510000,BMC 2.5V
18:15:01.140,2.510000,BMC 2.5V
18:15:01.640,2.510000,BMC 2.5V
18:15:02.140,2.510000,BMC 2.5V
18:15:02.640,2.510000,BMC 2.5V
18:15:03.140,2.510000,BMC 2.5V
18:15:03.640,2.510000,BMC 2.5V
18:15:04.140,2.510000,BMC 2.5V
18:15:04.640,2.510000,BMC 2.5V
18:15:05.140,2.510000,BMC 2.5V
18:15:05.640,2.510000,BMC 2.5V
18:15:06.140,2.510000,BMC 2.5V
18:15:06.640,2.510000,BMC 2.5V
18:15:07.140,2.510000,BMC 2.5V
18:15:07.640,2.510000,BMC 2.5V
18:15:08.140,2.510000,BMC 2.5V
18:14:58.140,1.810000,BMC 1.8V
18:14:58.640,1.810000,BMC 1.8V
18:14:59.140,1.810000,BMC 1.8V
18:14:59.640,1.810000,BMC 1.8V
18:15:00.140,1.810000,BMC 1.8V
18:15:00.640,1.810000,BMC 1.8V
18:15:01.140,1.810000,BMC 1.8V
18:15:01.640,1.810000,BMC 1.8V
18:15:02.140,1.810000,BMC 1.8V
18:15:02.640,1.810000,BMC 1.8V
18:15:03.140,1.810000,BMC 1.8V
18:15:03.640,1.810000,BMC 1.8V
18:15:04.140,1.810000,BMC 1.8V
18:15:04.640,1.810000,BMC 1.8V
18:15:05.140,1.810000,BMC 1.8V
18:15:05.640,1.810000,BMC 1.8V
18:15:06.140,1.810000,BMC 1.8V
18:15:06.640,1.810000,BMC 1.8V
18:15:07.140,1.810000,BMC 1.8V
18:15:07.640,1.810000,BMC 1.8V
18:15:08.140,1.810000,BMC 1.8V
18:14:58.140,1.210000,BMC 1.2V
18:14:58.640,1.210000,BMC 1.2V
18:14:59.140,1.210000,BMC 1.2V
18:14:59.640,1.210000,BMC 1.2V
18:15:00.140,1.210000,BMC 1.2V
18:15:00.640,1.210000,BMC 1.2V
18:15:01.140,1.210000,BMC 1.2V
18:15:01.640,1.210000,BMC 1.2V
18:15:02.140,1.210000,BMC 1.2V
18:15:02.640,1.210000,BMC 1.2V
18:15:03.140,1.210000,BMC 1.2V
18:15:03.640,1.210000,BMC 1.2V
18:15:04.140,1.210000,BMC 1.2V
18:15:04.640,1.210000,BMC 1.2V
18:15:05.140,1.210000,BMC 1.2V
18:15:05.640,1.210000,BMC 1.2V
18:15:06.140,1.210000,BMC 1.2V
18:15:06.640,1.210000,BMC 1.2V
18:15:07.140,1.210000,BMC 1.2V
18:15:07.640,1.210000,BMC 1.2V
18:15:08.140,1.210000,BMC 1.2V
18:14:58.140,1.010000,BMC 1.0V
18:14:58.640,1.010000,BMC 1.0V
18:14:59.140,1.010000,BMC 1.0V
18:14:59.640,1.010000,BMC 1.0V
18:15:00.140,1.010000,BMC 1.0V
18:15:00.640,1.010000,BMC 1.0V
18:15:01.140,1.010000,BMC 1.0V
18:15:01.640,1.010000,BMC 1.0V
18:15:02.140,1.010000,BMC 1.0V
18:15:02.640,1.010000,BMC 1.0V
18:15:03.140,1.010000,BMC 1.0V
18:15:03.640,1.010000,BMC 1.0V
18:15:04.140,1.010000,BMC 1.0V
18:15:04.640,1.010000,BMC 1.0V
18:15:05.140,1.010000,BMC 1.0V
18:15:05.640,1.010000,BMC 1.0V
18:15:06.140,1.010000,BMC 1.0V
18:15:06.640,1.010000,BMC 1.0V
18:15:07.140,1.010000,BMC 1.0V
18:15:07.640,1.010000,BMC 1.0V
18:15:08.140,1.010000,BMC 1.0V
18:14:58.140,1.060000,CPU_VDDCR0
18:14:58.640,1.060000,CPU_VDDCR0
18:14:59.140,1.060000,CPU_VDDCR0
18:14:59.640,1.060000,CPU_VDDCR0
18:15:00.140,1.060000,CPU_VDDCR0
18:15:00.640,1.060000,CPU_VDDCR0
18:15:01.140,1.060000,CPU_VDDCR0
18:15:01.640,1.060000,CPU_VDDCR0
18:15:02.140,1.060000,CPU_VDDCR0
18:15:02.640,1.060000,CPU_VDDCR0
18:15:03.140,1.060000,CPU_VDDCR0
18:15:03.640,1.060000,CPU_VDDCR0
18:15:04.140,1.060000,CPU_VDDCR0
18:15:04.640,1.060000,CPU_VDDCR0
18:15:05.140,1.060000,CPU_VDDCR0
18:15:05.640,1.060000,CPU_VDDCR0
18:15:06.140,1.060000,CPU_VDDCR0
18:15:06.640,1.060000,CPU_VDDCR0
18:15:07.140,1.060000,CPU_VDDCR0
18:15:07.640,1.060000,CPU_VDDCR0
18:15:08.140,1.060000,CPU_VDDCR0
18:14:58.140,0.970000,CPU_SOC
18:14:58.640,0.970000,CPU_SOC
18:14:59.140,0.970000,CPU_SOC
18:14:59.640,0.970000,CPU_SOC
18:15:00.140,0.970000,CPU_SOC
18:15:00.640,0.970000,CPU_SOC
18:15:01.140,0.970000,CPU_SOC
18:15:01.640,0.970000,CPU_SOC
18:15:02.140,0.970000,CPU_SOC
18:15:02.640,0.970000,CPU_SOC
18:15:03.140,0.970000,CPU_SOC
18:15:03.640,0.970000,CPU_SOC
18:15:04.140,0.970000,CPU_SOC
18:15:04.640,0.970000,CPU_SOC
18:15:05.140,0.970000,CPU_SOC
18:15:05.640,0.970000,CPU_SOC
18:15:06.140,0.970000,CPU_SOC
18:15:06.640,0.970000,CPU_SOC
18:15:07.140,0.970000,CPU_SOC
18:15:07.640,0.970000,CPU_SOC
18:15:08.140,0.970000,CPU_SOC
18:14:58.140,0.830000,CPU_VDDCR1
18:14:58.640,0.830000,CPU_VDDCR1
18:14:59.140,0.830000,CPU_VDDCR1
18:14:59.640,0.830000,CPU_VDDCR1
18:15:00.140,0.830000,CPU_VDDCR1
18:15:00.640,0.830000,CPU_VDDCR1
18:15:01.140,0.830000,CPU_VDDCR1
18:15:01.640,0.830000,CPU_VDDCR1
18:15:02.140,0.830000,CPU_VDDCR1
18:15:02.640,0.830000,CPU_VDDCR1
18:15:03.140,0.830000,CPU_VDDCR1
18:15:03.640,0.830000,CPU_VDDCR1
18:15:04.140,0.830000,CPU_VDDCR1
18:15:04.640,0.830000,CPU_VDDCR1
18:15:05.140,0.830000,CPU_VDDCR1
18:15:05.640,0.830000,CPU_VDDCR1
18:15:06.140,0.830000,CPU_VDDCR1
18:15:06.640,0.830000,CPU_VDDCR1
18:15:07.140,0.830000,CPU_VDDCR1
18:15:07.640,0.830000,CPU_VDDCR1
18:15:08.140,0.830000,CPU_VDDCR1
18:14:58.140,1.090000,CPU_VDDIO
18:14:58.640,1.090000,CPU_VDDIO
18:14:59.140,1.090000,CPU_VDDIO
18:14:59.640,1.090000,CPU_VDDIO
18:15:00.140,1.090000,CPU_VDDIO
18:15:00.640,1.090000,CPU_VDDIO
18:15:01.140,1.090000,CPU_VDDIO
18:15:01.640,1.090000,CPU_VDDIO
18:15:02.140,1.090000,CPU_VDDIO
18:15:02.640,1.090000,CPU_VDDIO
18:15:03.140,1.090000,CPU_VDDIO
18:15:03.640,1.090000,CPU_VDDIO
18:15:04.140,1.090000,CPU_VDDIO
18:15:04.640,1.090000,CPU_VDDIO
18:15:05.140,1.090000,CPU_VDDIO
18:15:05.640,1.090000,CPU_VDDIO
18:15:06.140,1.090000,CPU_VDDIO
18:15:06.640,1.090000,CPU_VDDIO
18:15:07.140,1.090000,CPU_VDDIO
18:15:07.640,1.090000,CPU_VDDIO
18:15:08.140,1.090000,CPU_VDDIO
18:14:58.140,12.080000,MB 12V
18:14:58.640,12.080000,MB 12V
18:14:59.140,12.080000,MB 12V
18:14:59.640,12.080000,MB 12V
18:15:00.140,12.080000,MB 12V
18:15:00.640,12.080000,MB 12V
18:15:01.140,12.080000,MB 12V
18:15:01.640,12.080000,MB 12V
18:15:02.140,12.080000,MB 12V
18:15:02.640,12.080000,MB 12V
18:15:03.140,12.080000,MB 12V
18:15:03.640,12.080000,MB 12V
18:15:04.140,12.080000,MB 12V
18:15:04.640,12.080000,MB 12V
18:15:05.140,12.080000,MB 12V
18:15:05.640,12.080000,MB 12V
18:15:06.140,12.080000,MB 12V
18:15:06.640,12.080000,MB 12V
18:15:07.140,12.080000,MB 12V
18:15:07.640,12.080000,MB 12V
18:15:08.140,12.080000,MB 12V
18:14:58.140,5.180000,MB 5VCC
18:14:58.640,5.180000,MB 5VCC
18:14:59.140,5.180000,MB 5VCC
18:14:59.640,5.180000,MB 5VCC
18:15:00.140,5.180000,MB 5VCC
18:15:00.640,5.180000,MB 5VCC
18:15:01.140,5.180000,MB 5VCC
18:15:01.640,5.180000,MB 5VCC
18:15:02.140,5.180000,MB 5VCC
18:15:02.640,5.180000,MB 5VCC
18:15:03.140,5.180000,MB 5VCC
18:15:03.640,5.180000,MB 5VCC
18:15:04.140,5.180000,MB 5VCC
18:15:04.640,5.180000,MB 5VCC
18:15:05.140,5.180000,MB 5VCC
18:15:05.640,5.180000,MB 5VCC
18:15:06.140,5.180000,MB 5VCC
18:15:06.640,5.180000,MB 5VCC
18:15:07.140,5.180000,MB 5VCC
18:15:07.640,5.180000,MB 5VCC
18:15:08.140,5.180000,MB 5VCC
18:14:58.140,3.400000,MB 3.3VCC
18:14:58.640,3.400000,MB 3.3VCC
18:14:59.140,3.400000,MB 3.3VCC
18:14:59.640,3.400000,MB 3.3VCC
18:15:00.140,3.400000,MB 3.3VCC
18:15:00.640,3.400000,MB 3.3VCC
18:15:01.140,3.400000,MB 3.3VCC
18:15:01.640,3.400000,MB 3.3VCC
18:15:02.140,3.400000,MB 3.3VCC
18:15:02.640,3.400000,MB 3.3VCC
18:15:03.140,3.400000,MB 3.3VCC
18:15:03.640,3.400000,MB 3.3VCC
18:15:04.140,3.400000,MB 3.3VCC
18:15:04.640,3.400000,MB 3.3VCC
18:15:05.140,3.400000,MB 3.3VCC
18:15:05.640,3.400000,MB 3.3VCC
18:15:06.140,3.400000,MB 3.3VCC
18:15:06.640,3.400000,MB 3.3VCC
18:15:07.140,3.400000,MB 3.3VCC
18:15:07.640,3.400000,MB 3.3VCC
18:15:08.140,3.400000,MB 3.3VCC
18:14:58.191,5.140000,MB 5VSB
18:14:58.691,5.140000,MB 5VSB
18:14:59.191,5.140000,MB 5VSB
18:14:59.691,5.140000,MB 5VSB
18:15:00.191,5.140000,MB 5VSB
18:15:00.691,5.140000,MB 5VSB
18:15:01.191,5.140000,MB 5VSB
18:15:01.691,5.140000,MB 5VSB
18:15:02.191,5.140000,MB 5VSB
18:15:02.691,5.140000,MB 5VSB
18:15:03.191,5.140000,MB 5VSB
18:15:03.691,5.140000,MB 5VSB
18:15:04.191,5.140000,MB 5VSB
18:15:04.691,5.140000,MB 5VSB
18:15:05.191,5.140000,MB 5VSB
18:15:05.691,5.140000,MB 5VSB
18:15:06.191,5.140000,MB 5VSB
18:15:06.691,5.140000,MB 5VSB
18:15:07.191,5.140000,MB 5VSB
18:15:07.691,5.140000,MB 5VSB
18:15:08.191,5.140000,MB 5VSB
18:14:58.191,3.340000,MB 3.3VSB
18:14:58.691,3.340000,MB 3.3VSB
18:14:59.191,3.340000,MB 3.3VSB
18:14:59.691,3.340000,MB 3.3VSB
18:15:00.191,3.340000,MB 3.3VSB
18:15:00.691,3.340000,MB 3.3VSB
18:15:01.191,3.340000,MB 3.3VSB
18:15:01.691,3.340000,MB 3.3VSB
18:15:02.191,3.340000,MB 3.3VSB
18:15:02.691,3.340000,MB 3.3VSB
18:15:03.191,3.340000,MB 3.3VSB
18:15:03.691,3.340000,MB 3.3VSB
18:15:04.191,3.340000,MB 3.3VSB
18:15:04.691,3.340000,MB 3.3VSB
18:15:05.191,3.340000,MB 3.3VSB
18:15:05.691,3.340000,MB 3.3VSB
18:15:06.191,3.340000,MB 3.3VSB
18:15:06.691,3.340000,MB 3.3VSB
18:15:07.191,3.340000,MB 3.3VSB
18:15:07.691,3.340000,MB 3.3VSB
18:15:08.191,3.340000,MB 3.3VSB
18:14:58.191,1.810000,MB 1.8VSB
18:14:58.691,1.810000,MB 1.8VSB
18:14:59.191,1.810000,MB 1.8VSB
18:14:59.691,1.810000,MB 1.8VSB
18:15:00.191,1.810000,MB 1.8VSB
18:15:00.691,1.810000,MB 1.8VSB
18:15:01.191,1.810000,MB 1.8VSB
18:15:01.691,1.810000,MB 1.8VSB
18:15:02.191,1.810000,MB 1.8VSB
18:15:02.691,1.810000,MB 1.8VSB
18:15:03.191,1.810000,MB 1.8VSB
18:15:03.691,1.810000,MB 1.8VSB
18:15:04.191,1.810000,MB 1.8VSB
18:15:04.691,1.810000,MB 1.8VSB
18:15:05.191,1.810000,MB 1.8VSB
18:15:05.691,1.810000,MB 1.8VSB
18:15:06.191,1.810000,MB 1.8VSB
18:15:06.691,1.810000,MB 1.8VSB
18:15:07.191,1.810000,MB 1.8VSB
18:15:07.691,1.810000,MB 1.8VSB
18:15:08.191,1.810000,MB 1.8VSB
18:14:58.191,2.510000,BMC 2.5V
18:14:58.691,2.510000,BMC 2.5V
18:14:59.191,2.510000,BMC 2.5V
18:14:59.691,2.510000,BMC 2.5V
18:15:00.191,2.510000,BMC 2.5V
18:15:00.691,2.510000,BMC 2.5V
18:15:01.191,2.510000,BMC 2.5V
18:15:01.691,2.510000,BMC 2.5V
18:15:02.191,2.510000,BMC 2.5V
18:15:02.691,2.510000,BMC 2.5V
18:15:03.191,2.510000,BMC 2.5V
18:15:03.691,2.510000,BMC 2.5V
18:15:04.191,2.510000,BMC 2.5V
18:15:04.691,2.510000,BMC 2.5V
18:15:05.191,2.510000,BMC 2.5V
18:15:05.691,2.510000,BMC 2.5V
18:15:06.191,2.510000,BMC 2.5V
18:15:06.691,2.510000,BMC 2.5V
18:15:07.191,2.510000,BMC 2.5V
18:15:07.691,2.510000,BMC 2.5V
18:15:08.191,2.510000,BMC 2.5V
18:14:58.191,1.810000,BMC 1.8V
18:14:58.691,1.810000,BMC 1.8V
18:14:59.191,1.810000,BMC 1.8V
18:14:59.691,1.810000,BMC 1.8V
18:15:00.191,1.810000,BMC 1.8V
18:15:00.691,1.810000,BMC 1.8V
18:15:01.191,1.810000,BMC 1.8V
18:15:01.691,1.810000,BMC 1.8V
18:15:02.191,1.810000,BMC 1.8V
18:15:02.691,1.810000,BMC 1.8V
18:15:03.191,1.810000,BMC 1.8V
18:15:03.691,1.810000,BMC 1.8V
18:15:04.191,1.810000,BMC 1.8V
18:15:04.691,1.810000,BMC 1.8V
18:15:05.191,1.810000,BMC 1.8V
18:15:05.691,1.810000,BMC 1.8V
18:15:06.191,1.810000,BMC 1.8V
18:15:06.691,1.810000,BMC 1.8V
18:15:07.191,1.810000,BMC 1.8V
18:15:07.691,1.810000,BMC 1.8V
18:15:08.191,1.810000,BMC 1.8V
18:14:58.191,1.210000,BMC 1.2V
18:14:58.691,1.210000,BMC 1.2V
18:14:59.191,1.210000,BMC 1.2V
18:14:59.691,1.210000,BMC 1.2V
18:15:00.191,1.210000,BMC 1.2V
18:15:00.691,1.210000,BMC 1.2V
18:15:01.191,1.210000,BMC 1.2V
18:15:01.691,1.210000,BMC 1.2V
18:15:02.191,1.210000,BMC 1.2V
18:15:02.691,1.210000,BMC 1.2V
18:15:03.191,1.210000,BMC 1.2V
18:15:03.691,1.210000,BMC 1.2V
18:15:04.191,1.210000,BMC 1.2V
18:15:04.691,1.210000,BMC 1.2V
18:15:05.191,1.210000,BMC 1.2V
18:15:05.691,1.210000,BMC 1.2V
18:15:06.191,1.210000,BMC 1.2V
18:15:06.691,1.210000,BMC 1.2V
18:15:07.191,1.210000,BMC 1.2V
18:15:07.691,1.210000,BMC 1.2V
18:15:08.191,1.210000,BMC 1.2V
18:14:58.191,1.010000,BMC 1.0V
18:14:58.691,1.010000,BMC 1.0V
18:14:59.191,1.010000,BMC 1.0V
18:14:59.691,1.010000,BMC 1.0V
18:15:00.191,1.010000,BMC 1.0V
18:15:00.691,1.010000,BMC 1.0V
18:15:01.191,1.010000,BMC 1.0V
18:15:01.691,1.010000,BMC 1.0V
18:15:02.191,1.010000,BMC 1.0V
18:15:02.691,1.010000,BMC 1.0V
18:15:03.191,1.010000,BMC 1.0V
18:15:03.691,1.010000,BMC 1.0V
18:15:04.191,1.010000,BMC 1.0V
18:15:04.691,1.010000,BMC 1.0V
18:15:05.191,1.010000,BMC 1.0V
18:15:05.691,1.010000,BMC 1.0V
18:15:06.191,1.010000,BMC 1.0V
18:15:06.691,1.010000,BMC 1.0V
18:15:07.191,1.010000,BMC 1.0V
18:15:07.691,1.010000,BMC 1.0V
18:15:08.191,1.010000,BMC 1.0V
18:14:58.191,1.060000,CPU_VDDCR0
18:14:58.691,1.060000,CPU_VDDCR0
18:14:59.191,1.060000,CPU_VDDCR0
18:14:59.691,1.060000,CPU_VDDCR0
18:15:00.191,1.060000,CPU_VDDCR0
18:15:00.691,1.060000,CPU_VDDCR0
18:15:01.191,1.060000,CPU_VDDCR0
18:15:01.691,1.060000,CPU_VDDCR0
18:15:02.191,1.060000,CPU_VDDCR0
18:15:02.691,1.060000,CPU_VDDCR0
18:15:03.191,1.060000,CPU_VDDCR0
18:15:03.691,1.060000,CPU_VDDCR0
18:15:04.191,1.060000,CPU_VDDCR0
18:15:04.691,1.060000,CPU_VDDCR0
18:15:05.191,1.060000,CPU_VDDCR0
18:15:05.691,1.060000,CPU_VDDCR0
18:15:06.191,1.060000,CPU_VDDCR0
18:15:06.691,1.060000,CPU_VDDCR0
18:15:07.191,1.060000,CPU_VDDCR0
18:15:07.691,1.060000,CPU_VDDCR0
18:15:08.191,1.060000,CPU_VDDCR0
18:14:58.191,0.970000,CPU_SOC
18:14:58.691,0.970000,CPU_SOC
18:14:59.191,0.970000,CPU_SOC
18:14:59.691,0.970000,CPU_SOC
18:15:00.191,0.970000,CPU_SOC
18:15:00.691,0.970000,CPU_SOC
18:15:01.191,0.970000,CPU_SOC
18:15:01.691,0.970000,CPU_SOC
18:15:02.191,0.970000,CPU_SOC
18:15:02.691,0.970000,CPU_SOC
18:15:03.191,0.970000,CPU_SOC
18:15:03.691,0.970000,CPU_SOC
18:15:04.191,0.970000,CPU_SOC
18:15:04.691,0.970000,CPU_SOC
18:15:05.191,0.970000,CPU_SOC
18:15:05.691,0.970000,CPU_SOC
18:15:06.191,0.970000,CPU_SOC
18:15:06.691,0.970000,CPU_SOC
18:15:07.191,0.970000,CPU_SOC
18:15:07.691,0.970000,CPU_SOC
18:15:08.191,0.970000,CPU_SOC
18:14:58.191,0.830000,CPU_VDDCR1
18:14:58.691,0.830000,CPU_VDDCR1
18:14:59.191,0.830000,CPU_VDDCR1
18:14:59.691,0.830000,CPU_VDDCR1
18:15:00.191,0.830000,CPU_VDDCR1
18:15:00.691,0.830000,CPU_VDDCR1
18:15:01.191,0.830000,CPU_VDDCR1
18:15:01.691,0.830000,CPU_VDDCR1
18:15:02.191,0.830000,CPU_VDDCR1
18:15:02.691,0.830000,CPU_VDDCR1
18:15:03.191,0.830000,CPU_VDDCR1
18:15:03.691,0.830000,CPU_VDDCR1
18:15:04.191,0.830000,CPU_VDDCR1
18:15:04.691,0.830000,CPU_VDDCR1
18:15:05.191,0.830000,CPU_VDDCR1
18:15:05.691,0.830000,CPU_VDDCR1
18:15:06.191,0.830000,CPU_VDDCR1
18:15:06.691,0.830000,CPU_VDDCR1
18:15:07.191,0.830000,CPU_VDDCR1
18:15:07.691,0.830000,CPU_VDDCR1
18:15:08.191,0.830000,CPU_VDDCR1
18:14:58.191,1.090000,CPU_VDDIO
18:14:58.691,1.090000,CPU_VDDIO
18:14:59.191,1.090000,CPU_VDDIO
18:14:59.691,1.090000,CPU_VDDIO
18:15:00.191,1.090000,CPU_VDDIO
18:15:00.691,1.090000,CPU_VDDIO
18:15:01.191,1.090000,CPU_VDDIO
18:15:01.691,1.090000,CPU_VDDIO
18:15:02.191,1.090000,CPU_VDDIO
18:15:02.691,1.090000,CPU_VDDIO
18:15:03.191,1.090000,CPU_VDDIO
18:15:03.691,1.090000,CPU_VDDIO
18:15:04.191,1.090000,CPU_VDDIO
18:15:04.691,1.090000,CPU_VDDIO
18:15:05.191,1.090000,CPU_VDDIO
18:15:05.691,1.090000,CPU_VDDIO
18:15:06.191,1.090000,CPU_VDDIO
18:15:06.691,1.090000,CPU_VDDIO
18:15:07.191,1.090000,CPU_VDDIO
18:15:07.691,1.090000,CPU_VDDIO
18:15:08.191,1.090000,CPU_VDDIO
18:14:58.191,12.080000,MB 12V
18:14:58.691,12.080000,MB 12V
18:14:59.191,12.080000,MB 12V
18:14:59.691,12.080000,MB 12V
18:15:00.191,12.080000,MB 12V
18:15:00.691,12.080000,MB 12V
18:15:01.191,12.080000,MB 12V
18:15:01.691,12.080000,MB 12V
18:15:02.191,12.080000,MB 12V
18:15:02.691,12.080000,MB 12V
18:15:03.191,12.080000,MB 12V
18:15:03.691,12.080000,MB 12V
18:15:04.191,12.080000,MB 12V
18:15:04.691,12.080000,MB 12V
18:15:05.191,12.080000,MB 12V
18:15:05.691,12.080000,MB 12V
18:15:06.191,12.080000,MB 12V
18:15:06.691,12.080000,MB 12V
18:15:07.191,12.080000,MB 12V
18:15:07.691,12.080000,MB 12V
18:15:08.191,12.080000,MB 12V
18:14:58.191,5.180000,MB 5VCC
18:14:58.691,5.180000,MB 5VCC
18:14:59.191,5.180000,MB 5VCC
18:14:59.691,5.180000,MB 5VCC
18:15:00.191,5.180000,MB 5VCC
18:15:00.691,5.180000,MB 5VCC
18:15:01.191,5.180000,MB 5VCC
18:15:01.691,5.180000,MB 5VCC
18:15:02.191,5.180000,MB 5VCC
18:15:02.691,5.180000,MB 5VCC
18:15:03.191,5.180000,MB 5VCC
18:15:03.691,5.180000,MB 5VCC
18:15:04.191,5.180000,MB 5VCC
18:15:04.691,5.180000,MB 5VCC
18:15:05.191,5.180000,MB 5VCC
18:15:05.691,5.180000,MB 5VCC
18:15:06.191,5.180000,MB 5VCC
18:15:06.691,5.180000,MB 5VCC
18:15:07.191,5.180000,MB 5VCC
18:15:07.691,5.180000,MB 5VCC
18:15:08.191,5.180000,MB 5VCC
18:14:58.191,3.400000,MB 3.3VCC
18:14:58.691,3.400000,MB 3.3VCC
18:14:59.191,3.400000,MB 3.3VCC
18:14:59.691,3.400000,MB 3.3VCC
18:15:00.191,3.400000,MB 3.3VCC
18:15:00.691,3.400000,MB 3.3VCC
18:15:01.191,3.400000,MB 3.3VCC
18:15:01.691,3.400000,MB 3.3VCC
18:15:02.191,3.400000,MB 3.3VCC
18:15:02.691,3.400000,MB 3.3VCC
18:15:03.191,3.400000,MB 3.3VCC
18:15:03.691,3.400000,MB 3.3VCC
18:15:04.191,3.400000,MB 3.3VCC
18:15:04.691,3.400000,MB 3.3VCC
18:15:05.191,3.400000,MB 3.3VCC
18:15:05.691,3.400000,MB 3.3VCC
18:15:06.191,3.400000,MB 3.3VCC
18:15:06.691,3.400000,MB 3.3VCC
18:15:07.191,3.400000,MB 3.3VCC
18:15:07.691,3.400000,MB 3.3VCC
18:15:08.191,3.400000,MB 3.3VCC
18:14:58.192,5.140000,MB 5VSB
18:14:58.692,5.140000,MB 5VSB
18:14:59.192,5.140000,MB 5VSB
18:14:59.692,5.140000,MB 5VSB
18:15:00.192,5.140000,MB 5VSB
18:15:00.692,5.140000,MB 5VSB
18:15:01.192,5.140000,MB 5VSB
18:15:01.692,5.140000,MB 5VSB
18:15:02.192,5.140000,MB 5VSB
18:15:02.692,5.140000,MB 5VSB
18:15:03.192,5.140000,MB 5VSB
18:15:03.692,5.140000,MB 5VSB
18:15:04.192,5.140000,MB 5VSB
18:15:04.692,5.140000,MB 5VSB
18:15:05.192,5.140000,MB 5VSB
18:15:05.692,5.140000,MB 5VSB
18:15:06.192,5.140000,MB 5VSB
18:15:06.692,5.140000,MB 5VSB
18:15:07.192,5.140000,MB 5VSB
18:15:07.692,5.140000,MB 5VSB
18:15:08.192,5.140000,MB 5VSB
18:15:08.692,5.140000,MB 5VSB
18:14:58.192,3.340000,MB 3.3VSB
18:14:58.692,3.340000,MB 3.3VSB
18:14:59.192,3.340000,MB 3.3VSB
18:14:59.692,3.340000,MB 3.3VSB
18:15:00.192,3.340000,MB 3.3VSB
18:15:00.692,3.340000,MB 3.3VSB
18:15:01.192,3.340000,MB 3.3VSB
18:15:01.692,3.340000,MB 3.3VSB
18:15:02.192,3.340000,MB 3.3VSB
18:15:02.692,3.340000,MB 3.3VSB
18:15:03.192,3.340000,MB 3.3VSB
18:15:03.692,3.340000,MB 3.3VSB
18:15:04.192,3.340000,MB 3.3VSB
18:15:04.692,3.340000,MB 3.3VSB
18:15:05.192,3.340000,MB 3.3VSB
18:15:05.692,3.340000,MB 3.3VSB
18:15:06.192,3.340000,MB 3.3VSB
18:15:06.692,3.340000,MB 3.3VSB
18:15:07.192,3.340000,MB 3.3VSB
18:15:07.692,3.340000,MB 3.3VSB
18:15:08.192,3.340000,MB 3.3VSB
18:15:08.692,3.340000,MB 3.3VSB
18:14:58.192,1.810000,MB 1.8VSB
18:14:58.692,1.810000,MB 1.8VSB
18:14:59.192,1.810000,MB 1.8VSB
18:14:59.692,1.810000,MB 1.8VSB
18:15:00.192,1.810000,MB 1.8VSB
18:15:00.692,1.810000,MB 1.8VSB
18:15:01.192,1.810000,MB 1.8VSB
18:15:01.692,1.810000,MB 1.8VSB
18:15:02.192,1.810000,MB 1.8VSB
18:15:02.692,1.810000,MB 1.8VSB
18:15:03.192,1.810000,MB 1.8VSB
18:15:03.692,1.810000,MB 1.8VSB
18:15:04.192,1.810000,MB 1.8VSB
18:15:04.692,1.810000,MB 1.8VSB
18:15:05.192,1.810000,MB 1.8VSB
18:15:05.692,1.810000,MB 1.8VSB
18:15:06.192,1.810000,MB 1.8VSB
18:15:06.692,1.810000,MB 1.8VSB
18:15:07.192,1.810000,MB 1.8VSB
18:15:07.692,1.810000,MB 1.8VSB
18:15:08.192,1.810000,MB 1.8VSB
18:15:08.692,1.810000,MB 1.8VSB
18:14:58.192,2.510000,BMC 2.5V
18:14:58.692,2.510000,BMC 2.5V
18:14:59.192,2.510000,BMC 2.5V
18:14:59.692,2.510000,BMC 2.5V
18:15:00.192,2.510000,BMC 2.5V
18:15:00.692,2.510000,BMC 2.5V
18:15:01.192,2.510000,BMC 2.5V
18:15:01.692,2.510000,BMC 2.5V
18:15:02.192,2.510000,BMC 2.5V
18:15:02.692,2.510000,BMC 2.5V
18:15:03.192,2.510000,BMC 2.5V
18:15:03.692,2.510000,BMC 2.5V
18:15:04.192,2.510000,BMC 2.5V
18:15:04.692,2.510000,BMC 2.5V
18:15:05.192,2.510000,BMC 2.5V
18:15:05.692,2.510000,BMC 2.5V
18:15:06.192,2.510000,BMC 2.5V
18:15:06.692,2.510000,BMC 2.5V
18:15:07.192,2.510000,BMC 2.5V
18:15:07.692,2.510000,BMC 2.5V
18:15:08.192,2.510000,BMC 2.5V
18:15:08.692,2.510000,BMC 2.5V
18:14:58.192,1.810000,BMC 1.8V
18:14:58.692,1.810000,BMC 1.8V
18:14:59.192,1.810000,BMC 1.8V
18:14:59.692,1.810000,BMC 1.8V
18:15:00.192,1.810000,BMC 1.8V
18:15:00.692,1.810000,BMC 1.8V
18:15:01.192,1.810000,BMC 1.8V
18:15:01.692,1.810000,BMC 1.8V
18:15:02.192,1.810000,BMC 1.8V
18:15:02.692,1.810000,BMC 1.8V
18:15:03.192,1.810000,BMC 1.8V
18:15:03.692,1.810000,BMC 1.8V
18:15:04.192,1.810000,BMC 1.8V
18:15:04.692,1.810000,BMC 1.8V
18:15:05.192,1.810000,BMC 1.8V
18:15:05.692,1.810000,BMC 1.8V
18:15:06.192,1.810000,BMC 1.8V
18:15:06.692,1.810000,BMC 1.8V
18:15:07.192,1.810000,BMC 1.8V
18:15:07.692,1.810000,BMC 1.8V
18:15:08.192,1.810000,BMC 1.8V
18:15:08.692,1.810000,BMC 1.8V
18:14:58.192,1.210000,BMC 1.2V
18:14:58.692,1.210000,BMC 1.2V
18:14:59.192,1.210000,BMC 1.2V
18:14:59.692,1.210000,BMC 1.2V
18:15:00.192,1.210000,BMC 1.2V
18:15:00.692,1.210000,BMC 1.2V
18:15:01.192,1.210000,BMC 1.2V
18:15:01.692,1.210000,BMC 1.2V
18:15:02.192,1.210000,BMC 1.2V
18:15:02.692,1.210000,BMC 1.2V
18:15:03.192,1.210000,BMC 1.2V
18:15:03.692,1.210000,BMC 1.2V
18:15:04.192,1.210000,BMC 1.2V
18:15:04.692,1.210000,BMC 1.2V
18:15:05.192,1.210000,BMC 1.2V
18:15:05.692,1.210000,BMC 1.2V
18:15:06.192,1.210000,BMC 1.2V
18:15:06.692,1.210000,BMC 1.2V
18:15:07.192,1.210000,BMC 1.2V
18:15:07.692,1.210000,BMC 1.2V
18:15:08.192,1.210000,BMC 1.2V
18:15:08.692,1.210000,BMC 1.2V
18:14:58.192,1.010000,BMC 1.0V
18:14:58.692,1.010000,BMC 1.0V
18:14:59.192,1.010000,BMC 1.0V
18:14:59.692,1.010000,BMC 1.0V
18:15:00.192,1.010000,BMC 1.0V
18:15:00.692,1.010000,BMC 1.0V
18:15:01.192,1.010000,BMC 1.0V
18:15:01.692,1.010000,BMC 1.0V
18:15:02.192,1.010000,BMC 1.0V
18:15:02.692,1.010000,BMC 1.0V
18:15:03.192,1.010000,BMC 1.0V
18:15:03.692,1.010000,BMC 1.0V
18:15:04.192,1.010000,BMC 1.0V
18:15:04.692,1.010000,BMC 1.0V
18:15:05.192,1.010000,BMC 1.0V
18:15:05.692,1.010000,BMC 1.0V
18:15:06.192,1.010000,BMC 1.0V
18:15:06.692,1.010000,BMC 1.0V
18:15:07.192,1.010000,BMC 1.0V
18:15:07.692,1.010000,BMC 1.0V
18:15:08.192,1.010000,BMC 1.0V
18:15:08.692,1.010000,BMC 1.0V
18:14:58.192,1.060000,CPU_VDDCR0
18:14:58.692,1.060000,CPU_VDDCR0
18:14:59.192,1.060000,CPU_VDDCR0
18:14:59.692,1.060000,CPU_VDDCR0
18:15:00.192,1.060000,CPU_VDDCR0
18:15:00.692,1.060000,CPU_VDDCR0
18:15:01.192,1.060000,CPU_VDDCR0
18:15:01.692,1.060000,CPU_VDDCR0
18:15:02.192,1.060000,CPU_VDDCR0
18:15:02.692,1.060000,CPU_VDDCR0
18:15:03.192,1.060000,CPU_VDDCR0
18:15:03.692,1.060000,CPU_VDDCR0
18:15:04.192,1.060000,CPU_VDDCR0
18:15:04.692,1.060000,CPU_VDDCR0
18:15:05.192,1.060000,CPU_VDDCR0
18:15:05.692,1.060000,CPU_VDDCR0
18:15:06.192,1.060000,CPU_VDDCR0
18:15:06.692,1.060000,CPU_VDDCR0
18:15:07.192,1.060000,CPU_VDDCR0
18:15:07.692,1.060000,CPU_VDDCR0
18:15:08.192,1.060000,CPU_VDDCR0
18:15:08.692,1.060000,CPU_VDDCR0
18:14:58.192,0.970000,CPU_SOC
18:14:58.692,0.970000,CPU_SOC
18:14:59.192,0.970000,CPU_SOC
18:14:59.692,0.970000,CPU_SOC
18:15:00.192,0.970000,CPU_SOC
18:15:00.692,0.970000,CPU_SOC
18:15:01.192,0.970000,CPU_SOC
18:15:01.692,0.970000,CPU_SOC
18:15:02.192,0.970000,CPU_SOC
18:15:02.692,0.970000,CPU_SOC
18:15:03.192,0.970000,CPU_SOC
18:15:03.692,0.970000,CPU_SOC
18:15:04.192,0.970000,CPU_SOC
18:15:04.692,0.970000,CPU_SOC
18:15:05.192,0.970000,CPU_SOC
18:15:05.692,0.970000,CPU_SOC
18:15:06.192,0.970000,CPU_SOC
18:15:06.692,0.970000,CPU_SOC
18:15:07.192,0.970000,CPU_SOC
18:15:07.692,0.970000,CPU_SOC
18:15:08.192,0.970000,CPU_SOC
18:15:08.692,0.970000,CPU_SOC
18:14:58.192,0.830000,CPU_VDDCR1
18:14:58.692,0.830000,CPU_VDDCR1
18:14:59.192,0.830000,CPU_VDDCR1
18:14:59.692,0.830000,CPU_VDDCR1
18:15:00.192,0.830000,CPU_VDDCR1
18:15:00.692,0.830000,CPU_VDDCR1
18:15:01.192,0.830000,CPU_VDDCR1
18:15:01.692,0.830000,CPU_VDDCR1
18:15:02.192,0.830000,CPU_VDDCR1
18:15:02.692,0.830000,CPU_VDDCR1
18:15:03.192,0.830000,CPU_VDDCR1
18:15:03.692,0.830000,CPU_VDDCR1
18:15:04.192,0.830000,CPU_VDDCR1
18:15:04.692,0.830000,CPU_VDDCR1
18:15:05.192,0.830000,CPU_VDDCR1
18:15:05.692,0.830000,CPU_VDDCR1
18:15:06.192,0.830000,CPU_VDDCR1
18:15:06.692,0.830000,CPU_VDDCR1
18:15:07.192,0.830000,CPU_VDDCR1
18:15:07.692,0.830000,CPU_VDDCR1
18:15:08.192,0.830000,CPU_VDDCR1
18:15:08.692,0.830000,CPU_VDDCR1
18:14:58.192,1.090000,CPU_VDDIO
18:14:58.692,1.090000,CPU_VDDIO
18:14:59.192,1.090000,CPU_VDDIO
18:14:59.692,1.090000,CPU_VDDIO
18:15:00.192,1.090000,CPU_VDDIO
18:15:00.692,1.090000,CPU_VDDIO
18:15:01.192,1.090000,CPU_VDDIO
18:15:01.692,1.090000,CPU_VDDIO
18:15:02.192,1.090000,CPU_VDDIO
18:15:02.692,1.090000,CPU_VDDIO
18:15:03.192,1.090000,CPU_VDDIO
18:15:03.692,1.090000,CPU_VDDIO
18:15:04.192,1.090000,CPU_VDDIO
18:15:04.692,1.090000,CPU_VDDIO
18:15:05.192,1.090000,CPU_VDDIO
18:15:05.692,1.090000,CPU_VDDIO
18:15:06.192,1.090000,CPU_VDDIO
18:15:06.692,1.090000,CPU_VDDIO
18:15:07.192,1.090000,CPU_VDDIO
18:15:07.692,1.090000,CPU_VDDIO
18:15:08.192,1.090000,CPU_VDDIO
18:15:08.692,1.090000,CPU_VDDIO
18:14:58.192,12.080000,MB 12V
18:14:58.692,12.080000,MB 12V
18:14:59.192,12.080000,MB 12V
18:14:59.692,12.080000,MB 12V
18:15:00.192,12.080000,MB 12V
18:15:00.692,12.080000,MB 12V
18:15:01.192,12.080000,MB 12V
18:15:01.692,12.080000,MB 12V
18:15:02.192,12.080000,MB 12V
18:15:02.692,12.080000,MB 12V
18:15:03.192,12.080000,MB 12V
18:15:03.692,12.080000,MB 12V
18:15:04.192,12.080000,MB 12V
18:15:04.692,12.080000,MB 12V
18:15:05.192,12.080000,MB 12V
18:15:05.692,12.080000,MB 12V
18:15:06.192,12.080000,MB 12V
18:15:06.692,12.080000,MB 12V
18:15:07.192,12.080000,MB 12V
18:15:07.692,12.080000,MB 12V
18:15:08.192,12.080000,MB 12V
18:15:08.692,12.080000,MB 12V
18:14:58.192,5.180000,MB 5VCC
18:14:58.692,5.180000,MB 5VCC
18:14:59.192,5.180000,MB 5VCC
18:14:59.692,5.180000,MB 5VCC
18:15:00.192,5.180000,MB 5VCC
18:15:00.692,5.180000,MB 5VCC
18:15:01.192,5.180000,MB 5VCC
18:15:01.692,5.180000,MB 5VCC
18:15:02.192,5.180000,MB 5VCC
18:15:02.692,5.180000,MB 5VCC
18:15:03.192,5.180000,MB 5VCC
18:15:03.692,5.180000,MB 5VCC
18:15:04.192,5.180000,MB 5VCC
18:15:04.692,5.180000,MB 5VCC
18:15:05.192,5.180000,MB 5VCC
18:15:05.692,5.180000,MB 5VCC
18:15:06.192,5.180000,MB 5VCC
18:15:06.692,5.180000,MB 5VCC
18:15:07.192,5.180000,MB 5VCC
18:15:07.692,5.180000,MB 5VCC
18:15:08.192,5.180000,MB 5VCC
18:15:08.692,5.180000,MB 5VCC
18:14:58.192,3.400000,MB 3.3VCC
18:14:58.692,3.400000,MB 3.3VCC
18:14:59.192,3.400000,MB 3.3VCC
18:14:59.692,3.400000,MB 3.3VCC
18:15:00.192,3.400000,MB 3.3VCC
18:15:00.692,3.400000,MB 3.3VCC
18:15:01.192,3.400000,MB 3.3VCC
18:15:01.692,3.400000,MB 3.3VCC
18:15:02.192,3.400000,MB 3.3VCC
18:15:02.692,3.400000,MB 3.3VCC
18:15:03.192,3.400000,MB 3.3VCC
18:15:03.692,3.400000,MB 3.3VCC
18:15:04.192,3.400000,MB 3.3VCC
18:15:04.692,3.400000,MB 3.3VCC
18:15:05.192,3.400000,MB 3.3VCC
18:15:05.692,3.400000,MB 3.3VCC
18:15:06.192,3.400000,MB 3.3VCC
18:15:06.692,3.400000,MB 3.3VCC
18:15:07.192,3.400000,MB 3.3VCC
18:15:07.692,3.400000,MB 3.3VCC
18:15:08.192,3.400000,MB 3.3VCC
18:15:08.692,3.400000,MB 3.3VCC
18:14:58.192,5.140000,MB 5VSB
18:14:58.692,5.140000,MB 5VSB
18:14:59.192,5.140000,MB 5VSB
18:14:59.692,5.140000,MB 5VSB
18:15:00.192,5.140000,MB 5VSB
18:15:00.692,5.140000,MB 5VSB
18:15:01.192,5.140000,MB 5VSB
18:15:01.692,5.140000,MB 5VSB
18:15:02.192,5.140000,MB 5VSB
18:15:02.692,5.140000,MB 5VSB
18:15:03.192,5.140000,MB 5VSB
18:15:03.692,5.140000,MB 5VSB
18:15:04.192,5.140000,MB 5VSB
18:15:04.692,5.140000,MB 5VSB
18:15:05.192,5.140000,MB 5VSB
18:15:05.692,5.140000,MB 5VSB
18:15:06.192,5.140000,MB 5VSB
18:15:06.692,5.140000,MB 5VSB
18:15:07.192,5.140000,MB 5VSB
18:15:07.692,5.140000,MB 5VSB
18:15:08.192,5.140000,MB 5VSB
18:15:08.692,5.140000,MB 5VSB
18:15:09.192,5.140000,MB 5VSB
18:14:58.192,3.340000,MB 3.3VSB
18:14:58.692,3.340000,MB 3.3VSB
18:14:59.192,3.340000,MB 3.3VSB
18:14:59.692,3.340000,MB 3.3VSB
18:15:00.192,3.340000,MB 3.3VSB
18:15:00.692,3.340000,MB 3.3VSB
18:15:01.192,3.340000,MB 3.3VSB
18:15:01.692,3.340000,MB 3.3VSB
18:15:02.192,3.340000,MB 3.3VSB
18:15:02.692,3.340000,MB 3.3VSB
18:15:03.192,3.340000,MB 3.3VSB
18:15:03.692,3.340000,MB 3.3VSB
18:15:04.192,3.340000,MB 3.3VSB
18:15:04.692,3.340000,MB 3.3VSB
18:15:05.192,3.340000,MB 3.3VSB
18:15:05.692,3.340000,MB 3.3VSB
18:15:06.192,3.340000,MB 3.3VSB
18:15:06.692,3.340000,MB 3.3VSB
18:15:07.192,3.340000,MB 3.3VSB
18:15:07.692,3.340000,MB 3.3VSB
18:15:08.192,3.340000,MB 3.3VSB
18:15:08.692,3.340000,MB 3.3VSB
18:15:09.192,3.340000,MB 3.3VSB
18:14:58.192,1.810000,MB 1.8VSB
18:14:58.692,1.810000,MB 1.8VSB
18:14:59.192,1.810000,MB 1.8VSB
18:14:59.692,1.810000,MB 1.8VSB
18:15:00.192,1.810000,MB 1.8VSB
18:15:00.692,1.810000,MB 1.8VSB
18:15:01.192,1.810000,MB 1.8VSB
18:15:01.692,1.810000,MB 1.8VSB
18:15:02.192,1.810000,MB 1.8VSB
18:15:02.692,1.810000,MB 1.8VSB
18:15:03.192,1.810000,MB 1.8VSB
18:15:03.692,1.810000,MB 1.8VSB
18:15:04.192,1.810000,MB 1.8VSB
18:15:04.692,1.810000,MB 1.8VSB
18:15:05.192,1.810000,MB 1.8VSB
18:15:05.692,1.810000,MB 1.8VSB
18:15:06.192,1.810000,MB 1.8VSB
18:15:06.692,1.810000,MB 1.8VSB
18:15:07.192,1.810000,MB 1.8VSB
18:15:07.692,1.810000,MB 1.8VSB
18:15:08.192,1.810000,MB 1.8VSB
18:15:08.692,1.810000,MB 1.8VSB
18:15:09.192,1.810000,MB 1.8VSB
18:14:58.192,2.510000,BMC 2.5V
18:14:58.692,2.510000,BMC 2.5V
18:14:59.192,2.510000,BMC 2.5V
18:14:59.692,2.510000,BMC 2.5V
18:15:00.192,2.510000,BMC 2.5V
18:15:00.692,2.510000,BMC 2.5V
18:15:01.192,2.510000,BMC 2.5V
18:15:01.692,2.510000,BMC 2.5V
18:15:02.192,2.510000,BMC 2.5V
18:15:02.692,2.510000,BMC 2.5V
18:15:03.192,2.510000,BMC 2.5V
18:15:03.692,2.510000,BMC 2.5V
18:15:04.192,2.510000,BMC 2.5V
18:15:04.692,2.510000,BMC 2.5V
18:15:05.192,2.510000,BMC 2.5V
18:15:05.692,2.510000,BMC 2.5V
18:15:06.192,2.510000,BMC 2.5V
18:15:06.692,2.510000,BMC 2.5V
18:15:07.192,2.510000,BMC 2.5V
18:15:07.692,2.510000,BMC 2.5V
18:15:08.192,2.510000,BMC 2.5V
18:15:08.692,2.510000,BMC 2.5V
18:15:09.192,2.510000,BMC 2.5V
18:14:58.192,1.810000,BMC 1.8V
18:14:58.692,1.810000,BMC 1.8V
18:14:59.192,1.810000,BMC 1.8V
18:14:59.692,1.810000,BMC 1.8V
18:15:00.192,1.810000,BMC 1.8V
18:15:00.692,1.810000,BMC 1.8V
18:15:01.192,1.810000,BMC 1.8V
18:15:01.692,1.810000,BMC 1.8V
18:15:02.192,1.810000,BMC 1.8V
18:15:02.692,1.810000,BMC 1.8V
18:15:03.192,1.810000,BMC 1.8V
18:15:03.692,1.810000,BMC 1.8V
18:15:04.192,1.810000,BMC 1.8V
18:15:04.692,1.810000,BMC 1.8V
18:15:05.192,1.810000,BMC 1.8V
18:15:05.692,1.810000,BMC 1.8V
18:15:06.192,1.810000,BMC 1.8V
18:15:06.692,1.810000,BMC 1.8V
18:15:07.192,1.810000,BMC 1.8V
18:15:07.692,1.810000,BMC 1.8V
18:15:08.192,1.810000,BMC 1.8V
18:15:08.692,1.810000,BMC 1.8V
18:15:09.192,1.810000,BMC 1.8V
18:14:58.192,1.210000,BMC 1.2V
18:14:58.692,1.210000,BMC 1.2V
18:14:59.192,1.210000,BMC 1.2V
18:14:59.692,1.210000,BMC 1.2V
18:15:00.192,1.210000,BMC 1.2V
18:15:00.692,1.210000,BMC 1.2V
18:15:01.192,1.210000,BMC 1.2V
18:15:01.692,1.210000,BMC 1.2V
18:15:02.192,1.210000,BMC 1.2V
18:15:02.692,1.210000,BMC 1.2V
18:15:03.192,1.210000,BMC 1.2V
18:15:03.692,1.210000,BMC 1.2V
18:15:04.192,1.210000,BMC 1.2V
18:15:04.692,1.210000,BMC 1.2V
18:15:05.192,1.210000,BMC 1.2V
18:15:05.692,1.210000,BMC 1.2V
18:15:06.192,1.210000,BMC 1.2V
18:15:06.692,1.210000,BMC 1.2V
18:15:07.192,1.210000,BMC 1.2V
18:15:07.692,1.210000,BMC 1.2V
18:15:08.192,1.210000,BMC 1.2V
18:15:08.692,1.210000,BMC 1.2V
18:15:09.192,1.210000,BMC 1.2V
18:14:58.192,1.010000,BMC 1.0V
18:14:58.692,1.010000,BMC 1.0V
18:14:59.192,1.010000,BMC 1.0V
18:14:59.692,1.010000,BMC 1.0V
18:15:00.192,1.010000,BMC 1.0V
18:15:00.692,1.010000,BMC 1.0V
18:15:01.192,1.010000,BMC 1.0V
18:15:01.692,1.010000,BMC 1.0V
18:15:02.192,1.010000,BMC 1.0V
18:15:02.692,1.010000,BMC 1.0V
18:15:03.192,1.010000,BMC 1.0V
18:15:03.692,1.010000,BMC 1.0V
18:15:04.192,1.010000,BMC 1.0V
18:15:04.692,1.010000,BMC 1.0V
18:15:05.192,1.010000,BMC 1.0V
18:15:05.692,1.010000,BMC 1.0V
18:15:06.192,1.010000,BMC 1.0V
18:15:06.692,1.010000,BMC 1.0V
18:15:07.192,1.010000,BMC 1.0V
18:15:07.692,1.010000,BMC 1.0V
18:15:08.192,1.010000,BMC 1.0V
18:15:08.692,1.010000,BMC 1.0V
18:15:09.192,1.010000,BMC 1.0V
18:14:58.192,1.060000,CPU_VDDCR0
18:14:58.692,1.060000,CPU_VDDCR0
18:14:59.192,1.060000,CPU_VDDCR0
18:14:59.692,1.060000,CPU_VDDCR0
18:15:00.192,1.060000,CPU_VDDCR0
18:15:00.692,1.060000,CPU_VDDCR0
18:15:01.192,1.060000,CPU_VDDCR0
18:15:01.692,1.060000,CPU_VDDCR0
18:15:02.192,1.060000,CPU_VDDCR0
18:15:02.692,1.060000,CPU_VDDCR0
18:15:03.192,1.060000,CPU_VDDCR0
18:15:03.692,1.060000,CPU_VDDCR0
18:15:04.192,1.060000,CPU_VDDCR0
18:15:04.692,1.060000,CPU_VDDCR0
18:15:05.192,1.060000,CPU_VDDCR0
18:15:05.692,1.060000,CPU_VDDCR0
18:15:06.192,1.060000,CPU_VDDCR0
18:15:06.692,1.060000,CPU_VDDCR0
18:15:07.192,1.060000,CPU_VDDCR0
18:15:07.692,1.060000,CPU_VDDCR0
18:15:08.192,1.060000,CPU_VDDCR0
18:15:08.692,1.060000,CPU_VDDCR0
18:15:09.192,1.060000,CPU_VDDCR0
18:14:58.192,0.970000,CPU_SOC
18:14:58.692,0.970000,CPU_SOC
18:14:59.192,0.970000,CPU_SOC
18:14:59.692,0.970000,CPU_SOC
18:15:00.192,0.970000,CPU_SOC
18:15:00.692,0.970000,CPU_SOC
18:15:01.192,0.970000,CPU_SOC
18:15:01.692,0.970000,CPU_SOC
18:15:02.192,0.970000,CPU_SOC
18:15:02.692,0.970000,CPU_SOC
18:15:03.192,0.970000,CPU_SOC
18:15:03.692,0.970000,CPU_SOC
18:15:04.192,0.970000,CPU_SOC
18:15:04.692,0.970000,CPU_SOC
18:15:05.192,0.970000,CPU_SOC
18:15:05.692,0.970000,CPU_SOC
18:15:06.192,0.970000,CPU_SOC
18:15:06.692,0.970000,CPU_SOC
18:15:07.192,0.970000,CPU_SOC
18:15:07.692,0.970000,CPU_SOC
18:15:08.192,0.970000,CPU_SOC
18:15:08.692,0.970000,CPU_SOC
18:15:09.192,0.970000,CPU_SOC
18:14:58.192,0.830000,CPU_VDDCR1
18:14:58.692,0.830000,CPU_VDDCR1
18:14:59.192,0.830000,CPU_VDDCR1
18:14:59.692,0.830000,CPU_VDDCR1
18:15:00.192,0.830000,CPU_VDDCR1
18:15:00.692,0.830000,CPU_VDDCR1
18:15:01.192,0.830000,CPU_VDDCR1
18:15:01.692,0.830000,CPU_VDDCR1
18:15:02.192,0.830000,CPU_VDDCR1
18:15:02.692,0.830000,CPU_VDDCR1
18:15:03.192,0.830000,CPU_VDDCR1
18:15:03.692,0.830000,CPU_VDDCR1
18:15:04.192,0.830000,CPU_VDDCR1
18:15:04.692,0.830000,CPU_VDDCR1
18:15:05.192,0.830000,CPU_VDDCR1
18:15:05.692,0.830000,CPU_VDDCR1
18:15:06.192,0.830000,CPU_VDDCR1
18:15:06.692,0.830000,CPU_VDDCR1
18:15:07.192,0.830000,CPU_VDDCR1
18:15:07.692,0.830000,CPU_VDDCR1
18:15:08.192,0.830000,CPU_VDDCR1
18:15:08.692,0.830000,CPU_VDDCR1
18:15:09.192,0.830000,CPU_VDDCR1
18:14:58.192,1.090000,CPU_VDDIO
18:14:58.692,1.090000,CPU_VDDIO
18:14:59.192,1.090000,CPU_VDDIO
18:14:59.692,1.090000,CPU_VDDIO
18:15:00.192,1.090000,CPU_VDDIO
18:15:00.692,1.090000,CPU_VDDIO
18:15:01.192,1.090000,CPU_VDDIO
18:15:01.692,1.090000,CPU_VDDIO
18:15:02.192,1.090000,CPU_VDDIO
18:15:02.692,1.090000,CPU_VDDIO
18:15:03.192,1.090000,CPU_VDDIO
18:15:03.692,1.090000,CPU_VDDIO
18:15:04.192,1.090000,CPU_VDDIO
18:15:04.692,1.090000,CPU_VDDIO
18:15:05.192,1.090000,CPU_VDDIO
18:15:05.692,1.090000,CPU_VDDIO
18:15:06.192,1.090000,CPU_VDDIO
18:15:06.692,1.090000,CPU_VDDIO
18:15:07.192,1.090000,CPU_VDDIO
18:15:07.692,1.090000,CPU_VDDIO
18:15:08.192,1.090000,CPU_VDDIO
18:15:08.692,1.090000,CPU_VDDIO
18:15:09.192,1.090000,CPU_VDDIO
18:14:58.192,12.080000,MB 12V
18:14:58.692,12.080000,MB 12V
18:14:59.192,12.080000,MB 12V
18:14:59.692,12.080000,MB 12V
18:15:00.192,12.080000,MB 12V
18:15:00.692,12.080000,MB 12V
18:15:01.192,12.080000,MB 12V
18:15:01.692,12.080000,MB 12V
18:15:02.192,12.080000,MB 12V
18:15:02.692,12.080000,MB 12V
18:15:03.192,12.080000,MB 12V
18:15:03.692,12.080000,MB 12V
18:15:04.192,12.080000,MB 12V
18:15:04.692,12.080000,MB 12V
18:15:05.192,12.080000,MB 12V
18:15:05.692,12.080000,MB 12V
18:15:06.192,12.080000,MB 12V
18:15:06.692,12.080000,MB 12V
18:15:07.192,12.080000,MB 12V
18:15:07.692,12.080000,MB 12V
18:15:08.192,12.080000,MB 12V
18:15:08.692,12.080000,MB 12V
18:15:09.192,12.080000,MB 12V
18:14:58.192,5.180000,MB 5VCC
18:14:58.692,5.180000,MB 5VCC
18:14:59.192,5.180000,MB 5VCC
18:14:59.692,5.180000,MB 5VCC
18:15:00.192,5.180000,MB 5VCC
18:15:00.692,5.180000,MB 5VCC
18:15:01.192,5.180000,MB 5VCC
18:15:01.692,5.180000,MB 5VCC
18:15:02.192,5.180000,MB 5VCC
18:15:02.692,5.180000,MB 5VCC
18:15:03.192,5.180000,MB 5VCC
18:15:03.692,5.180000,MB 5VCC
18:15:04.192,5.180000,MB 5VCC
18:15:04.692,5.180000,MB 5VCC
18:15:05.192,5.180000,MB 5VCC
18:15:05.692,5.180000,MB 5VCC
18:15:06.192,5.180000,MB 5VCC
18:15:06.692,5.180000,MB 5VCC
18:15:07.192,5.180000,MB 5VCC
18:15:07.692,5.180000,MB 5VCC
18:15:08.192,5.180000,MB 5VCC
18:15:08.692,5.180000,MB 5VCC
18:15:09.192,5.180000,MB 5VCC
18:14:58.192,3.400000,MB 3.3VCC
18:14:58.692,3.400000,MB 3.3VCC
18:14:59.192,3.400000,MB 3.3VCC
18:14:59.692,3.400000,MB 3.3VCC
18:15:00.192,3.400000,MB 3.3VCC
18:15:00.692,3.400000,MB 3.3VCC
18:15:01.192,3.400000,MB 3.3VCC
18:15:01.692,3.400000,MB 3.3VCC
18:15:02.192,3.400000,MB 3.3VCC
18:15:02.692,3.400000,MB 3.3VCC
18:15:03.192,3.400000,MB 3.3VCC
18:15:03.692,3.400000,MB 3.3VCC
18:15:04.192,3.400000,MB 3.3VCC
18:15:04.692,3.400000,MB 3.3VCC
18:15:05.192,3.400000,MB 3.3VCC
18:15:05.692,3.400000,MB 3.3VCC
18:15:06.192,3.400000,MB 3.3VCC
18:15:06.692,3.400000,MB 3.3VCC
18:15:07.192,3.400000,MB 3.3VCC
18:15:07.692,3.400000,MB 3.3VCC
18:15:08.192,3.400000,MB 3.3VCC
18:15:08.692,3.400000,MB 3.3VCC
18:15:09.192,3.400000,MB 3.3VCC
18:14:58.192,5.140000,MB 5VSB
18:14:58.692,5.140000,MB 5VSB
18:14:59.192,5.140000,MB 5VSB
18:14:59.692,5.140000,MB 5VSB
18:15:00.192,5.140000,MB 5VSB
18:15:00.692,5.140000,MB 5VSB
18:15:01.192,5.140000,MB 5VSB
18:15:01.692,5.140000,MB 5VSB
18:15:02.192,5.140000,MB 5VSB
18:15:02.692,5.140000,MB 5VSB
18:15:03.192,5.140000,MB 5VSB
18:15:03.692,5.140000,MB 5VSB
18:15:04.192,5.140000,MB 5VSB
18:15:04.692,5.140000,MB 5VSB
18:15:05.192,5.140000,MB 5VSB
18:15:05.692,5.140000,MB 5VSB
18:15:06.192,5.140000,MB 5VSB
18:15:06.692,5.140000,MB 5VSB
18:15:07.192,5.140000,MB 5VSB
18:15:07.692,5.140000,MB 5VSB
18:15:08.192,5.140000,MB 5VSB
18:15:08.692,5.140000,MB 5VSB
18:15:09.192,5.140000,MB 5VSB
18:15:09.692,5.140000,MB 5VSB
18:15:10.192,5.140000,MB 5VSB
18:15:10.692,5.140000,MB 5VSB
18:15:11.192,5.140000,MB 5VSB
18:15:11.692,5.140000,MB 5VSB
18:15:12.192,5.140000,MB 5VSB
18:15:12.692,5.140000,MB 5VSB
18:15:13.192,5.140000,MB 5VSB
18:14:58.192,3.340000,MB 3.3VSB
18:14:58.692,3.340000,MB 3.3VSB
18:14:59.192,3.340000,MB 3.3VSB
18:14:59.692,3.340000,MB 3.3VSB
18:15:00.192,3.340000,MB 3.3VSB
18:15:00.692,3.340000,MB 3.3VSB
18:15:01.192,3.340000,MB 3.3VSB
18:15:01.692,3.340000,MB 3.3VSB
18:15:02.192,3.340000,MB 3.3VSB
18:15:02.692,3.340000,MB 3.3VSB
18:15:03.192,3.340000,MB 3.3VSB
18:15:03.692,3.340000,MB 3.3VSB
18:15:04.192,3.340000,MB 3.3VSB
18:15:04.692,3.340000,MB 3.3VSB
18:15:05.192,3.340000,MB 3.3VSB
18:15:05.692,3.340000,MB 3.3VSB
18:15:06.192,3.340000,MB 3.3VSB
18:15:06.692,3.340000,MB 3.3VSB
18:15:07.192,3.340000,MB 3.3VSB
18:15:07.692,3.340000,MB 3.3VSB
18:15:08.192,3.340000,MB 3.3VSB
18:15:08.692,3.340000,MB 3.3VSB
18:15:09.192,3.340000,MB 3.3VSB
18:15:09.692,3.340000,MB 3.3VSB
18:15:10.192,3.340000,MB 3.3VSB
18:15:10.692,3.340000,MB 3.3VSB
18:15:11.192,3.340000,MB 3.3VSB
18:15:11.692,3.340000,MB 3.3VSB
18:15:12.192,3.340000,MB 3.3VSB
18:15:12.692,3.340000,MB 3.3VSB
18:15:13.192,3.340000,MB 3.3VSB
18:14:58.192,1.810000,MB 1.8VSB
18:14:58.692,1.810000,MB 1.8VSB
18:14:59.192,1.810000,MB 1.8VSB
18:14:59.692,1.810000,MB 1.8VSB
18:15:00.192,1.810000,MB 1.8VSB
18:15:00.692,1.810000,MB 1.8VSB
18:15:01.192,1.810000,MB 1.8VSB
18:15:01.692,1.810000,MB 1.8VSB
18:15:02.192,1.810000,MB 1.8VSB
18:15:02.692,1.810000,MB 1.8VSB
18:15:03.192,1.810000,MB 1.8VSB
18:15:03.692,1.810000,MB 1.8VSB
18:15:04.192,1.810000,MB 1.8VSB
18:15:04.692,1.810000,MB 1.8VSB
18:15:05.192,1.810000,MB 1.8VSB
18:15:05.692,1.810000,MB 1.8VSB
18:15:06.192,1.810000,MB 1.8VSB
18:15:06.692,1.810000,MB 1.8VSB
18:15:07.192,1.810000,MB 1.8VSB
18:15:07.692,1.810000,MB 1.8VSB
18:15:08.192,1.810000,MB 1.8VSB
18:15:08.692,1.810000,MB 1.8VSB
18:15:09.192,1.810000,MB 1.8VSB
18:15:09.692,1.810000,MB 1.8VSB
18:15:10.192,1.810000,MB 1.8VSB
18:15:10.692,1.810000,MB 1.8VSB
18:15:11.192,1.810000,MB 1.8VSB
18:15:11.692,1.810000,MB 1.8VSB
18:15:12.192,1.810000,MB 1.8VSB
18:15:12.692,1.810000,MB 1.8VSB
18:15:13.192,1.810000,MB 1.8VSB
18:14:58.192,2.510000,BMC 2.5V
18:14:58.692,2.510000,BMC 2.5V
18:14:59.192,2.510000,BMC 2.5V
18:14:59.692,2.510000,BMC 2.5V
18:15:00.192,2.510000,BMC 2.5V
18:15:00.692,2.510000,BMC 2.5V
18:15:01.192,2.510000,BMC 2.5V
18:15:01.692,2.510000,BMC 2.5V
18:15:02.192,2.510000,BMC 2.5V
18:15:02.692,2.510000,BMC 2.5V
18:15:03.192,2.530000,BMC 2.5V
18:15:03.692,2.530000,BMC 2.5V
18:15:04.192,2.530000,BMC 2.5V
18:15:04.692,2.530000,BMC 2.5V
18:15:05.192,2.530000,BMC 2.5V
18:15:05.692,2.530000,BMC 2.5V
18:15:06.192,2.530000,BMC 2.5V
18:15:06.692,2.530000,BMC 2.5V
18:15:07.192,2.530000,BMC 2.5V
18:15:07.692,2.530000,BMC 2.5V
18:15:08.192,2.530000,BMC 2.5V
18:15:08.692,2.530000,BMC 2.5V
18:15:09.192,2.530000,BMC 2.5V
18:15:09.692,2.530000,BMC 2.5V
18:15:10.192,2.530000,BMC 2.5V
18:15:10.692,2.530000,BMC 2.5V
18:15:11.192,2.530000,BMC 2.5V
18:15:11.692,2.530000,BMC 2.5V
18:15:12.192,2.530000,BMC 2.5V
18:15:12.692,2.530000,BMC 2.5V
18:15:13.192,2.530000,BMC 2.5V
18:14:58.192,1.810000,BMC 1.8V
18:14:58.692,1.810000,BMC 1.8V
18:14:59.192,1.810000,BMC 1.8V
18:14:59.692,1.810000,BMC 1.8V
18:15:00.192,1.810000,BMC 1.8V
18:15:00.692,1.810000,BMC 1.8V
18:15:01.192,1.810000,BMC 1.8V
18:15:01.692,1.810000,BMC 1.8V
18:15:02.192,1.810000,BMC 1.8V
18:15:02.692,1.810000,BMC 1.8V
18:15:03.192,1.810000,BMC 1.8V
18:15:03.692,1.810000,BMC 1.8V
18:15:04.192,1.810000,BMC 1.8V
18:15:04.692,1.810000,BMC 1.8V
18:15:05.192,1.810000,BMC 1.8V
18:15:05.692,1.810000,BMC 1.8V
18:15:06.192,1.810000,BMC 1.8V
18:15:06.692,1.810000,BMC 1.8V
18:15:07.192,1.810000,BMC 1.8V
18:15:07.692,1.810000,BMC 1.8V
18:15:08.192,1.810000,BMC 1.8V
18:15:08.692,1.810000,BMC 1.8V
18:15:09.192,1.810000,BMC 1.8V
18:15:09.692,1.810000,BMC 1.8V
18:15:10.192,1.810000,BMC 1.8V
18:15:10.692,1.810000,BMC 1.8V
18:15:11.192,1.810000,BMC 1.8V
18:15:11.692,1.810000,BMC 1.8V
18:15:12.192,1.810000,BMC 1.8V
18:15:12.692,1.810000,BMC 1.8V
18:15:13.192,1.810000,BMC 1.8V
18:14:58.192,1.210000,BMC 1.2V
18:14:58.692,1.210000,BMC 1.2V
18:14:59.192,1.210000,BMC 1.2V
18:14:59.692,1.210000,BMC 1.2V
18:15:00.192,1.210000,BMC 1.2V
18:15:00.692,1.210000,BMC 1.2V
18:15:01.192,1.210000,BMC 1.2V
18:15:01.692,1.210000,BMC 1.2V
18:15:02.192,1.210000,BMC 1.2V
18:15:02.692,1.210000,BMC 1.2V
18:15:03.192,1.210000,BMC 1.2V
18:15:03.692,1.210000,BMC 1.2V
18:15:04.192,1.210000,BMC 1.2V
18:15:04.692,1.210000,BMC 1.2V
18:15:05.192,1.210000,BMC 1.2V
18:15:05.692,1.210000,BMC 1.2V
18:15:06.192,1.210000,BMC 1.2V
18:15:06.692,1.210000,BMC 1.2V
18:15:07.192,1.210000,BMC 1.2V
18:15:07.692,1.210000,BMC 1.2V
18:15:08.192,1.210000,BMC 1.2V
18:15:08.692,1.210000,BMC 1.2V
18:15:09.192,1.210000,BMC 1.2V
18:15:09.692,1.210000,BMC 1.2V
18:15:10.192,1.210000,BMC 1.2V
18:15:10.692,1.210000,BMC 1.2V
18:15:11.192,1.210000,BMC 1.2V
18:15:11.692,1.210000,BMC 1.2V
18:15:12.192,1.210000,BMC 1.2V
18:15:12.692,1.210000,BMC 1.2V
18:15:13.192,1.210000,BMC 1.2V
18:14:58.192,1.010000,BMC 1.0V
18:14:58.692,1.010000,BMC 1.0V
18:14:59.192,1.010000,BMC 1.0V
18:14:59.692,1.010000,BMC 1.0V
18:15:00.192,1.010000,BMC 1.0V
18:15:00.692,1.010000,BMC 1.0V
18:15:01.192,1.010000,BMC 1.0V
18:15:01.692,1.010000,BMC 1.0V
18:15:02.192,1.010000,BMC 1.0V
18:15:02.692,1.010000,BMC 1.0V
18:15:03.192,1.010000,BMC 1.0V
18:15:03.692,1.010000,BMC 1.0V
18:15:04.192,1.010000,BMC 1.0V
18:15:04.692,1.010000,BMC 1.0V
18:15:05.192,1.010000,BMC 1.0V
18:15:05.692,1.010000,BMC 1.0V
18:15:06.192,1.010000,BMC 1.0V
18:15:06.692,1.010000,BMC 1.0V
18:15:07.192,1.010000,BMC 1.0V
18:15:07.692,1.010000,BMC 1.0V
18:15:08.192,1.010000,BMC 1.0V
18:15:08.692,1.010000,BMC 1.0V
18:15:09.192,1.010000,BMC 1.0V
18:15:09.692,1.010000,BMC 1.0V
18:15:10.192,1.010000,BMC 1.0V
18:15:10.692,1.010000,BMC 1.0V
18:15:11.192,1.010000,BMC 1.0V
18:15:11.692,1.010000,BMC 1.0V
18:15:12.192,1.010000,BMC 1.0V
18:15:12.692,1.010000,BMC 1.0V
18:15:13.192,1.010000,BMC 1.0V
18:14:58.192,1.060000,CPU_VDDCR0
18:14:58.692,1.060000,CPU_VDDCR0
18:14:59.192,1.060000,CPU_VDDCR0
18:14:59.692,1.060000,CPU_VDDCR0
18:15:00.192,1.060000,CPU_VDDCR0
18:15:00.692,1.060000,CPU_VDDCR0
18:15:01.192,1.060000,CPU_VDDCR0
18:15:01.692,1.060000,CPU_VDDCR0
18:15:02.192,1.060000,CPU_VDDCR0
18:15:02.692,1.060000,CPU_VDDCR0
18:15:03.192,0.920000,CPU_VDDCR0
18:15:03.692,0.920000,CPU_VDDCR0
18:15:04.192,0.920000,CPU_VDDCR0
18:15:04.692,0.920000,CPU_VDDCR0
18:15:05.192,0.920000,CPU_VDDCR0
18:15:05.692,0.920000,CPU_VDDCR0
18:15:06.192,0.920000,CPU_VDDCR0
18:15:06.692,0.920000,CPU_VDDCR0
18:15:07.192,0.920000,CPU_VDDCR0
18:15:07.692,0.920000,CPU_VDDCR0
18:15:08.192,0.920000,CPU_VDDCR0
18:15:08.692,0.920000,CPU_VDDCR0
18:15:09.192,0.920000,CPU_VDDCR0
18:15:09.692,0.920000,CPU_VDDCR0
18:15:10.192,0.920000,CPU_VDDCR0
18:15:10.692,0.920000,CPU_VDDCR0
18:15:11.192,0.920000,CPU_VDDCR0
18:15:11.692,0.920000,CPU_VDDCR0
18:15:12.192,0.920000,CPU_VDDCR0
18:15:12.692,0.920000,CPU_VDDCR0
18:15:13.192,0.920000,CPU_VDDCR0
18:14:58.192,0.970000,CPU_SOC
18:14:58.692,0.970000,CPU_SOC
18:14:59.192,0.970000,CPU_SOC
18:14:59.692,0.970000,CPU_SOC
18:15:00.192,0.970000,CPU_SOC
18:15:00.692,0.970000,CPU_SOC
18:15:01.192,0.970000,CPU_SOC
18:15:01.692,0.970000,CPU_SOC
18:15:02.192,0.970000,CPU_SOC
18:15:02.692,0.970000,CPU_SOC
18:15:03.192,0.970000,CPU_SOC
18:15:03.692,0.970000,CPU_SOC
18:15:04.192,0.970000,CPU_SOC
18:15:04.692,0.970000,CPU_SOC
18:15:05.192,0.970000,CPU_SOC
18:15:05.692,0.970000,CPU_SOC
18:15:06.192,0.970000,CPU_SOC
18:15:06.692,0.970000,CPU_SOC
18:15:07.192,0.970000,CPU_SOC
18:15:07.692,0.970000,CPU_SOC
18:15:08.192,0.970000,CPU_SOC
18:15:08.692,0.970000,CPU_SOC
18:15:09.192,0.970000,CPU_SOC
18:15:09.692,0.970000,CPU_SOC
18:15:10.192,0.970000,CPU_SOC
18:15:10.692,0.970000,CPU_SOC
18:15:11.192,0.970000,CPU_SOC
18:15:11.692,0.970000,CPU_SOC
18:15:12.192,0.970000,CPU_SOC
18:15:12.692,0.970000,CPU_SOC
18:15:13.192,0.970000,CPU_SOC
18:14:58.192,0.830000,CPU_VDDCR1
18:14:58.692,0.830000,CPU_VDDCR1
18:14:59.192,0.830000,CPU_VDDCR1
18:14:59.692,0.830000,CPU_VDDCR1
18:15:00.192,0.830000,CPU_VDDCR1
18:15:00.692,0.830000,CPU_VDDCR1
18:15:01.192,0.830000,CPU_VDDCR1
18:15:01.692,0.830000,CPU_VDDCR1
18:15:02.192,0.830000,CPU_VDDCR1
18:15:02.692,0.830000,CPU_VDDCR1
18:15:03.192,1.060000,CPU_VDDCR1
18:15:03.692,1.060000,CPU_VDDCR1
18:15:04.192,1.060000,CPU_VDDCR1
18:15:04.692,1.060000,CPU_VDDCR1
18:15:05.192,1.060000,CPU_VDDCR1
18:15:05.692,1.060000,CPU_VDDCR1
18:15:06.192,1.060000,CPU_VDDCR1
18:15:06.692,1.060000,CPU_VDDCR1
18:15:07.192,1.060000,CPU_VDDCR1
18:15:07.692,1.060000,CPU_VDDCR1
18:15:08.192,1.060000,CPU_VDDCR1
18:15:08.692,1.060000,CPU_VDDCR1
18:15:09.192,1.060000,CPU_VDDCR1
18:15:09.692,1.060000,CPU_VDDCR1
18:15:10.192,1.060000,CPU_VDDCR1
18:15:10.692,1.060000,CPU_VDDCR1
18:15:11.192,1.060000,CPU_VDDCR1
18:15:11.692,1.060000,CPU_VDDCR1
18:15:12.192,1.060000,CPU_VDDCR1
18:15:12.692,1.060000,CPU_VDDCR1
18:15:13.192,1.060000,CPU_VDDCR1
18:14:58.192,1.090000,CPU_VDDIO
18:14:58.692,1.090000,CPU_VDDIO
18:14:59.192,1.090000,CPU_VDDIO
18:14:59.692,1.090000,CPU_VDDIO
18:15:00.192,1.090000,CPU_VDDIO
18:15:00.692,1.090000,CPU_VDDIO
18:15:01.192,1.090000,CPU_VDDIO
18:15:01.692,1.090000,CPU_VDDIO
18:15:02.192,1.090000,CPU_VDDIO
18:15:02.692,1.090000,CPU_VDDIO
18:15:03.192,1.090000,CPU_VDDIO
18:15:03.692,1.090000,CPU_VDDIO
18:15:04.192,1.090000,CPU_VDDIO
18:15:04.692,1.090000,CPU_VDDIO
18:15:05.192,1.090000,CPU_VDDIO
18:15:05.692,1.090000,CPU_VDDIO
18:15:06.192,1.090000,CPU_VDDIO
18:15:06.692,1.090000,CPU_VDDIO
18:15:07.192,1.090000,CPU_VDDIO
18:15:07.692,1.090000,CPU_VDDIO
18:15:08.192,1.090000,CPU_VDDIO
18:15:08.692,1.090000,CPU_VDDIO
18:15:09.192,1.090000,CPU_VDDIO
18:15:09.692,1.090000,CPU_VDDIO
18:15:10.192,1.090000,CPU_VDDIO
18:15:10.692,1.090000,CPU_VDDIO
18:15:11.192,1.090000,CPU_VDDIO
18:15:11.692,1.090000,CPU_VDDIO
18:15:12.192,1.090000,CPU_VDDIO
18:15:12.692,1.090000,CPU_VDDIO
18:15:13.192,1.090000,CPU_VDDIO
18:14:58.192,12.080000,MB 12V
18:14:58.692,12.080000,MB 12V
18:14:59.192,12.080000,MB 12V
18:14:59.692,12.080000,MB 12V
18:15:00.192,12.080000,MB 12V
18:15:00.692,12.080000,MB 12V
18:15:01.192,12.080000,MB 12V
18:15:01.692,12.080000,MB 12V
18:15:02.192,12.080000,MB 12V
18:15:02.692,12.080000,MB 12V
18:15:03.192,12.080000,MB 12V
18:15:03.692,12.080000,MB 12V
18:15:04.192,12.080000,MB 12V
18:15:04.692,12.080000,MB 12V
18:15:05.192,12.080000,MB 12V
18:15:05.692,12.080000,MB 12V
18:15:06.192,12.080000,MB 12V
18:15:06.692,12.080000,MB 12V
18:15:07.192,12.080000,MB 12V
18:15:07.692,12.080000,MB 12V
18:15:08.192,12.080000,MB 12V
18:15:08.692,12.080000,MB 12V
18:15:09.192,12.080000,MB 12V
18:15:09.692,12.080000,MB 12V
18:15:10.192,12.080000,MB 12V
18:15:10.692,12.080000,MB 12V
18:15:11.192,12.080000,MB 12V
18:15:11.692,12.080000,MB 12V
18:15:12.192,12.080000,MB 12V
18:15:12.692,12.080000,MB 12V
18:15:13.192,12.080000,MB 12V
18:14:58.192,5.180000,MB 5VCC
18:14:58.692,5.180000,MB 5VCC
18:14:59.192,5.180000,MB 5VCC
18:14:59.692,5.180000,MB 5VCC
18:15:00.192,5.180000,MB 5VCC
18:15:00.692,5.180000,MB 5VCC
18:15:01.192,5.180000,MB 5VCC
18:15:01.692,5.180000,MB 5VCC
18:15:02.192,5.180000,MB 5VCC
18:15:02.692,5.180000,MB 5VCC
18:15:03.192,5.180000,MB 5VCC
18:15:03.692,5.180000,MB 5VCC
18:15:04.192,5.180000,MB 5VCC
18:15:04.692,5.180000,MB 5VCC
18:15:05.192,5.180000,MB 5VCC
18:15:05.692,5.180000,MB 5VCC
18:15:06.192,5.180000,MB 5VCC
18:15:06.692,5.180000,MB 5VCC
18:15:07.192,5.180000,MB 5VCC
18:15:07.692,5.180000,MB 5VCC
18:15:08.192,5.180000,MB 5VCC
18:15:08.692,5.180000,MB 5VCC
18:15:09.192,5.180000,MB 5VCC
18:15:09.692,5.180000,MB 5VCC
18:15:10.192,5.180000,MB 5VCC
18:15:10.692,5.180000,MB 5VCC
18:15:11.192,5.180000,MB 5VCC
18:15:11.692,5.180000,MB 5VCC
18:15:12.192,5.180000,MB 5VCC
18:15:12.692,5.180000,MB 5VCC
18:15:13.192,5.180000,MB 5VCC
18:14:58.192,3.400000,MB 3.3VCC
18:14:58.692,3.400000,MB 3.3VCC
18:14:59.192,3.400000,MB 3.3VCC
18:14:59.692,3.400000,MB 3.3VCC
18:15:00.192,3.400000,MB 3.3VCC
18:15:00.692,3.400000,MB 3.3VCC
18:15:01.192,3.400000,MB 3.3VCC
18:15:01.692,3.400000,MB 3.3VCC
18:15:02.192,3.400000,MB 3.3VCC
18:15:02.692,3.400000,MB 3.3VCC
18:15:03.192,3.400000,MB 3.3VCC
18:15:03.692,3.400000,MB 3.3VCC
18:15:04.192,3.400000,MB 3.3VCC
18:15:04.692,3.400000,MB 3.3VCC
18:15:05.192,3.400000,MB 3.3VCC
18:15:05.692,3.400000,MB 3.3VCC
18:15:06.192,3.400000,MB 3.3VCC
18:15:06.692,3.400000,MB 3.3VCC
18:15:07.192,3.400000,MB 3.3VCC
18:15:07.692,3.400000,MB 3.3VCC
18:15:08.192,3.400000,MB 3.3VCC
18:15:08.692,3.400000,MB 3.3VCC
18:15:09.192,3.400000,MB 3.3VCC
18:15:09.692,3.400000,MB 3.3VCC
18:15:10.192,3.400000,MB 3.3VCC
18:15:10.692,3.400000,MB 3.3VCC
18:15:11.192,3.400000,MB 3.3VCC
18:15:11.692,3.400000,MB 3.3VCC
18:15:12.192,3.400000,MB 3.3VCC
18:15:12.692,3.400000,MB 3.3VCC
18:15:13.192,3.400000,MB 3.3VCC
18:14:58.192,5.140000,MB 5VSB
18:14:58.692,5.140000,MB 5VSB
18:14:59.192,5.140000,MB 5VSB
18:14:59.692,5.140000,MB 5VSB
18:15:00.192,5.140000,MB 5VSB
18:15:00.692,5.140000,MB 5VSB
18:15:01.192,5.140000,MB 5VSB
18:15:01.692,5.140000,MB 5VSB
18:15:02.192,5.140000,MB 5VSB
18:15:02.692,5.140000,MB 5VSB
18:15:03.192,5.140000,MB 5VSB
18:15:03.692,5.140000,MB 5VSB
18:15:04.192,5.140000,MB 5VSB
18:15:04.692,5.140000,MB 5VSB
18:15:05.192,5.140000,MB 5VSB
18:15:05.692,5.140000,MB 5VSB
18:15:06.192,5.140000,MB 5VSB
18:15:06.692,5.140000,MB 5VSB
18:15:07.192,5.140000,MB 5VSB
18:15:07.692,5.140000,MB 5VSB
18:15:08.192,5.140000,MB 5VSB
18:15:08.692,5.140000,MB 5VSB
18:15:09.192,5.140000,MB 5VSB
18:15:09.692,5.140000,MB 5VSB
18:15:10.192,5.140000,MB 5VSB
18:15:10.692,5.140000,MB 5VSB
18:15:11.192,5.140000,MB 5VSB
18:15:11.692,5.140000,MB 5VSB
18:15:12.192,5.140000,MB 5VSB
18:15:12.692,5.140000,MB 5VSB
18:15:13.192,5.140000,MB 5VSB
18:15:13.692,5.140000,MB 5VSB
18:14:58.192,3.340000,MB 3.3VSB
18:14:58.692,3.340000,MB 3.3VSB
18:14:59.192,3.340000,MB 3.3VSB
18:14:59.692,3.340000,MB 3.3VSB
18:15:00.192,3.340000,MB 3.3VSB
18:15:00.692,3.340000,MB 3.3VSB
18:15:01.192,3.340000,MB 3.3VSB
18:15:01.692,3.340000,MB 3.3VSB
18:15:02.192,3.340000,MB 3.3VSB
18:15:02.692,3.340000,MB 3.3VSB
18:15:03.192,3.340000,MB 3.3VSB
18:15:03.692,3.340000,MB 3.3VSB
18:15:04.192,3.340000,MB 3.3VSB
18:15:04.692,3.340000,MB 3.3VSB
18:15:05.192,3.340000,MB 3.3VSB
18:15:05.692,3.340000,MB 3.3VSB
18:15:06.192,3.340000,MB 3.3VSB
18:15:06.692,3.340000,MB 3.3VSB
18:15:07.192,3.340000,MB 3.3VSB
18:15:07.692,3.340000,MB 3.3VSB
18:15:08.192,3.340000,MB 3.3VSB
18:15:08.692,3.340000,MB 3.3VSB
18:15:09.192,3.340000,MB 3.3VSB
18:15:09.692,3.340000,MB 3.3VSB
18:15:10.192,3.340000,MB 3.3VSB
18:15:10.692,3.340000,MB 3.3VSB
18:15:11.192,3.340000,MB 3.3VSB
18:15:11.692,3.340000,MB 3.3VSB
18:15:12.192,3.340000,MB 3.3VSB
18:15:12.692,3.340000,MB 3.3VSB
18:15:13.192,3.340000,MB 3.3VSB
18:15:13.692,3.340000,MB 3.3VSB
18:14:58.192,1.810000,MB 1.8VSB
18:14:58.692,1.810000,MB 1.8VSB
18:14:59.192,1.810000,MB 1.8VSB
18:14:59.692,1.810000,MB 1.8VSB
18:15:00.192,1.810000,MB 1.8VSB
18:15:00.692,1.810000,MB 1.8VSB
18:15:01.192,1.810000,MB 1.8VSB
18:15:01.692,1.810000,MB 1.8VSB
18:15:02.192,1.810000,MB 1.8VSB
18:15:02.692,1.810000,MB 1.8VSB
18:15:03.192,1.810000,MB 1.8VSB
18:15:03.692,1.810000,MB 1.8VSB
18:15:04.192,1.810000,MB 1.8VSB
18:15:04.692,1.810000,MB 1.8VSB
18:15:05.192,1.810000,MB 1.8VSB
18:15:05.692,1.810000,MB 1.8VSB
18:15:06.192,1.810000,MB 1.8VSB
18:15:06.692,1.810000,MB 1.8VSB
18:15:07.192,1.810000,MB 1.8VSB
18:15:07.692,1.810000,MB 1.8VSB
18:15:08.192,1.810000,MB 1.8VSB
18:15:08.692,1.810000,MB 1.8VSB
18:15:09.192,1.810000,MB 1.8VSB
18:15:09.692,1.810000,MB 1.8VSB
18:15:10.192,1.810000,MB 1.8VSB
18:15:10.692,1.810000,MB 1.8VSB
18:15:11.192,1.810000,MB 1.8VSB
18:15:11.692,1.810000,MB 1.8VSB
18:15:12.192,1.810000,MB 1.8VSB
18:15:12.692,1.810000,MB 1.8VSB
18:15:13.192,1.810000,MB 1.8VSB
18:15:13.692,1.810000,MB 1.8VSB
18:14:58.192,2.510000,BMC 2.5V
18:14:58.692,2.510000,BMC 2.5V
18:14:59.192,2.510000,BMC 2.5V
18:14:59.692,2.510000,BMC 2.5V
18:15:00.192,2.510000,BMC 2.5V
18:15:00.692,2.510000,BMC 2.5V
18:15:01.192,2.510000,BMC 2.5V
18:15:01.692,2.510000,BMC 2.5V
18:15:02.192,2.510000,BMC 2.5V
18:15:02.692,2.510000,BMC 2.5V
18:15:03.192,2.530000,BMC 2.5V
18:15:03.692,2.530000,BMC 2.5V
18:15:04.192,2.530000,BMC 2.5V
18:15:04.692,2.530000,BMC 2.5V
18:15:05.192,2.530000,BMC 2.5V
18:15:05.692,2.530000,BMC 2.5V
18:15:06.192,2.530000,BMC 2.5V
18:15:06.692,2.530000,BMC 2.5V
18:15:07.192,2.530000,BMC 2.5V
18:15:07.692,2.530000,BMC 2.5V
18:15:08.192,2.530000,BMC 2.5V
18:15:08.692,2.530000,BMC 2.5V
18:15:09.192,2.530000,BMC 2.5V
18:15:09.692,2.530000,BMC 2.5V
18:15:10.192,2.530000,BMC 2.5V
18:15:10.692,2.530000,BMC 2.5V
18:15:11.192,2.530000,BMC 2.5V
18:15:11.692,2.530000,BMC 2.5V
18:15:12.192,2.530000,BMC 2.5V
18:15:12.692,2.530000,BMC 2.5V
18:15:13.192,2.530000,BMC 2.5V
18:15:13.692,2.530000,BMC 2.5V
18:14:58.192,1.810000,BMC 1.8V
18:14:58.692,1.810000,BMC 1.8V
18:14:59.192,1.810000,BMC 1.8V
18:14:59.692,1.810000,BMC 1.8V
18:15:00.192,1.810000,BMC 1.8V
18:15:00.692,1.810000,BMC 1.8V
18:15:01.192,1.810000,BMC 1.8V
18:15:01.692,1.810000,BMC 1.8V
18:15:02.192,1.810000,BMC 1.8V
18:15:02.692,1.810000,BMC 1.8V
18:15:03.192,1.810000,BMC 1.8V
18:15:03.692,1.810000,BMC 1.8V
18:15:04.192,1.810000,BMC 1.8V
18:15:04.692,1.810000,BMC 1.8V
18:15:05.192,1.810000,BMC 1.8V
18:15:05.692,1.810000,BMC 1.8V
18:15:06.192,1.810000,BMC 1.8V
18:15:06.692,1.810000,BMC 1.8V
18:15:07.192,1.810000,BMC 1.8V
18:15:07.692,1.810000,BMC 1.8V
18:15:08.192,1.810000,BMC 1.8V
18:15:08.692,1.810000,BMC 1.8V
18:15:09.192,1.810000,BMC 1.8V
18:15:09.692,1.810000,BMC 1.8V
18:15:10.192,1.810000,BMC 1.8V
18:15:10.692,1.810000,BMC 1.8V
18:15:11.192,1.810000,BMC 1.8V
18:15:11.692,1.810000,BMC 1.8V
18:15:12.192,1.810000,BMC 1.8V
18:15:12.692,1.810000,BMC 1.8V
18:15:13.192,1.810000,BMC 1.8V
18:15:13.692,1.810000,BMC 1.8V
18:14:58.192,1.210000,BMC 1.2V
18:14:58.692,1.210000,BMC 1.2V
18:14:59.192,1.210000,BMC 1.2V
18:14:59.692,1.210000,BMC 1.2V
18:15:00.192,1.210000,BMC 1.2V
18:15:00.692,1.210000,BMC 1.2V
18:15:01.192,1.210000,BMC 1.2V
18:15:01.692,1.210000,BMC 1.2V
18:15:02.192,1.210000,BMC 1.2V
18:15:02.692,1.210000,BMC 1.2V
18:15:03.192,1.210000,BMC 1.2V
18:15:03.692,1.210000,BMC 1.2V
18:15:04.192,1.210000,BMC 1.2V
18:15:04.692,1.210000,BMC 1.2V
18:15:05.192,1.210000,BMC 1.2V
18:15:05.692,1.210000,BMC 1.2V
18:15:06.192,1.210000,BMC 1.2V
18:15:06.692,1.210000,BMC 1.2V
18:15:07.192,1.210000,BMC 1.2V
18:15:07.692,1.210000,BMC 1.2V
18:15:08.192,1.210000,BMC 1.2V
18:15:08.692,1.210000,BMC 1.2V
18:15:09.192,1.210000,BMC 1.2V
18:15:09.692,1.210000,BMC 1.2V
18:15:10.192,1.210000,BMC 1.2V
18:15:10.692,1.210000,BMC 1.2V
18:15:11.192,1.210000,BMC 1.2V
18:15:11.692,1.210000,BMC 1.2V
18:15:12.192,1.210000,BMC 1.2V
18:15:12.692,1.210000,BMC 1.2V
18:15:13.192,1.210000,BMC 1.2V
18:15:13.692,1.210000,BMC 1.2V
18:14:58.192,1.010000,BMC 1.0V
18:14:58.692,1.010000,BMC 1.0V
18:14:59.192,1.010000,BMC 1.0V
18:14:59.692,1.010000,BMC 1.0V
18:15:00.192,1.010000,BMC 1.0V
18:15:00.692,1.010000,BMC 1.0V
18:15:01.192,1.010000,BMC 1.0V
18:15:01.692,1.010000,BMC 1.0V
18:15:02.192,1.010000,BMC 1.0V
18:15:02.692,1.010000,BMC 1.0V
18:15:03.192,1.010000,BMC 1.0V
18:15:03.692,1.010000,BMC 1.0V
18:15:04.192,1.010000,BMC 1.0V
18:15:04.692,1.010000,BMC 1.0V
18:15:05.192,1.010000,BMC 1.0V
18:15:05.692,1.010000,BMC 1.0V
18:15:06.192,1.010000,BMC 1.0V
18:15:06.692,1.010000,BMC 1.0V
18:15:07.192,1.010000,BMC 1.0V
18:15:07.692,1.010000,BMC 1.0V
18:15:08.192,1.010000,BMC 1.0V
18:15:08.692,1.010000,BMC 1.0V
18:15:09.192,1.010000,BMC 1.0V
18:15:09.692,1.010000,BMC 1.0V
18:15:10.192,1.010000,BMC 1.0V
18:15:10.692,1.010000,BMC 1.0V
18:15:11.192,1.010000,BMC 1.0V
18:15:11.692,1.010000,BMC 1.0V
18:15:12.192,1.010000,BMC 1.0V
18:15:12.692,1.010000,BMC 1.0V
18:15:13.192,1.010000,BMC 1.0V
18:15:13.692,1.010000,BMC 1.0V
18:14:58.192,1.060000,CPU_VDDCR0
18:14:58.692,1.060000,CPU_VDDCR0
18:14:59.192,1.060000,CPU_VDDCR0
18:14:59.692,1.060000,CPU_VDDCR0
18:15:00.192,1.060000,CPU_VDDCR0
18:15:00.692,1.060000,CPU_VDDCR0
18:15:01.192,1.060000,CPU_VDDCR0
18:15:01.692,1.060000,CPU_VDDCR0
18:15:02.192,1.060000,CPU_VDDCR0
18:15:02.692,1.060000,CPU_VDDCR0
18:15:03.192,0.920000,CPU_VDDCR0
18:15:03.692,0.920000,CPU_VDDCR0
18:15:04.192,0.920000,CPU_VDDCR0
18:15:04.692,0.920000,CPU_VDDCR0
18:15:05.192,0.920000,CPU_VDDCR0
18:15:05.692,0.920000,CPU_VDDCR0
18:15:06.192,0.920000,CPU_VDDCR0
18:15:06.692,0.920000,CPU_VDDCR0
18:15:07.192,0.920000,CPU_VDDCR0
18:15:07.692,0.920000,CPU_VDDCR0
18:15:08.192,0.920000,CPU_VDDCR0
18:15:08.692,0.920000,CPU_VDDCR0
18:15:09.192,0.920000,CPU_VDDCR0
18:15:09.692,0.920000,CPU_VDDCR0
18:15:10.192,0.920000,CPU_VDDCR0
18:15:10.692,0.920000,CPU_VDDCR0
18:15:11.192,0.920000,CPU_VDDCR0
18:15:11.692,0.920000,CPU_VDDCR0
18:15:12.192,0.920000,CPU_VDDCR0
18:15:12.692,0.920000,CPU_VDDCR0
18:15:13.192,0.920000,CPU_VDDCR0
18:15:13.692,0.920000,CPU_VDDCR0
18:14:58.192,0.970000,CPU_SOC
18:14:58.692,0.970000,CPU_SOC
18:14:59.192,0.970000,CPU_SOC
18:14:59.692,0.970000,CPU_SOC
18:15:00.192,0.970000,CPU_SOC
18:15:00.692,0.970000,CPU_SOC
18:15:01.192,0.970000,CPU_SOC
18:15:01.692,0.970000,CPU_SOC
18:15:02.192,0.970000,CPU_SOC
18:15:02.692,0.970000,CPU_SOC
18:15:03.192,0.970000,CPU_SOC
18:15:03.692,0.970000,CPU_SOC
18:15:04.192,0.970000,CPU_SOC
18:15:04.692,0.970000,CPU_SOC
18:15:05.192,0.970000,CPU_SOC
18:15:05.692,0.970000,CPU_SOC
18:15:06.192,0.970000,CPU_SOC
18:15:06.692,0.970000,CPU_SOC
18:15:07.192,0.970000,CPU_SOC
18:15:07.692,0.970000,CPU_SOC
18:15:08.192,0.970000,CPU_SOC
18:15:08.692,0.970000,CPU_SOC
18:15:09.192,0.970000,CPU_SOC
18:15:09.692,0.970000,CPU_SOC
18:15:10.192,0.970000,CPU_SOC
18:15:10.692,0.970000,CPU_SOC
18:15:11.192,0.970000,CPU_SOC
18:15:11.692,0.970000,CPU_SOC
18:15:12.192,0.970000,CPU_SOC
18:15:12.692,0.970000,CPU_SOC
18:15:13.192,0.970000,CPU_SOC
18:15:13.692,0.970000,CPU_SOC
18:14:58.192,0.830000,CPU_VDDCR1
18:14:58.692,0.830000,CPU_VDDCR1
18:14:59.192,0.830000,CPU_VDDCR1
18:14:59.692,0.830000,CPU_VDDCR1
18:15:00.192,0.830000,CPU_VDDCR1
18:15:00.692,0.830000,CPU_VDDCR1
18:15:01.192,0.830000,CPU_VDDCR1
18:15:01.692,0.830000,CPU_VDDCR1
18:15:02.192,0.830000,CPU_VDDCR1
18:15:02.692,0.830000,CPU_VDDCR1
18:15:03.192,1.060000,CPU_VDDCR1
18:15:03.692,1.060000,CPU_VDDCR1
18:15:04.192,1.060000,CPU_VDDCR1
18:15:04.692,1.060000,CPU_VDDCR1
18:15:05.192,1.060000,CPU_VDDCR1
18:15:05.692,1.060000,CPU_VDDCR1
18:15:06.192,1.060000,CPU_VDDCR1
18:15:06.692,1.060000,CPU_VDDCR1
18:15:07.192,1.060000,CPU_VDDCR1
18:15:07.692,1.060000,CPU_VDDCR1
18:15:08.192,1.060000,CPU_VDDCR1
18:15:08.692,1.060000,CPU_VDDCR1
18:15:09.192,1.060000,CPU_VDDCR1
18:15:09.692,1.060000,CPU_VDDCR1
18:15:10.192,1.060000,CPU_VDDCR1
18:15:10.692,1.060000,CPU_VDDCR1
18:15:11.192,1.060000,CPU_VDDCR1
18:15:11.692,1.060000,CPU_VDDCR1
18:15:12.192,1.060000,CPU_VDDCR1
18:15:12.692,1.060000,CPU_VDDCR1
18:15:13.192,1.060000,CPU_VDDCR1
18:15:13.692,1.060000,CPU_VDDCR1
18:14:58.192,1.090000,CPU_VDDIO
18:14:58.692,1.090000,CPU_VDDIO
18:14:59.192,1.090000,CPU_VDDIO
18:14:59.692,1.090000,CPU_VDDIO
18:15:00.192,1.090000,CPU_VDDIO
18:15:00.692,1.090000,CPU_VDDIO
18:15:01.192,1.090000,CPU_VDDIO
18:15:01.692,1.090000,CPU_VDDIO
18:15:02.192,1.090000,CPU_VDDIO
18:15:02.692,1.090000,CPU_VDDIO
18:15:03.192,1.090000,CPU_VDDIO
18:15:03.692,1.090000,CPU_VDDIO
18:15:04.192,1.090000,CPU_VDDIO
18:15:04.692,1.090000,CPU_VDDIO
18:15:05.192,1.090000,CPU_VDDIO
18:15:05.692,1.090000,CPU_VDDIO
18:15:06.192,1.090000,CPU_VDDIO
18:15:06.692,1.090000,CPU_VDDIO
18:15:07.192,1.090000,CPU_VDDIO
18:15:07.692,1.090000,CPU_VDDIO
18:15:08.192,1.090000,CPU_VDDIO
18:15:08.692,1.090000,CPU_VDDIO
18:15:09.192,1.090000,CPU_VDDIO
18:15:09.692,1.090000,CPU_VDDIO
18:15:10.192,1.090000,CPU_VDDIO
18:15:10.692,1.090000,CPU_VDDIO
18:15:11.192,1.090000,CPU_VDDIO
18:15:11.692,1.090000,CPU_VDDIO
18:15:12.192,1.090000,CPU_VDDIO
18:15:12.692,1.090000,CPU_VDDIO
18:15:13.192,1.090000,CPU_VDDIO
18:15:13.692,1.090000,CPU_VDDIO
18:14:58.192,12.080000,MB 12V
18:14:58.692,12.080000,MB 12V
18:14:59.192,12.080000,MB 12V
18:14:59.692,12.080000,MB 12V
18:15:00.192,12.080000,MB 12V
18:15:00.692,12.080000,MB 12V
18:15:01.192,12.080000,MB 12V
18:15:01.692,12.080000,MB 12V
18:15:02.192,12.080000,MB 12V
18:15:02.692,12.080000,MB 12V
18:15:03.192,12.080000,MB 12V
18:15:03.692,12.080000,MB 12V
18:15:04.192,12.080000,MB 12V
18:15:04.692,12.080000,MB 12V
18:15:05.192,12.080000,MB 12V
18:15:05.692,12.080000,MB 12V
18:15:06.192,12.080000,MB 12V
18:15:06.692,12.080000,MB 12V
18:15:07.192,12.080000,MB 12V
18:15:07.692,12.080000,MB 12V
18:15:08.192,12.080000,MB 12V
18:15:08.692,12.080000,MB 12V
18:15:09.192,12.080000,MB 12V
18:15:09.692,12.080000,MB 12V
18:15:10.192,12.080000,MB 12V
18:15:10.692,12.080000,MB 12V
18:15:11.192,12.080000,MB 12V
18:15:11.692,12.080000,MB 12V
18:15:12.192,12.080000,MB 12V
18:15:12.692,12.080000,MB 12V
18:15:13.192,12.080000,MB 12V
18:15:13.692,12.080000,MB 12V
18:14:58.192,5.180000,MB 5VCC
18:14:58.692,5.180000,MB 5VCC
18:14:59.192,5.180000,MB 5VCC
18:14:59.692,5.180000,MB 5VCC
18:15:00.192,5.180000,MB 5VCC
18:15:00.692,5.180000,MB 5VCC
18:15:01.192,5.180000,MB 5VCC
18:15:01.692,5.180000,MB 5VCC
18:15:02.192,5.180000,MB 5VCC
18:15:02.692,5.180000,MB 5VCC
18:15:03.192,5.180000,MB 5VCC
18:15:03.692,5.180000,MB 5VCC
18:15:04.192,5.180000,MB 5VCC
18:15:04.692,5.180000,MB 5VCC
18:15:05.192,5.180000,MB 5VCC
18:15:05.692,5.180000,MB 5VCC
18:15:06.192,5.180000,MB 5VCC
18:15:06.692,5.180000,MB 5VCC
18:15:07.192,5.180000,MB 5VCC
18:15:07.692,5.180000,MB 5VCC
18:15:08.192,5.180000,MB 5VCC
18:15:08.692,5.180000,MB 5VCC
18:15:09.192,5.180000,MB 5VCC
18:15:09.692,5.180000,MB 5VCC
18:15:10.192,5.180000,MB 5VCC
18:15:10.692,5.180000,MB 5VCC
18:15:11.192,5.180000,MB 5VCC
18:15:11.692,5.180000,MB 5VCC
18:15:12.192,5.180000,MB 5VCC
18:15:12.692,5.180000,MB 5VCC
18:15:13.192,5.180000,MB 5VCC
18:15:13.692,5.180000,MB 5VCC
18:14:58.192,3.400000,MB 3.3VCC
18:14:58.692,3.400000,MB 3.3VCC
18:14:59.192,3.400000,MB 3.3VCC
18:14:59.692,3.400000,MB 3.3VCC
18:15:00.192,3.400000,MB 3.3VCC
18:15:00.692,3.400000,MB 3.3VCC
18:15:01.192,3.400000,MB 3.3VCC
18:15:01.692,3.400000,MB 3.3VCC
18:15:02.192,3.400000,MB 3.3VCC
18:15:02.692,3.400000,MB 3.3VCC
18:15:03.192,3.400000,MB 3.3VCC
18:15:03.692,3.400000,MB 3.3VCC
18:15:04.192,3.400000,MB 3.3VCC
18:15:04.692,3.400000,MB 3.3VCC
18:15:05.192,3.400000,MB 3.3VCC
18:15:05.692,3.400000,MB 3.3VCC
18:15:06.192,3.400000,MB 3.3VCC
18:15:06.692,3.400000,MB 3.3VCC
18:15:07.192,3.400000,MB 3.3VCC
18:15:07.692,3.400000,MB 3.3VCC
18:15:08.192,3.400000,MB 3.3VCC
18:15:08.692,3.400000,MB 3.3VCC
18:15:09.192,3.400000,MB 3.3VCC
18:15:09.692,3.400000,MB 3.3VCC
18:15:10.192,3.400000,MB 3.3VCC
18:15:10.692,3.400000,MB 3.3VCC
18:15:11.192,3.400000,MB 3.3VCC
18:15:11.692,3.400000,MB 3.3VCC
18:15:12.192,3.400000,MB 3.3VCC
18:15:12.692,3.400000,MB 3.3VCC
18:15:13.192,3.400000,MB 3.3VCC
18:15:13.692,3.400000,MB 3.3VCC
18:15:04.094,5.140000,MB 5VSB
18:15:04.594,5.140000,MB 5VSB
18:15:05.094,5.140000,MB 5VSB
18:15:05.594,5.140000,MB 5VSB
18:15:06.094,5.140000,MB 5VSB
18:15:06.594,5.140000,MB 5VSB
18:15:07.094,5.140000,MB 5VSB
18:15:07.594,5.140000,MB 5VSB
18:15:08.094,5.140000,MB 5VSB
18:15:08.594,5.140000,MB 5VSB
18:15:09.094,5.140000,MB 5VSB
18:15:09.594,5.140000,MB 5VSB
18:15:10.094,5.140000,MB 5VSB
18:15:10.594,5.140000,MB 5VSB
18:15:11.094,5.140000,MB 5VSB
18:15:11.594,5.140000,MB 5VSB
18:15:12.094,5.140000,MB 5VSB
18:15:12.594,5.140000,MB 5VSB
18:15:13.094,5.140000,MB 5VSB
18:15:13.594,5.140000,MB 5VSB
18:15:14.094,5.140000,MB 5VSB
18:15:04.094,3.340000,MB 3.3VSB
18:15:04.594,3.340000,MB 3.3VSB
18:15:05.094,3.340000,MB 3.3VSB
18:15:05.594,3.340000,MB 3.3VSB
18:15:06.094,3.340000,MB 3.3VSB
18:15:06.594,3.340000,MB 3.3VSB
18:15:07.094,3.340000,MB 3.3VSB
18:15:07.594,3.340000,MB 3.3VSB
18:15:08.094,3.340000,MB 3.3VSB
18:15:08.594,3.340000,MB 3.3VSB
18:15:09.094,3.340000,MB 3.3VSB
18:15:09.594,3.340000,MB 3.3VSB
18:15:10.094,3.340000,MB 3.3VSB
18:15:10.594,3.340000,MB 3.3VSB
18:15:11.094,3.340000,MB 3.3VSB
18:15:11.594,3.340000,MB 3.3VSB
18:15:12.094,3.340000,MB 3.3VSB
18:15:12.594,3.340000,MB 3.3VSB
18:15:13.094,3.340000,MB 3.3VSB
18:15:13.594,3.340000,MB 3.3VSB
18:15:14.094,3.340000,MB 3.3VSB
18:15:04.094,1.810000,MB 1.8VSB
18:15:04.594,1.810000,MB 1.8VSB
18:15:05.094,1.810000,MB 1.8VSB
18:15:05.594,1.810000,MB 1.8VSB
18:15:06.094,1.810000,MB 1.8VSB
18:15:06.594,1.810000,MB 1.8VSB
18:15:07.094,1.810000,MB 1.8VSB
18:15:07.594,1.810000,MB 1.8VSB
18:15:08.094,1.810000,MB 1.8VSB
18:15:08.594,1.810000,MB 1.8VSB
18:15:09.094,1.810000,MB 1.8VSB
18:15:09.594,1.810000,MB 1.8VSB
18:15:10.094,1.810000,MB 1.8VSB
18:15:10.594,1.810000,MB 1.8VSB
18:15:11.094,1.810000,MB 1.8VSB
18:15:11.594,1.810000,MB 1.8VSB
18:15:12.094,1.810000,MB 1.8VSB
18:15:12.594,1.810000,MB 1.8VSB
18:15:13.094,1.810000,MB 1.8VSB
18:15:13.594,1.810000,MB 1.8VSB
18:15:14.094,1.810000,MB 1.8VSB
18:15:04.094,2.530000,BMC 2.5V
18:15:04.594,2.530000,BMC 2.5V
18:15:05.094,2.530000,BMC 2.5V
18:15:05.594,2.530000,BMC 2.5V
18:15:06.094,2.530000,BMC 2.5V
18:15:06.594,2.530000,BMC 2.5V
18:15:07.094,2.530000,BMC 2.5V
18:15:07.594,2.530000,BMC 2.5V
18:15:08.094,2.530000,BMC 2.5V
18:15:08.594,2.530000,BMC 2.5V
18:15:09.094,2.530000,BMC 2.5V
18:15:09.594,2.530000,BMC 2.5V
18:15:10.094,2.530000,BMC 2.5V
18:15:10.594,2.530000,BMC 2.5V
18:15:11.094,2.530000,BMC 2.5V
18:15:11.594,2.530000,BMC 2.5V
18:15:12.094,2.530000,BMC 2.5V
18:15:12.594,2.530000,BMC 2.5V
18:15:13.094,2.530000,BMC 2.5V
18:15:13.594,2.530000,BMC 2.5V
18:15:14.094,2.530000,BMC 2.5V
18:15:04.094,1.810000,BMC 1.8V
18:15:04.594,1.810000,BMC 1.8V
18:15:05.094,1.810000,BMC 1.8V
18:15:05.594,1.810000,BMC 1.8V
18:15:06.094,1.810000,BMC 1.8V
18:15:06.594,1.810000,BMC 1.8V
18:15:07.094,1.810000,BMC 1.8V
18:15:07.594,1.810000,BMC 1.8V
18:15:08.094,1.810000,BMC 1.8V
18:15:08.594,1.810000,BMC 1.8V
18:15:09.094,1.810000,BMC 1.8V
18:15:09.594,1.810000,BMC 1.8V
18:15:10.094,1.810000,BMC 1.8V
18:15:10.594,1.810000,BMC 1.8V
18:15:11.094,1.810000,BMC 1.8V
18:15:11.594,1.810000,BMC 1.8V
18:15:12.094,1.810000,BMC 1.8V
18:15:12.594,1.810000,BMC 1.8V
18:15:13.094,1.810000,BMC 1.8V
18:15:13.594,1.810000,BMC 1.8V
18:15:14.094,1.810000,BMC 1.8V
18:15:04.094,1.210000,BMC 1.2V
18:15:04.594,1.210000,BMC 1.2V
18:15:05.094,1.210000,BMC 1.2V
18:15:05.594,1.210000,BMC 1.2V
18:15:06.094,1.210000,BMC 1.2V
18:15:06.594,1.210000,BMC 1.2V
18:15:07.094,1.210000,BMC 1.2V
18:15:07.594,1.210000,BMC 1.2V
18:15:08.094,1.210000,BMC 1.2V
18:15:08.594,1.210000,BMC 1.2V
18:15:09.094,1.210000,BMC 1.2V
18:15:09.594,1.210000,BMC 1.2V
18:15:10.094,1.210000,BMC 1.2V
18:15:10.594,1.210000,BMC 1.2V
18:15:11.094,1.210000,BMC 1.2V
18:15:11.594,1.210000,BMC 1.2V
18:15:12.094,1.210000,BMC 1.2V
18:15:12.594,1.210000,BMC 1.2V
18:15:13.094,1.210000,BMC 1.2V
18:15:13.594,1.210000,BMC 1.2V
18:15:14.094,1.210000,BMC 1.2V
18:15:04.094,1.010000,BMC 1.0V
18:15:04.594,1.010000,BMC 1.0V
18:15:05.094,1.010000,BMC 1.0V
18:15:05.594,1.010000,BMC 1.0V
18:15:06.094,1.010000,BMC 1.0V
18:15:06.594,1.010000,BMC 1.0V
18:15:07.094,1.010000,BMC 1.0V
18:15:07.594,1.010000,BMC 1.0V
18:15:08.094,1.010000,BMC 1.0V
18:15:08.594,1.010000,BMC 1.0V
18:15:09.094,1.010000,BMC 1.0V
18:15:09.594,1.010000,BMC 1.0V
18:15:10.094,1.010000,BMC 1.0V
18:15:10.594,1.010000,BMC 1.0V
18:15:11.094,1.010000,BMC 1.0V
18:15:11.594,1.010000,BMC 1.0V
18:15:12.094,1.010000,BMC 1.0V
18:15:12.594,1.010000,BMC 1.0V
18:15:13.094,1.010000,BMC 1.0V
18:15:13.594,1.010000,BMC 1.0V
18:15:14.094,1.010000,BMC 1.0V
18:15:04.094,0.920000,CPU_VDDCR0
18:15:04.594,0.920000,CPU_VDDCR0
18:15:05.094,0.920000,CPU_VDDCR0
18:15:05.594,0.920000,CPU_VDDCR0
18:15:06.094,0.920000,CPU_VDDCR0
18:15:06.594,0.920000,CPU_VDDCR0
18:15:07.094,0.920000,CPU_VDDCR0
18:15:07.594,0.920000,CPU_VDDCR0
18:15:08.094,0.920000,CPU_VDDCR0
18:15:08.594,0.920000,CPU_VDDCR0
18:15:09.094,0.920000,CPU_VDDCR0
18:15:09.594,0.920000,CPU_VDDCR0
18:15:10.094,0.920000,CPU_VDDCR0
18:15:10.594,0.920000,CPU_VDDCR0
18:15:11.094,0.920000,CPU_VDDCR0
18:15:11.594,0.920000,CPU_VDDCR0
18:15:12.094,0.920000,CPU_VDDCR0
18:15:12.594,0.920000,CPU_VDDCR0
18:15:13.094,0.920000,CPU_VDDCR0
18:15:13.594,0.920000,CPU_VDDCR0
18:15:14.094,0.920000,CPU_VDDCR0
18:15:04.094,0.970000,CPU_SOC
18:15:04.594,0.970000,CPU_SOC
18:15:05.094,0.970000,CPU_SOC
18:15:05.594,0.970000,CPU_SOC
18:15:06.094,0.970000,CPU_SOC
18:15:06.594,0.970000,CPU_SOC
18:15:07.094,0.970000,CPU_SOC
18:15:07.594,0.970000,CPU_SOC
18:15:08.094,0.970000,CPU_SOC
18:15:08.594,0.970000,CPU_SOC
18:15:09.094,0.970000,CPU_SOC
18:15:09.594,0.970000,CPU_SOC
18:15:10.094,0.970000,CPU_SOC
18:15:10.594,0.970000,CPU_SOC
18:15:11.094,0.970000,CPU_SOC
18:15:11.594,0.970000,CPU_SOC
18:15:12.094,0.970000,CPU_SOC
18:15:12.594,0.970000,CPU_SOC
18:15:13.094,0.970000,CPU_SOC
18:15:13.594,0.970000,CPU_SOC
18:15:14.094,0.970000,CPU_SOC
18:15:04.094,1.060000,CPU_VDDCR1
18:15:04.594,1.060000,CPU_VDDCR1
18:15:05.094,1.060000,CPU_VDDCR1
18:15:05.594,1.060000,CPU_VDDCR1
18:15:06.094,1.060000,CPU_VDDCR1
18:15:06.594,1.060000,CPU_VDDCR1
18:15:07.094,1.060000,CPU_VDDCR1
18:15:07.594,1.060000,CPU_VDDCR1
18:15:08.094,1.060000,CPU_VDDCR1
18:15:08.594,1.060000,CPU_VDDCR1
18:15:09.094,1.060000,CPU_VDDCR1
18:15:09.594,1.060000,CPU_VDDCR1
18:15:10.094,1.060000,CPU_VDDCR1
18:15:10.594,1.060000,CPU_VDDCR1
18:15:11.094,1.060000,CPU_VDDCR1
18:15:11.594,1.060000,CPU_VDDCR1
18:15:12.094,1.060000,CPU_VDDCR1
18:15:12.594,1.060000,CPU_VDDCR1
18:15:13.094,1.060000,CPU_VDDCR1
18:15:13.594,1.060000,CPU_VDDCR1
18:15:14.094,1.060000,CPU_VDDCR1
18:15:04.094,1.090000,CPU_VDDIO
18:15:04.594,1.090000,CPU_VDDIO
18:15:05.094,1.090000,CPU_VDDIO
18:15:05.594,1.090000,CPU_VDDIO
18:15:06.094,1.090000,CPU_VDDIO
18:15:06.594,1.090000,CPU_VDDIO
18:15:07.094,1.090000,CPU_VDDIO
18:15:07.594,1.090000,CPU_VDDIO
18:15:08.094,1.090000,CPU_VDDIO
18:15:08.594,1.090000,CPU_VDDIO
18:15:09.094,1.090000,CPU_VDDIO
18:15:09.594,1.090000,CPU_VDDIO
18:15:10.094,1.090000,CPU_VDDIO
18:15:10.594,1.090000,CPU_VDDIO
18:15:11.094,1.090000,CPU_VDDIO
18:15:11.594,1.090000,CPU_VDDIO
18:15:12.094,1.090000,CPU_VDDIO
18:15:12.594,1.090000,CPU_VDDIO
18:15:13.094,1.090000,CPU_VDDIO
18:15:13.594,1.090000,CPU_VDDIO
18:15:14.094,1.090000,CPU_VDDIO
18:15:04.094,12.080000,MB 12V
18:15:04.594,12.080000,MB 12V
18:15:05.094,12.080000,MB 12V
18:15:05.594,12.080000,MB 12V
18:15:06.094,12.080000,MB 12V
18:15:06.594,12.080000,MB 12V
18:15:07.094,12.080000,MB 12V
18:15:07.594,12.080000,MB 12V
18:15:08.094,12.080000,MB 12V
18:15:08.594,12.080000,MB 12V
18:15:09.094,12.080000,MB 12V
18:15:09.594,12.080000,MB 12V
18:15:10.094,12.080000,MB 12V
18:15:10.594,12.080000,MB 12V
18:15:11.094,12.080000,MB 12V
18:15:11.594,12.080000,MB 12V
18:15:12.094,12.080000,MB 12V
18:15:12.594,12.080000,MB 12V
18:15:13.094,12.080000,MB 12V
18:15:13.594,12.080000,MB 12V
18:15:14.094,12.080000,MB 12V
18:15:04.094,5.180000,MB 5VCC
18:15:04.594,5.180000,MB 5VCC
18:15:05.094,5.180000,MB 5VCC
18:15:05.594,5.180000,MB 5VCC
18:15:06.094,5.180000,MB 5VCC
18:15:06.594,5.180000,MB 5VCC
18:15:07.094,5.180000,MB 5VCC
18:15:07.594,5.180000,MB 5VCC
18:15:08.094,5.180000,MB 5VCC
18:15:08.594,5.180000,MB 5VCC
18:15:09.094,5.180000,MB 5VCC
18:15:09.594,5.180000,MB 5VCC
18:15:10.094,5.180000,MB 5VCC
18:15:10.594,5.180000,MB 5VCC
18:15:11.094,5.180000,MB 5VCC
18:15:11.594,5.180000,MB 5VCC
18:15:12.094,5.180000,MB 5VCC
18:15:12.594,5.180000,MB 5VCC
18:15:13.094,5.180000,MB 5VCC
18:15:13.594,5.180000,MB 5VCC
18:15:14.094,5.180000,MB 5VCC
18:15:04.094,3.400000,MB 3.3VCC
18:15:04.594,3.400000,MB 3.3VCC
18:15:05.094,3.400000,MB 3.3VCC
18:15:05.594,3.400000,MB 3.3VCC
18:15:06.094,3.400000,MB 3.3VCC
18:15:06.594,3.400000,MB 3.3VCC
18:15:07.094,3.400000,MB 3.3VCC
18:15:07.594,3.400000,MB 3.3VCC
18:15:08.094,3.400000,MB 3.3VCC
18:15:08.594,3.400000,MB 3.3VCC
18:15:09.094,3.400000,MB 3.3VCC
18:15:09.594,3.400000,MB 3.3VCC
18:15:10.094,3.400000,MB 3.3VCC
18:15:10.594,3.400000,MB 3.3VCC
18:15:11.094,3.400000,MB 3.3VCC
18:15:11.594,3.400000,MB 3.3VCC
18:15:12.094,3.400000,MB 3.3VCC
18:15:12.594,3.400000,MB 3.3VCC
18:15:13.094,3.400000,MB 3.3VCC
18:15:13.594,3.400000,MB 3.3VCC
18:15:14.094,3.400000,MB 3.3VCC
18:15:04.165,5.140000,MB 5VSB
18:15:04.665,5.140000,MB 5VSB
18:15:05.165,5.140000,MB 5VSB
18:15:05.665,5.140000,MB 5VSB
18:15:06.165,5.140000,MB 5VSB
18:15:06.665,5.140000,MB 5VSB
18:15:07.165,5.140000,MB 5VSB
18:15:07.665,5.140000,MB 5VSB
18:15:08.165,5.140000,MB 5VSB
18:15:08.665,5.140000,MB 5VSB
18:15:09.165,5.140000,MB 5VSB
18:15:09.665,5.140000,MB 5VSB
18:15:10.165,5.140000,MB 5VSB
18:15:10.665,5.140000,MB 5VSB
18:15:11.165,5.140000,MB 5VSB
18:15:11.665,5.140000,MB 5VSB
18:15:12.165,5.140000,MB 5VSB
18:15:12.665,5.140000,MB 5VSB
18:15:13.165,5.140000,MB 5VSB
18:15:13.665,5.140000,MB 5VSB
18:15:14.165,5.140000,MB 5VSB
18:15:14.665,5.140000,MB 5VSB
18:15:04.165,3.340000,MB 3.3VSB
18:15:04.665,3.340000,MB 3.3VSB
18:15:05.165,3.340000,MB 3.3VSB
18:15:05.665,3.340000,MB 3.3VSB
18:15:06.165,3.340000,MB 3.3VSB
18:15:06.665,3.340000,MB 3.3VSB
18:15:07.165,3.340000,MB 3.3VSB
18:15:07.665,3.340000,MB 3.3VSB
18:15:08.165,3.340000,MB 3.3VSB
18:15:08.665,3.340000,MB 3.3VSB
18:15:09.165,3.340000,MB 3.3VSB
18:15:09.665,3.340000,MB 3.3VSB
18:15:10.165,3.340000,MB 3.3VSB
18:15:10.665,3.340000,MB 3.3VSB
18:15:11.165,3.340000,MB 3.3VSB
18:15:11.665,3.340000,MB 3.3VSB
18:15:12.165,3.340000,MB 3.3VSB
18:15:12.665,3.340000,MB 3.3VSB
18:15:13.165,3.340000,MB 3.3VSB
18:15:13.665,3.340000,MB 3.3VSB
18:15:14.165,3.340000,MB 3.3VSB
18:15:14.665,3.340000,MB 3.3VSB
18:15:04.165,1.810000,MB 1.8VSB
18:15:04.665,1.810000,MB 1.8VSB
18:15:05.165,1.810000,MB 1.8VSB
18:15:05.665,1.810000,MB 1.8VSB
18:15:06.165,1.810000,MB 1.8VSB
18:15:06.665,1.810000,MB 1.8VSB
18:15:07.165,1.810000,MB 1.8VSB
18:15:07.665,1.810000,MB 1.8VSB
18:15:08.165,1.810000,MB 1.8VSB
18:15:08.665,1.810000,MB 1.8VSB
18:15:09.165,1.810000,MB 1.8VSB
18:15:09.665,1.810000,MB 1.8VSB
18:15:10.165,1.810000,MB 1.8VSB
18:15:10.665,1.810000,MB 1.8VSB
18:15:11.165,1.810000,MB 1.8VSB
18:15:11.665,1.810000,MB 1.8VSB
18:15:12.165,1.810000,MB 1.8VSB
18:15:12.665,1.810000,MB 1.8VSB
18:15:13.165,1.810000,MB 1.8VSB
18:15:13.665,1.810000,MB 1.8VSB
18:15:14.165,1.810000,MB 1.8VSB
18:15:14.665,1.810000,MB 1.8VSB
18:15:04.165,2.530000,BMC 2.5V
18:15:04.665,2.530000,BMC 2.5V
18:15:05.165,2.530000,BMC 2.5V
18:15:05.665,2.530000,BMC 2.5V
18:15:06.165,2.530000,BMC 2.5V
18:15:06.665,2.530000,BMC 2.5V
18:15:07.165,2.530000,BMC 2.5V
18:15:07.665,2.530000,BMC 2.5V
18:15:08.165,2.530000,BMC 2.5V
18:15:08.665,2.530000,BMC 2.5V
18:15:09.165,2.530000,BMC 2.5V
18:15:09.665,2.530000,BMC 2.5V
18:15:10.165,2.530000,BMC 2.5V
18:15:10.665,2.530000,BMC 2.5V
18:15:11.165,2.530000,BMC 2.5V
18:15:11.665,2.530000,BMC 2.5V
18:15:12.165,2.530000,BMC 2.5V
18:15:12.665,2.530000,BMC 2.5V
18:15:13.165,2.530000,BMC 2.5V
18:15:13.665,2.530000,BMC 2.5V
18:15:14.165,2.530000,BMC 2.5V
18:15:14.665,2.530000,BMC 2.5V
18:15:04.165,1.810000,BMC 1.8V
18:15:04.665,1.810000,BMC 1.8V
18:15:05.165,1.810000,BMC 1.8V
18:15:05.665,1.810000,BMC 1.8V
18:15:06.165,1.810000,BMC 1.8V
18:15:06.665,1.810000,BMC 1.8V
18:15:07.165,1.810000,BMC 1.8V
18:15:07.665,1.810000,BMC 1.8V
18:15:08.165,1.810000,BMC 1.8V
18:15:08.665,1.810000,BMC 1.8V
18:15:09.165,1.810000,BMC 1.8V
18:15:09.665,1.810000,BMC 1.8V
18:15:10.165,1.810000,BMC 1.8V
18:15:10.665,1.810000,BMC 1.8V
18:15:11.165,1.810000,BMC 1.8V
18:15:11.665,1.810000,BMC 1.8V
18:15:12.165,1.810000,BMC 1.8V
18:15:12.665,1.810000,BMC 1.8V
18:15:13.165,1.810000,BMC 1.8V
18:15:13.665,1.810000,BMC 1.8V
18:15:14.165,1.810000,BMC 1.8V
18:15:14.665,1.810000,BMC 1.8V
18:15:04.165,1.210000,BMC 1.2V
18:15:04.665,1.210000,BMC 1.2V
18:15:05.165,1.210000,BMC 1.2V
18:15:05.665,1.210000,BMC 1.2V
18:15:06.165,1.210000,BMC 1.2V
18:15:06.665,1.210000,BMC 1.2V
18:15:07.165,1.210000,BMC 1.2V
18:15:07.665,1.210000,BMC 1.2V
18:15:08.165,1.210000,BMC 1.2V
18:15:08.665,1.210000,BMC 1.2V
18:15:09.165,1.210000,BMC 1.2V
18:15:09.665,1.210000,BMC 1.2V
18:15:10.165,1.210000,BMC 1.2V
18:15:10.665,1.210000,BMC 1.2V
18:15:11.165,1.210000,BMC 1.2V
18:15:11.665,1.210000,BMC 1.2V
18:15:12.165,1.210000,BMC 1.2V
18:15:12.665,1.210000,BMC 1.2V
18:15:13.165,1.210000,BMC 1.2V
18:15:13.665,1.210000,BMC 1.2V
18:15:14.165,1.210000,BMC 1.2V
18:15:14.665,1.210000,BMC 1.2V
18:15:04.165,1.010000,BMC 1.0V
18:15:04.665,1.010000,BMC 1.0V
18:15:05.165,1.010000,BMC 1.0V
18:15:05.665,1.010000,BMC 1.0V
18:15:06.165,1.010000,BMC 1.0V
18:15:06.665,1.010000,BMC 1.0V
18:15:07.165,1.010000,BMC 1.0V
18:15:07.665,1.010000,BMC 1.0V
18:15:08.165,1.010000,BMC 1.0V
18:15:08.665,1.010000,BMC 1.0V
18:15:09.165,1.010000,BMC 1.0V
18:15:09.665,1.010000,BMC 1.0V
18:15:10.165,1.010000,BMC 1.0V
18:15:10.665,1.010000,BMC 1.0V
18:15:11.165,1.010000,BMC 1.0V
18:15:11.665,1.010000,BMC 1.0V
18:15:12.165,1.010000,BMC 1.0V
18:15:12.665,1.010000,BMC 1.0V
18:15:13.165,1.010000,BMC 1.0V
18:15:13.665,1.010000,BMC 1.0V
18:15:14.165,1.010000,BMC 1.0V
18:15:14.665,1.010000,BMC 1.0V
18:15:04.165,0.920000,CPU_VDDCR0
18:15:04.665,0.920000,CPU_VDDCR0
18:15:05.165,0.920000,CPU_VDDCR0
18:15:05.665,0.920000,CPU_VDDCR0
18:15:06.165,0.920000,CPU_VDDCR0
18:15:06.665,0.920000,CPU_VDDCR0
18:15:07.165,0.920000,CPU_VDDCR0
18:15:07.665,0.920000,CPU_VDDCR0
18:15:08.165,0.920000,CPU_VDDCR0
18:15:08.665,0.920000,CPU_VDDCR0
18:15:09.165,0.920000,CPU_VDDCR0
18:15:09.665,0.920000,CPU_VDDCR0
18:15:10.165,0.920000,CPU_VDDCR0
18:15:10.665,0.920000,CPU_VDDCR0
18:15:11.165,0.920000,CPU_VDDCR0
18:15:11.665,0.920000,CPU_VDDCR0
18:15:12.165,0.920000,CPU_VDDCR0
18:15:12.665,0.920000,CPU_VDDCR0
18:15:13.165,0.920000,CPU_VDDCR0
18:15:13.665,0.920000,CPU_VDDCR0
18:15:14.165,0.920000,CPU_VDDCR0
18:15:14.665,0.920000,CPU_VDDCR0
18:15:04.165,0.970000,CPU_SOC
18:15:04.665,0.970000,CPU_SOC
18:15:05.165,0.970000,CPU_SOC
18:15:05.665,0.970000,CPU_SOC
18:15:06.165,0.970000,CPU_SOC
18:15:06.665,0.970000,CPU_SOC
18:15:07.165,0.970000,CPU_SOC
18:15:07.665,0.970000,CPU_SOC
18:15:08.165,0.970000,CPU_SOC
18:15:08.665,0.970000,CPU_SOC
18:15:09.165,0.970000,CPU_SOC
18:15:09.665,0.970000,CPU_SOC
18:15:10.165,0.970000,CPU_SOC
18:15:10.665,0.970000,CPU_SOC
18:15:11.165,0.970000,CPU_SOC
18:15:11.665,0.970000,CPU_SOC
18:15:12.165,0.970000,CPU_SOC
18:15:12.665,0.970000,CPU_SOC
18:15:13.165,0.970000,CPU_SOC
18:15:13.665,0.970000,CPU_SOC
18:15:14.165,0.970000,CPU_SOC
18:15:14.665,0.970000,CPU_SOC
18:15:04.165,1.060000,CPU_VDDCR1
18:15:04.665,1.060000,CPU_VDDCR1
18:15:05.165,1.060000,CPU_VDDCR1
18:15:05.665,1.060000,CPU_VDDCR1
18:15:06.165,1.060000,CPU_VDDCR1
18:15:06.665,1.060000,CPU_VDDCR1
18:15:07.165,1.060000,CPU_VDDCR1
18:15:07.665,1.060000,CPU_VDDCR1
18:15:08.165,1.060000,CPU_VDDCR1
18:15:08.665,1.060000,CPU_VDDCR1
18:15:09.165,1.060000,CPU_VDDCR1
18:15:09.665,1.060000,CPU_VDDCR1
18:15:10.165,1.060000,CPU_VDDCR1
18:15:10.665,1.060000,CPU_VDDCR1
18:15:11.165,1.060000,CPU_VDDCR1
18:15:11.665,1.060000,CPU_VDDCR1
18:15:12.165,1.060000,CPU_VDDCR1
18:15:12.665,1.060000,CPU_VDDCR1
18:15:13.165,1.060000,CPU_VDDCR1
18:15:13.665,1.060000,CPU_VDDCR1
18:15:14.165,1.060000,CPU_VDDCR1
18:15:14.665,1.060000,CPU_VDDCR1
18:15:04.165,1.090000,CPU_VDDIO
18:15:04.665,1.090000,CPU_VDDIO
18:15:05.165,1.090000,CPU_VDDIO
18:15:05.665,1.090000,CPU_VDDIO
18:15:06.165,1.090000,CPU_VDDIO
18:15:06.665,1.090000,CPU_VDDIO
18:15:07.165,1.090000,CPU_VDDIO
18:15:07.665,1.090000,CPU_VDDIO
18:15:08.165,1.090000,CPU_VDDIO
18:15:08.665,1.090000,CPU_VDDIO
18:15:09.165,1.090000,CPU_VDDIO
18:15:09.665,1.090000,CPU_VDDIO
18:15:10.165,1.090000,CPU_VDDIO
18:15:10.665,1.090000,CPU_VDDIO
18:15:11.165,1.090000,CPU_VDDIO
18:15:11.665,1.090000,CPU_VDDIO
18:15:12.165,1.090000,CPU_VDDIO
18:15:12.665,1.090000,CPU_VDDIO
18:15:13.165,1.090000,CPU_VDDIO
18:15:13.665,1.090000,CPU_VDDIO
18:15:14.165,1.090000,CPU_VDDIO
18:15:14.665,1.090000,CPU_VDDIO
18:15:04.165,12.080000,MB 12V
18:15:04.665,12.080000,MB 12V
18:15:05.165,12.080000,MB 12V
18:15:05.665,12.080000,MB 12V
18:15:06.165,12.080000,MB 12V
18:15:06.665,12.080000,MB 12V
18:15:07.165,12.080000,MB 12V
18:15:07.665,12.080000,MB 12V
18:15:08.165,12.080000,MB 12V
18:15:08.665,12.080000,MB 12V
18:15:09.165,12.080000,MB 12V
18:15:09.665,12.080000,MB 12V
18:15:10.165,12.080000,MB 12V
18:15:10.665,12.080000,MB 12V
18:15:11.165,12.080000,MB 12V
18:15:11.665,12.080000,MB 12V
18:15:12.165,12.080000,MB 12V
18:15:12.665,12.080000,MB 12V
18:15:13.165,12.080000,MB 12V
18:15:13.665,12.080000,MB 12V
18:15:14.165,12.080000,MB 12V
18:15:14.665,12.080000,MB 12V
18:15:04.165,5.180000,MB 5VCC
18:15:04.665,5.180000,MB 5VCC
18:15:05.165,5.180000,MB 5VCC
18:15:05.665,5.180000,MB 5VCC
18:15:06.165,5.180000,MB 5VCC
18:15:06.665,5.180000,MB 5VCC
18:15:07.165,5.180000,MB 5VCC
18:15:07.665,5.180000,MB 5VCC
18:15:08.165,5.180000,MB 5VCC
18:15:08.665,5.180000,MB 5VCC
18:15:09.165,5.180000,MB 5VCC
18:15:09.665,5.180000,MB 5VCC
18:15:10.165,5.180000,MB 5VCC
18:15:10.665,5.180000,MB 5VCC
18:15:11.165,5.180000,MB 5VCC
18:15:11.665,5.180000,MB 5VCC
18:15:12.165,5.180000,MB 5VCC
18:15:12.665,5.180000,MB 5VCC
18:15:13.165,5.180000,MB 5VCC
18:15:13.665,5.180000,MB 5VCC
18:15:14.165,5.180000,MB 5VCC
18:15:14.665,5.180000,MB 5VCC
18:15:04.165,3.400000,MB 3.3VCC
18:15:04.665,3.400000,MB 3.3VCC
18:15:05.165,3.400000,MB 3.3VCC
18:15:05.665,3.400000,MB 3.3VCC
18:15:06.165,3.400000,MB 3.3VCC
18:15:06.665,3.400000,MB 3.3VCC
18:15:07.165,3.400000,MB 3.3VCC
18:15:07.665,3.400000,MB 3.3VCC
18:15:08.165,3.400000,MB 3.3VCC
18:15:08.665,3.400000,MB 3.3VCC
18:15:09.165,3.400000,MB 3.3VCC
18:15:09.665,3.400000,MB 3.3VCC
18:15:10.165,3.400000,MB 3.3VCC
18:15:10.665,3.400000,MB 3.3VCC
18:15:11.165,3.400000,MB 3.3VCC
18:15:11.665,3.400000,MB 3.3VCC
18:15:12.165,3.400000,MB 3.3VCC
18:15:12.665,3.400000,MB 3.3VCC
18:15:13.165,3.400000,MB 3.3VCC
18:15:13.665,3.400000,MB 3.3VCC
18:15:14.165,3.400000,MB 3.3VCC
18:15:14.665,3.400000,MB 3.3VCC
18:15:07.140,5.140000,MB 5VSB
18:15:07.640,5.140000,MB 5VSB
18:15:08.140,5.140000,MB 5VSB
18:15:08.640,5.140000,MB 5VSB
18:15:09.140,5.140000,MB 5VSB
18:15:09.640,5.140000,MB 5VSB
18:15:10.140,5.140000,MB 5VSB
18:15:10.640,5.140000,MB 5VSB
18:15:11.140,5.140000,MB 5VSB
18:15:11.640,5.140000,MB 5VSB
18:15:12.140,5.140000,MB 5VSB
18:15:12.640,5.140000,MB 5VSB
18:15:13.140,5.140000,MB 5VSB
18:15:13.640,5.140000,MB 5VSB
18:15:14.140,5.140000,MB 5VSB
18:15:14.640,5.140000,MB 5VSB
18:15:15.140,5.140000,MB 5VSB
18:15:15.640,5.140000,MB 5VSB
18:15:16.140,5.140000,MB 5VSB
18:15:16.640,5.140000,MB 5VSB
18:15:17.140,5.140000,MB 5VSB
18:15:17.640,5.140000,MB 5VSB
18:15:18.140,5.140000,MB 5VSB
18:15:18.640,5.140000,MB 5VSB
18:15:19.140,5.140000,MB 5VSB
18:15:19.640,5.140000,MB 5VSB
18:15:20.140,5.140000,MB 5VSB
18:15:20.640,5.140000,MB 5VSB
18:15:21.140,5.140000,MB 5VSB
18:15:07.140,3.340000,MB 3.3VSB
18:15:07.640,3.340000,MB 3.3VSB
18:15:08.140,3.340000,MB 3.3VSB
18:15:08.640,3.340000,MB 3.3VSB
18:15:09.140,3.340000,MB 3.3VSB
18:15:09.640,3.340000,MB 3.3VSB
18:15:10.140,3.340000,MB 3.3VSB
18:15:10.640,3.340000,MB 3.3VSB
18:15:11.140,3.340000,MB 3.3VSB
18:15:11.640,3.340000,MB 3.3VSB
18:15:12.140,3.340000,MB 3.3VSB
18:15:12.640,3.340000,MB 3.3VSB
18:15:13.140,3.340000,MB 3.3VSB
18:15:13.640,3.340000,MB 3.3VSB
18:15:14.140,3.340000,MB 3.3VSB
18:15:14.640,3.340000,MB 3.3VSB
18:15:15.140,3.340000,MB 3.3VSB
18:15:15.640,3.340000,MB 3.3VSB
18:15:16.140,3.340000,MB 3.3VSB
18:15:16.640,3.340000,MB 3.3VSB
18:15:17.140,3.340000,MB 3.3VSB
18:15:17.640,3.340000,MB 3.3VSB
18:15:18.140,3.340000,MB 3.3VSB
18:15:18.640,3.340000,MB 3.3VSB
18:15:19.140,3.340000,MB 3.3VSB
18:15:19.640,3.340000,MB 3.3VSB
18:15:20.140,3.340000,MB 3.3VSB
18:15:20.640,3.340000,MB 3.3VSB
18:15:21.140,3.340000,MB 3.3VSB
18:15:07.140,1.810000,MB 1.8VSB
18:15:07.640,1.810000,MB 1.8VSB
18:15:08.140,1.810000,MB 1.8VSB
18:15:08.640,1.810000,MB 1.8VSB
18:15:09.140,1.810000,MB 1.8VSB
18:15:09.640,1.810000,MB 1.8VSB
18:15:10.140,1.810000,MB 1.8VSB
18:15:10.640,1.810000,MB 1.8VSB
18:15:11.140,1.810000,MB 1.8VSB
18:15:11.640,1.810000,MB 1.8VSB
18:15:12.140,1.810000,MB 1.8VSB
18:15:12.640,1.810000,MB 1.8VSB
18:15:13.140,1.810000,MB 1.8VSB
18:15:13.640,1.810000,MB 1.8VSB
18:15:14.140,1.810000,MB 1.8VSB
18:15:14.640,1.810000,MB 1.8VSB
18:15:15.140,1.810000,MB 1.8VSB
18:15:15.640,1.810000,MB 1.8VSB
18:15:16.140,1.810000,MB 1.8VSB
18:15:16.640,1.810000,MB 1.8VSB
18:15:17.140,1.810000,MB 1.8VSB
18:15:17.640,1.810000,MB 1.8VSB
18:15:18.140,1.810000,MB 1.8VSB
18:15:18.640,1.810000,MB 1.8VSB
18:15:19.140,1.810000,MB 1.8VSB
18:15:19.640,1.810000,MB 1.8VSB
18:15:20.140,1.810000,MB 1.8VSB
18:15:20.640,1.810000,MB 1.8VSB
18:15:21.140,1.810000,MB 1.8VSB
18:15:07.140,2.530000,BMC 2.5V
18:15:07.640,2.530000,BMC 2.5V
18:15:08.140,2.510000,BMC 2.5V
18:15:08.640,2.510000,BMC 2.5V
18:15:09.140,2.510000,BMC 2.5V
18:15:09.640,2.510000,BMC 2.5V
18:15:10.140,2.510000,BMC 2.5V
18:15:10.640,2.510000,BMC 2.5V
18:15:11.140,2.510000,BMC 2.5V
18:15:11.640,2.510000,BMC 2.5V
18:15:12.140,2.510000,BMC 2.5V
18:15:12.640,2.510000,BMC 2.5V
18:15:13.140,2.510000,BMC 2.5V
18:15:13.640,2.510000,BMC 2.5V
18:15:14.140,2.510000,BMC 2.5V
18:15:14.640,2.510000,BMC 2.5V
18:15:15.140,2.510000,BMC 2.5V
18:15:15.640,2.510000,BMC 2.5V
18:15:16.140,2.510000,BMC 2.5V
18:15:16.640,2.510000,BMC 2.5V
18:15:17.140,2.510000,BMC 2.5V
18:15:17.640,2.510000,BMC 2.5V
18:15:18.140,2.510000,BMC 2.5V
18:15:18.640,2.510000,BMC 2.5V
18:15:19.140,2.510000,BMC 2.5V
18:15:19.640,2.510000,BMC 2.5V
18:15:20.140,2.510000,BMC 2.5V
18:15:20.640,2.510000,BMC 2.5V
18:15:21.140,2.510000,BMC 2.5V
18:15:07.140,1.810000,BMC 1.8V
18:15:07.640,1.810000,BMC 1.8V
18:15:08.140,1.810000,BMC 1.8V
18:15:08.640,1.810000,BMC 1.8V
18:15:09.140,1.810000,BMC 1.8V
18:15:09.640,1.810000,BMC 1.8V
18:15:10.140,1.810000,BMC 1.8V
18:15:10.640,1.810000,BMC 1.8V
18:15:11.140,1.810000,BMC 1.8V
18:15:11.640,1.810000,BMC 1.8V
18:15:12.140,1.810000,BMC 1.8V
18:15:12.640,1.810000,BMC 1.8V
18:15:13.140,1.810000,BMC 1.8V
18:15:13.640,1.810000,BMC 1.8V
18:15:14.140,1.810000,BMC 1.8V
18:15:14.640,1.810000,BMC 1.8V
18:15:15.140,1.810000,BMC 1.8V
18:15:15.640,1.810000,BMC 1.8V
18:15:16.140,1.810000,BMC 1.8V
18:15:16.640,1.810000,BMC 1.8V
18:15:17.140,1.810000,BMC 1.8V
18:15:17.640,1.810000,BMC 1.8V
18:15:18.140,1.810000,BMC 1.8V
18:15:18.640,1.810000,BMC 1.8V
18:15:19.140,1.810000,BMC 1.8V
18:15:19.640,1.810000,BMC 1.8V
18:15:20.140,1.810000,BMC 1.8V
18:15:20.640,1.810000,BMC 1.8V
18:15:21.140,1.810000,BMC 1.8V
18:15:07.140,1.210000,BMC 1.2V
18:15:07.640,1.210000,BMC 1.2V
18:15:08.140,1.210000,BMC 1.2V
18:15:08.640,1.210000,BMC 1.2V
18:15:09.140,1.210000,BMC 1.2V
18:15:09.640,1.210000,BMC 1.2V
18:15:10.140,1.210000,BMC 1.2V
18:15:10.640,1.210000,BMC 1.2V
18:15:11.140,1.210000,BMC 1.2V
18:15:11.640,1.210000,BMC 1.2V
18:15:12.140,1.210000,BMC 1.2V
18:15:12.640,1.210000,BMC 1.2V
18:15:13.140,1.210000,BMC 1.2V
18:15:13.640,1.210000,BMC 1.2V
18:15:14.140,1.210000,BMC 1.2V
18:15:14.640,1.210000,BMC 1.2V
18:15:15.140,1.210000,BMC 1.2V
18:15:15.640,1.210000,BMC 1.2V
18:15:16.140,1.210000,BMC 1.2V
18:15:16.640,1.210000,BMC 1.2V
18:15:17.140,1.210000,BMC 1.2V
18:15:17.640,1.210000,BMC 1.2V
18:15:18.140,1.210000,BMC 1.2V
18:15:18.640,1.210000,BMC 1.2V
18:15:19.140,1.210000,BMC 1.2V
18:15:19.640,1.210000,BMC 1.2V
18:15:20.140,1.210000,BMC 1.2V
18:15:20.640,1.210000,BMC 1.2V
18:15:21.140,1.210000,BMC 1.2V
18:15:07.140,1.010000,BMC 1.0V
18:15:07.640,1.010000,BMC 1.0V
18:15:08.140,1.010000,BMC 1.0V
18:15:08.640,1.010000,BMC 1.0V
18:15:09.140,1.010000,BMC 1.0V
18:15:09.640,1.010000,BMC 1.0V
18:15:10.140,1.010000,BMC 1.0V
18:15:10.640,1.010000,BMC 1.0V
18:15:11.140,1.010000,BMC 1.0V
18:15:11.640,1.010000,BMC 1.0V
18:15:12.140,1.010000,BMC 1.0V
18:15:12.640,1.010000,BMC 1.0V
18:15:13.140,1.010000,BMC 1.0V
18:15:13.640,1.010000,BMC 1.0V
18:15:14.140,1.010000,BMC 1.0V
18:15:14.640,1.010000,BMC 1.0V
18:15:15.140,1.010000,BMC 1.0V
18:15:15.640,1.010000,BMC 1.0V
18:15:16.140,1.010000,BMC 1.0V
18:15:16.640,1.010000,BMC 1.0V
18:15:17.140,1.010000,BMC 1.0V
18:15:17.640,1.010000,BMC 1.0V
18:15:18.140,1.010000,BMC 1.0V
18:15:18.640,1.010000,BMC 1.0V
18:15:19.140,1.010000,BMC 1.0V
18:15:19.640,1.010000,BMC 1.0V
18:15:20.140,1.010000,BMC 1.0V
18:15:20.640,1.010000,BMC 1.0V
18:15:21.140,1.010000,BMC 1.0V
18:15:07.140,0.920000,CPU_VDDCR0
18:15:07.640,0.920000,CPU_VDDCR0
18:15:08.140,1.050000,CPU_VDDCR0
18:15:08.640,1.050000,CPU_VDDCR0
18:15:09.140,1.050000,CPU_VDDCR0
18:15:09.640,1.050000,CPU_VDDCR0
18:15:10.140,1.050000,CPU_VDDCR0
18:15:10.640,1.050000,CPU_VDDCR0
18:15:11.140,1.050000,CPU_VDDCR0
18:15:11.640,1.050000,CPU_VDDCR0
18:15:12.140,1.050000,CPU_VDDCR0
18:15:12.640,1.050000,CPU_VDDCR0
18:15:13.140,1.050000,CPU_VDDCR0
18:15:13.640,1.050000,CPU_VDDCR0
18:15:14.140,1.050000,CPU_VDDCR0
18:15:14.640,1.050000,CPU_VDDCR0
18:15:15.140,1.050000,CPU_VDDCR0
18:15:15.640,1.050000,CPU_VDDCR0
18:15:16.140,1.050000,CPU_VDDCR0
18:15:16.640,1.050000,CPU_VDDCR0
18:15:17.140,1.050000,CPU_VDDCR0
18:15:17.640,1.050000,CPU_VDDCR0
18:15:18.140,1.050000,CPU_VDDCR0
18:15:18.640,1.050000,CPU_VDDCR0
18:15:19.140,1.050000,CPU_VDDCR0
18:15:19.640,1.050000,CPU_VDDCR0
18:15:20.140,1.050000,CPU_VDDCR0
18:15:20.640,1.050000,CPU_VDDCR0
18:15:21.140,1.050000,CPU_VDDCR0
18:15:07.140,0.970000,CPU_SOC
18:15:07.640,0.970000,CPU_SOC
18:15:08.140,0.970000,CPU_SOC
18:15:08.640,0.970000,CPU_SOC
18:15:09.140,0.970000,CPU_SOC
18:15:09.640,0.970000,CPU_SOC
18:15:10.140,0.970000,CPU_SOC
18:15:10.640,0.970000,CPU_SOC
18:15:11.140,0.970000,CPU_SOC
18:15:11.640,0.970000,CPU_SOC
18:15:12.140,0.970000,CPU_SOC
18:15:12.640,0.970000,CPU_SOC
18:15:13.140,0.970000,CPU_SOC
18:15:13.640,0.970000,CPU_SOC
18:15:14.140,0.970000,CPU_SOC
18:15:14.640,0.970000,CPU_SOC
18:15:15.140,0.970000,CPU_SOC
18:15:15.640,0.970000,CPU_SOC
18:15:16.140,0.970000,CPU_SOC
18:15:16.640,0.970000,CPU_SOC
18:15:17.140,0.970000,CPU_SOC
18:15:17.640,0.970000,CPU_SOC
18:15:18.140,0.970000,CPU_SOC
18:15:18.640,0.970000,CPU_SOC
18:15:19.140,0.970000,CPU_SOC
18:15:19.640,0.970000,CPU_SOC
18:15:20.140,0.970000,CPU_SOC
18:15:20.640,0.970000,CPU_SOC
18:15:21.140,0.970000,CPU_SOC
18:15:07.140,1.060000,CPU_VDDCR1
18:15:07.640,1.060000,CPU_VDDCR1
18:15:08.140,1.050000,CPU_VDDCR1
18:15:08.640,1.050000,CPU_VDDCR1
18:15:09.140,1.050000,CPU_VDDCR1
18:15:09.640,1.050000,CPU_VDDCR1
18:15:10.140,1.050000,CPU_VDDCR1
18:15:10.640,1.050000,CPU_VDDCR1
18:15:11.140,1.050000,CPU_VDDCR1
18:15:11.640,1.050000,CPU_VDDCR1
18:15:12.140,1.050000,CPU_VDDCR1
18:15:12.640,1.050000,CPU_VDDCR1
18:15:13.140,1.050000,CPU_VDDCR1
18:15:13.640,1.050000,CPU_VDDCR1
18:15:14.140,1.050000,CPU_VDDCR1
18:15:14.640,1.050000,CPU_VDDCR1
18:15:15.140,1.050000,CPU_VDDCR1
18:15:15.640,1.050000,CPU_VDDCR1
18:15:16.140,1.050000,CPU_VDDCR1
18:15:16.640,1.050000,CPU_VDDCR1
18:15:17.140,1.050000,CPU_VDDCR1
18:15:17.640,1.050000,CPU_VDDCR1
18:15:18.140,1.050000,CPU_VDDCR1
18:15:18.640,1.050000,CPU_VDDCR1
18:15:19.140,1.050000,CPU_VDDCR1
18:15:19.640,1.050000,CPU_VDDCR1
18:15:20.140,1.050000,CPU_VDDCR1
18:15:20.640,1.050000,CPU_VDDCR1
18:15:21.140,1.050000,CPU_VDDCR1
18:15:07.140,1.090000,CPU_VDDIO
18:15:07.640,1.090000,CPU_VDDIO
18:15:08.140,1.050000,CPU_VDDIO
18:15:08.640,1.050000,CPU_VDDIO
18:15:09.140,1.050000,CPU_VDDIO
18:15:09.640,1.050000,CPU_VDDIO
18:15:10.140,1.050000,CPU_VDDIO
18:15:10.640,1.050000,CPU_VDDIO
18:15:11.140,1.050000,CPU_VDDIO
18:15:11.640,1.050000,CPU_VDDIO
18:15:12.140,1.050000,CPU_VDDIO
18:15:12.640,1.050000,CPU_VDDIO
18:15:13.140,1.050000,CPU_VDDIO
18:15:13.640,1.050000,CPU_VDDIO
18:15:14.140,1.050000,CPU_VDDIO
18:15:14.640,1.050000,CPU_VDDIO
18:15:15.140,1.050000,CPU_VDDIO
18:15:15.640,1.050000,CPU_VDDIO
18:15:16.140,1.050000,CPU_VDDIO
18:15:16.640,1.050000,CPU_VDDIO
18:15:17.140,1.050000,CPU_VDDIO
18:15:17.640,1.050000,CPU_VDDIO
18:15:18.140,1.050000,CPU_VDDIO
18:15:18.640,1.050000,CPU_VDDIO
18:15:19.140,1.050000,CPU_VDDIO
18:15:19.640,1.050000,CPU_VDDIO
18:15:20.140,1.050000,CPU_VDDIO
18:15:20.640,1.050000,CPU_VDDIO
18:15:21.140,1.050000,CPU_VDDIO
18:15:07.140,12.080000,MB 12V
18:15:07.640,12.080000,MB 12V
18:15:08.140,12.080000,MB 12V
18:15:08.640,12.080000,MB 12V
18:15:09.140,12.080000,MB 12V
18:15:09.640,12.080000,MB 12V
18:15:10.140,12.080000,MB 12V
18:15:10.640,12.080000,MB 12V
18:15:11.140,12.080000,MB 12V
18:15:11.640,12.080000,MB 12V
18:15:12.140,12.080000,MB 12V
18:15:12.640,12.080000,MB 12V
18:15:13.140,12.080000,MB 12V
18:15:13.640,12.080000,MB 12V
18:15:14.140,12.080000,MB 12V
18:15:14.640,12.080000,MB 12V
18:15:15.140,12.080000,MB 12V
18:15:15.640,12.080000,MB 12V
18:15:16.140,12.080000,MB 12V
18:15:16.640,12.080000,MB 12V
18:15:17.140,12.080000,MB 12V
18:15:17.640,12.080000,MB 12V
18:15:18.140,12.080000,MB 12V
18:15:18.640,12.080000,MB 12V
18:15:19.140,12.080000,MB 12V
18:15:19.640,12.080000,MB 12V
18:15:20.140,12.080000,MB 12V
18:15:20.640,12.080000,MB 12V
18:15:21.140,12.080000,MB 12V
18:15:07.140,5.180000,MB 5VCC
18:15:07.640,5.180000,MB 5VCC
18:15:08.140,5.180000,MB 5VCC
18:15:08.640,5.180000,MB 5VCC
18:15:09.140,5.180000,MB 5VCC
18:15:09.640,5.180000,MB 5VCC
18:15:10.140,5.180000,MB 5VCC
18:15:10.640,5.180000,MB 5VCC
18:15:11.140,5.180000,MB 5VCC
18:15:11.640,5.180000,MB 5VCC
18:15:12.140,5.180000,MB 5VCC
18:15:12.640,5.180000,MB 5VCC
18:15:13.140,5.180000,MB 5VCC
18:15:13.640,5.180000,MB 5VCC
18:15:14.140,5.180000,MB 5VCC
18:15:14.640,5.180000,MB 5VCC
18:15:15.140,5.180000,MB 5VCC
18:15:15.640,5.180000,MB 5VCC
18:15:16.140,5.180000,MB 5VCC
18:15:16.640,5.180000,MB 5VCC
18:15:17.140,5.180000,MB 5VCC
18:15:17.640,5.180000,MB 5VCC
18:15:18.140,5.180000,MB 5VCC
18:15:18.640,5.180000,MB 5VCC
18:15:19.140,5.180000,MB 5VCC
18:15:19.640,5.180000,MB 5VCC
18:15:20.140,5.180000,MB 5VCC
18:15:20.640,5.180000,MB 5VCC
18:15:21.140,5.180000,MB 5VCC
18:15:07.140,3.400000,MB 3.3VCC
18:15:07.640,3.400000,MB 3.3VCC
18:15:08.140,3.400000,MB 3.3VCC
18:15:08.640,3.400000,MB 3.3VCC
18:15:09.140,3.400000,MB 3.3VCC
18:15:09.640,3.400000,MB 3.3VCC
18:15:10.140,3.400000,MB 3.3VCC
18:15:10.640,3.400000,MB 3.3VCC
18:15:11.140,3.400000,MB 3.3VCC
18:15:11.640,3.400000,MB 3.3VCC
18:15:12.140,3.400000,MB 3.3VCC
18:15:12.640,3.400000,MB 3.3VCC
18:15:13.140,3.400000,MB 3.3VCC
18:15:13.640,3.400000,MB 3.3VCC
18:15:14.140,3.400000,MB 3.3VCC
18:15:14.640,3.400000,MB 3.3VCC
18:15:15.140,3.400000,MB 3.3VCC
18:15:15.640,3.400000,MB 3.3VCC
18:15:16.140,3.400000,MB 3.3VCC
18:15:16.640,3.400000,MB 3.3VCC
18:15:17.140,3.400000,MB 3.3VCC
18:15:17.640,3.400000,MB 3.3VCC
18:15:18.140,3.400000,MB 3.3VCC
18:15:18.640,3.400000,MB 3.3VCC
18:15:19.140,3.400000,MB 3.3VCC
18:15:19.640,3.400000,MB 3.3VCC
18:15:20.140,3.400000,MB 3.3VCC
18:15:20.640,3.400000,MB 3.3VCC
18:15:21.140,3.400000,MB 3.3VCC
18:15:11.213,5.140000,MB 5VSB
18:15:11.713,5.140000,MB 5VSB
18:15:12.213,5.140000,MB 5VSB
18:15:12.713,5.140000,MB 5VSB
18:15:13.213,5.140000,MB 5VSB
18:15:13.713,5.140000,MB 5VSB
18:15:14.213,5.140000,MB 5VSB
18:15:14.713,5.140000,MB 5VSB
18:15:15.213,5.140000,MB 5VSB
18:15:15.713,5.140000,MB 5VSB
18:15:16.213,5.140000,MB 5VSB
18:15:16.713,5.140000,MB 5VSB
18:15:17.213,5.140000,MB 5VSB
18:15:17.713,5.140000,MB 5VSB
18:15:18.213,5.140000,MB 5VSB
18:15:18.713,5.140000,MB 5VSB
18:15:19.213,5.140000,MB 5VSB
18:15:19.713,5.140000,MB 5VSB
18:15:20.213,5.140000,MB 5VSB
18:15:20.713,5.140000,MB 5VSB
18:15:21.213,5.140000,MB 5VSB
18:15:21.713,5.140000,MB 5VSB
18:15:22.213,5.140000,MB 5VSB
18:15:22.713,5.140000,MB 5VSB
18:15:23.213,5.140000,MB 5VSB
18:15:23.713,5.140000,MB 5VSB
18:15:24.213,5.140000,MB 5VSB
18:15:24.713,5.140000,MB 5VSB
18:15:25.213,5.140000,MB 5VSB
18:15:11.213,3.340000,MB 3.3VSB
18:15:11.713,3.340000,MB 3.3VSB
18:15:12.213,3.340000,MB 3.3VSB
18:15:12.713,3.340000,MB 3.3VSB
18:15:13.213,3.340000,MB 3.3VSB
18:15:13.713,3.340000,MB 3.3VSB
18:15:14.213,3.340000,MB 3.3VSB
18:15:14.713,3.340000,MB 3.3VSB
18:15:15.213,3.340000,MB 3.3VSB
18:15:15.713,3.340000,MB 3.3VSB
18:15:16.213,3.340000,MB 3.3VSB
18:15:16.713,3.340000,MB 3.3VSB
18:15:17.213,3.340000,MB 3.3VSB
18:15:17.713,3.340000,MB 3.3VSB
18:15:18.213,3.340000,MB 3.3VSB
18:15:18.713,3.340000,MB 3.3VSB
18:15:19.213,3.340000,MB 3.3VSB
18:15:19.713,3.340000,MB 3.3VSB
18:15:20.213,3.340000,MB 3.3VSB
18:15:20.713,3.340000,MB 3.3VSB
18:15:21.213,3.340000,MB 3.3VSB
18:15:21.713,3.340000,MB 3.3VSB
18:15:22.213,3.340000,MB 3.3VSB
18:15:22.713,3.340000,MB 3.3VSB
18:15:23.213,3.340000,MB 3.3VSB
18:15:23.713,3.340000,MB 3.3VSB
18:15:24.213,3.340000,MB 3.3VSB
18:15:24.713,3.340000,MB 3.3VSB
18:15:25.213,3.340000,MB 3.3VSB
18:15:11.213,1.810000,MB 1.8VSB
18:15:11.713,1.810000,MB 1.8VSB
18:15:12.213,1.810000,MB 1.8VSB
18:15:12.713,1.810000,MB 1.8VSB
18:15:13.213,1.810000,MB 1.8VSB
18:15:13.713,1.810000,MB 1.8VSB
18:15:14.213,1.810000,MB 1.8VSB
18:15:14.713,1.810000,MB 1.8VSB
18:15:15.213,1.810000,MB 1.8VSB
18:15:15.713,1.810000,MB 1.8VSB
18:15:16.213,1.810000,MB 1.8VSB
18:15:16.713,1.810000,MB 1.8VSB
18:15:17.213,1.810000,MB 1.8VSB
18:15:17.713,1.810000,MB 1.8VSB
18:15:18.213,1.810000,MB 1.8VSB
18:15:18.713,1.810000,MB 1.8VSB
18:15:19.213,1.810000,MB 1.8VSB
18:15:19.713,1.810000,MB 1.8VSB
18:15:20.213,1.810000,MB 1.8VSB
18:15:20.713,1.810000,MB 1.8VSB
18:15:21.213,1.810000,MB 1.8VSB
18:15:21.713,1.810000,MB 1.8VSB
18:15:22.213,1.810000,MB 1.8VSB
18:15:22.713,1.810000,MB 1.8VSB
18:15:23.213,1.810000,MB 1.8VSB
18:15:23.713,1.810000,MB 1.8VSB
18:15:24.213,1.810000,MB 1.8VSB
18:15:24.713,1.810000,MB 1.8VSB
18:15:25.213,1.810000,MB 1.8VSB
18:15:11.213,2.510000,BMC 2.5V
18:15:11.713,2.510000,BMC 2.5V
18:15:12.213,2.510000,BMC 2.5V
18:15:12.713,2.510000,BMC 2.5V
18:15:13.213,2.510000,BMC 2.5V
18:15:13.713,2.510000,BMC 2.5V
18:15:14.213,2.510000,BMC 2.5V
18:15:14.713,2.510000,BMC 2.5V
18:15:15.213,2.510000,BMC 2.5V
18:15:15.713,2.510000,BMC 2.5V
18:15:16.213,2.510000,BMC 2.5V
18:15:16.713,2.510000,BMC 2.5V
18:15:17.213,2.510000,BMC 2.5V
18:15:17.713,2.510000,BMC 2.5V
18:15:18.213,2.510000,BMC 2.5V
18:15:18.713,2.510000,BMC 2.5V
18:15:19.213,2.510000,BMC 2.5V
18:15:19.713,2.510000,BMC 2.5V
18:15:20.213,2.510000,BMC 2.5V
18:15:20.713,2.510000,BMC 2.5V
18:15:21.213,2.510000,BMC 2.5V
18:15:21.713,2.510000,BMC 2.5V
18:15:22.213,2.510000,BMC 2.5V
18:15:22.713,2.510000,BMC 2.5V
18:15:23.213,2.510000,BMC 2.5V
18:15:23.713,2.510000,BMC 2.5V
18:15:24.213,2.510000,BMC 2.5V
18:15:24.713,2.510000,BMC 2.5V
18:15:25.213,2.510000,BMC 2.5V
18:15:11.213,1.810000,BMC 1.8V
18:15:11.713,1.810000,BMC 1.8V
18:15:12.213,1.810000,BMC 1.8V
18:15:12.713,1.810000,BMC 1.8V
18:15:13.213,1.810000,BMC 1.8V
18:15:13.713,1.810000,BMC 1.8V
18:15:14.213,1.810000,BMC 1.8V
18:15:14.713,1.810000,BMC 1.8V
18:15:15.213,1.810000,BMC 1.8V
18:15:15.713,1.810000,BMC 1.8V
18:15:16.213,1.810000,BMC 1.8V
18:15:16.713,1.810000,BMC 1.8V
18:15:17.213,1.810000,BMC 1.8V
18:15:17.713,1.810000,BMC 1.8V
18:15:18.213,1.810000,BMC 1.8V
18:15:18.713,1.810000,BMC 1.8V
18:15:19.213,1.810000,BMC 1.8V
18:15:19.713,1.810000,BMC 1.8V
18:15:20.213,1.810000,BMC 1.8V
18:15:20.713,1.810000,BMC 1.8V
18:15:21.213,1.810000,BMC 1.8V
18:15:21.713,1.810000,BMC 1.8V
18:15:22.213,1.810000,BMC 1.8V
18:15:22.713,1.810000,BMC 1.8V
18:15:23.213,1.810000,BMC 1.8V
18:15:23.713,1.810000,BMC 1.8V
18:15:24.213,1.810000,BMC 1.8V
18:15:24.713,1.810000,BMC 1.8V
18:15:25.213,1.810000,BMC 1.8V
18:15:11.213,1.210000,BMC 1.2V
18:15:11.713,1.210000,BMC 1.2V
18:15:12.213,1.210000,BMC 1.2V
18:15:12.713,1.210000,BMC 1.2V
18:15:13.213,1.210000,BMC 1.2V
18:15:13.713,1.210000,BMC 1.2V
18:15:14.213,1.210000,BMC 1.2V
18:15:14.713,1.210000,BMC 1.2V
18:15:15.213,1.210000,BMC 1.2V
18:15:15.713,1.210000,BMC 1.2V
18:15:16.213,1.210000,BMC 1.2V
18:15:16.713,1.210000,BMC 1.2V
18:15:17.213,1.210000,BMC 1.2V
18:15:17.713,1.210000,BMC 1.2V
18:15:18.213,1.210000,BMC 1.2V
18:15:18.713,1.210000,BMC 1.2V
18:15:19.213,1.210000,BMC 1.2V
18:15:19.713,1.210000,BMC 1.2V
18:15:20.213,1.210000,BMC 1.2V
18:15:20.713,1.210000,BMC 1.2V
18:15:21.213,1.210000,BMC 1.2V
18:15:21.713,1.210000,BMC 1.2V
18:15:22.213,1.210000,BMC 1.2V
18:15:22.713,1.210000,BMC 1.2V
18:15:23.213,1.210000,BMC 1.2V
18:15:23.713,1.210000,BMC 1.2V
18:15:24.213,1.210000,BMC 1.2V
18:15:24.713,1.210000,BMC 1.2V
18:15:25.213,1.210000,BMC 1.2V
18:15:11.213,1.010000,BMC 1.0V
18:15:11.713,1.010000,BMC 1.0V
18:15:12.213,1.010000,BMC 1.0V
18:15:12.713,1.010000,BMC 1.0V
18:15:13.213,1.010000,BMC 1.0V
18:15:13.713,1.010000,BMC 1.0V
18:15:14.213,1.010000,BMC 1.0V
18:15:14.713,1.010000,BMC 1.0V
18:15:15.213,1.010000,BMC 1.0V
18:15:15.713,1.010000,BMC 1.0V
18:15:16.213,1.010000,BMC 1.0V
18:15:16.713,1.010000,BMC 1.0V
18:15:17.213,1.010000,BMC 1.0V
18:15:17.713,1.010000,BMC 1.0V
18:15:18.213,1.010000,BMC 1.0V
18:15:18.713,1.010000,BMC 1.0V
18:15:19.213,1.010000,BMC 1.0V
18:15:19.713,1.010000,BMC 1.0V
18:15:20.213,1.010000,BMC 1.0V
18:15:20.713,1.010000,BMC 1.0V
18:15:21.213,1.010000,BMC 1.0V
18:15:21.713,1.010000,BMC 1.0V
18:15:22.213,1.010000,BMC 1.0V
18:15:22.713,1.010000,BMC 1.0V
18:15:23.213,1.010000,BMC 1.0V
18:15:23.713,1.010000,BMC 1.0V
18:15:24.213,1.010000,BMC 1.0V
18:15:24.713,1.010000,BMC 1.0V
18:15:25.213,1.010000,BMC 1.0V
18:15:11.213,1.050000,CPU_VDDCR0
18:15:11.713,1.050000,CPU_VDDCR0
18:15:12.213,1.050000,CPU_VDDCR0
18:15:12.713,1.050000,CPU_VDDCR0
18:15:13.213,1.060000,CPU_VDDCR0
18:15:13.713,1.060000,CPU_VDDCR0
18:15:14.213,1.060000,CPU_VDDCR0
18:15:14.713,1.060000,CPU_VDDCR0
18:15:15.213,1.060000,CPU_VDDCR0
18:15:15.713,1.060000,CPU_VDDCR0
18:15:16.213,1.060000,CPU_VDDCR0
18:15:16.713,1.060000,CPU_VDDCR0
18:15:17.213,1.060000,CPU_VDDCR0
18:15:17.713,1.060000,CPU_VDDCR0
18:15:18.213,1.060000,CPU_VDDCR0
18:15:18.713,1.060000,CPU_VDDCR0
18:15:19.213,1.060000,CPU_VDDCR0
18:15:19.713,1.060000,CPU_VDDCR0
18:15:20.213,1.060000,CPU_VDDCR0
18:15:20.713,1.060000,CPU_VDDCR0
18:15:21.213,1.060000,CPU_VDDCR0
18:15:21.713,1.060000,CPU_VDDCR0
18:15:22.213,1.060000,CPU_VDDCR0
18:15:22.713,1.060000,CPU_VDDCR0
18:15:23.213,1.060000,CPU_VDDCR0
18:15:23.713,1.060000,CPU_VDDCR0
18:15:24.213,1.060000,CPU_VDDCR0
18:15:24.713,1.060000,CPU_VDDCR0
18:15:25.213,1.060000,CPU_VDDCR0
18:15:11.213,0.970000,CPU_SOC
18:15:11.713,0.970000,CPU_SOC
18:15:12.213,0.970000,CPU_SOC
18:15:12.713,0.970000,CPU_SOC
18:15:13.213,0.970000,CPU_SOC
18:15:13.713,0.970000,CPU_SOC
18:15:14.213,0.970000,CPU_SOC
18:15:14.713,0.970000,CPU_SOC
18:15:15.213,0.970000,CPU_SOC
18:15:15.713,0.970000,CPU_SOC
18:15:16.213,0.970000,CPU_SOC
18:15:16.713,0.970000,CPU_SOC
18:15:17.213,0.970000,CPU_SOC
18:15:17.713,0.970000,CPU_SOC
18:15:18.213,0.970000,CPU_SOC
18:15:18.713,0.970000,CPU_SOC
18:15:19.213,0.970000,CPU_SOC
18:15:19.713,0.970000,CPU_SOC
18:15:20.213,0.970000,CPU_SOC
18:15:20.713,0.970000,CPU_SOC
18:15:21.213,0.970000,CPU_SOC
18:15:21.713,0.970000,CPU_SOC
18:15:22.213,0.970000,CPU_SOC
18:15:22.713,0.970000,CPU_SOC
18:15:23.213,0.970000,CPU_SOC
18:15:23.713,0.970000,CPU_SOC
18:15:24.213,0.970000,CPU_SOC
18:15:24.713,0.970000,CPU_SOC
18:15:25.213,0.970000,CPU_SOC
18:15:11.213,1.050000,CPU_VDDCR1
18:15:11.713,1.050000,CPU_VDDCR1
18:15:12.213,1.050000,CPU_VDDCR1
18:15:12.713,1.050000,CPU_VDDCR1
18:15:13.213,1.060000,CPU_VDDCR1
18:15:13.713,1.060000,CPU_VDDCR1
18:15:14.213,1.060000,CPU_VDDCR1
18:15:14.713,1.060000,CPU_VDDCR1
18:15:15.213,1.060000,CPU_VDDCR1
18:15:15.713,1.060000,CPU_VDDCR1
18:15:16.213,1.060000,CPU_VDDCR1
18:15:16.713,1.060000,CPU_VDDCR1
18:15:17.213,1.060000,CPU_VDDCR1
18:15:17.713,1.060000,CPU_VDDCR1
18:15:18.213,1.060000,CPU_VDDCR1
18:15:18.713,1.060000,CPU_VDDCR1
18:15:19.213,1.060000,CPU_VDDCR1
18:15:19.713,1.060000,CPU_VDDCR1
18:15:20.213,1.060000,CPU_VDDCR1
18:15:20.713,1.060000,CPU_VDDCR1
18:15:21.213,1.060000,CPU_VDDCR1
18:15:21.713,1.060000,CPU_VDDCR1
18:15:22.213,1.060000,CPU_VDDCR1
18:15:22.713,1.060000,CPU_VDDCR1
18:15:23.213,1.060000,CPU_VDDCR1
18:15:23.713,1.060000,CPU_VDDCR1
18:15:24.213,1.060000,CPU_VDDCR1
18:15:24.713,1.060000,CPU_VDDCR1
18:15:25.213,1.060000,CPU_VDDCR1
18:15:11.213,1.050000,CPU_VDDIO
18:15:11.713,1.050000,CPU_VDDIO
18:15:12.213,1.050000,CPU_VDDIO
18:15:12.713,1.050000,CPU_VDDIO
18:15:13.213,1.090000,CPU_VDDIO
18:15:13.713,1.090000,CPU_VDDIO
18:15:14.213,1.090000,CPU_VDDIO
18:15:14.713,1.090000,CPU_VDDIO
18:15:15.213,1.090000,CPU_VDDIO
18:15:15.713,1.090000,CPU_VDDIO
18:15:16.213,1.090000,CPU_VDDIO
18:15:16.713,1.090000,CPU_VDDIO
18:15:17.213,1.090000,CPU_VDDIO
18:15:17.713,1.090000,CPU_VDDIO
18:15:18.213,1.090000,CPU_VDDIO
18:15:18.713,1.090000,CPU_VDDIO
18:15:19.213,1.090000,CPU_VDDIO
18:15:19.713,1.090000,CPU_VDDIO
18:15:20.213,1.090000,CPU_VDDIO
18:15:20.713,1.090000,CPU_VDDIO
18:15:21.213,1.090000,CPU_VDDIO
18:15:21.713,1.090000,CPU_VDDIO
18:15:22.213,1.090000,CPU_VDDIO
18:15:22.713,1.090000,CPU_VDDIO
18:15:23.213,1.090000,CPU_VDDIO
18:15:23.713,1.090000,CPU_VDDIO
18:15:24.213,1.090000,CPU_VDDIO
18:15:24.713,1.090000,CPU_VDDIO
18:15:25.213,1.090000,CPU_VDDIO
18:15:11.213,12.080000,MB 12V
18:15:11.713,12.080000,MB 12V
18:15:12.213,12.080000,MB 12V
18:15:12.713,12.080000,MB 12V
18:15:13.213,12.080000,MB 12V
18:15:13.713,12.080000,MB 12V
18:15:14.213,12.080000,MB 12V
18:15:14.713,12.080000,MB 12V
18:15:15.213,12.080000,MB 12V
18:15:15.713,12.080000,MB 12V
18:15:16.213,12.080000,MB 12V
18:15:16.713,12.080000,MB 12V
18:15:17.213,12.080000,MB 12V
18:15:17.713,12.080000,MB 12V
18:15:18.213,12.080000,MB 12V
18:15:18.713,12.080000,MB 12V
18:15:19.213,12.080000,MB 12V
18:15:19.713,12.080000,MB 12V
18:15:20.213,12.080000,MB 12V
18:15:20.713,12.080000,MB 12V
18:15:21.213,12.080000,MB 12V
18:15:21.713,12.080000,MB 12V
18:15:22.213,12.080000,MB 12V
18:15:22.713,12.080000,MB 12V
18:15:23.213,12.080000,MB 12V
18:15:23.713,12.080000,MB 12V
18:15:24.213,12.080000,MB 12V
18:15:24.713,12.080000,MB 12V
18:15:25.213,12.080000,MB 12V
18:15:11.213,5.180000,MB 5VCC
18:15:11.713,5.180000,MB 5VCC
18:15:12.213,5.180000,MB 5VCC
18:15:12.713,5.180000,MB 5VCC
18:15:13.213,5.180000,MB 5VCC
18:15:13.713,5.180000,MB 5VCC
18:15:14.213,5.180000,MB 5VCC
18:15:14.713,5.180000,MB 5VCC
18:15:15.213,5.180000,MB 5VCC
18:15:15.713,5.180000,MB 5VCC
18:15:16.213,5.180000,MB 5VCC
18:15:16.713,5.180000,MB 5VCC
18:15:17.213,5.180000,MB 5VCC
18:15:17.713,5.180000,MB 5VCC
18:15:18.213,5.180000,MB 5VCC
18:15:18.713,5.180000,MB 5VCC
18:15:19.213,5.180000,MB 5VCC
18:15:19.713,5.180000,MB 5VCC
18:15:20.213,5.180000,MB 5VCC
18:15:20.713,5.180000,MB 5VCC
18:15:21.213,5.180000,MB 5VCC
18:15:21.713,5.180000,MB 5VCC
18:15:22.213,5.180000,MB 5VCC
18:15:22.713,5.180000,MB 5VCC
18:15:23.213,5.180000,MB 5VCC
18:15:23.713,5.180000,MB 5VCC
18:15:24.213,5.180000,MB 5VCC
18:15:24.713,5.180000,MB 5VCC
18:15:25.213,5.180000,MB 5VCC
18:15:11.213,3.400000,MB 3.3VCC
18:15:11.713,3.400000,MB 3.3VCC
18:15:12.213,3.400000,MB 3.3VCC
18:15:12.713,3.400000,MB 3.3VCC
18:15:13.213,3.400000,MB 3.3VCC
18:15:13.713,3.400000,MB 3.3VCC
18:15:14.213,3.400000,MB 3.3VCC
18:15:14.713,3.400000,MB 3.3VCC
18:15:15.213,3.400000,MB 3.3VCC
18:15:15.713,3.400000,MB 3.3VCC
18:15:16.213,3.400000,MB 3.3VCC
18:15:16.713,3.400000,MB 3.3VCC
18:15:17.213,3.400000,MB 3.3VCC
18:15:17.713,3.400000,MB 3.3VCC
18:15:18.213,3.400000,MB 3.3VCC
18:15:18.713,3.400000,MB 3.3VCC
18:15:19.213,3.400000,MB 3.3VCC
18:15:19.713,3.400000,MB 3.3VCC
18:15:20.213,3.400000,MB 3.3VCC
18:15:20.713,3.400000,MB 3.3VCC
18:15:21.213,3.400000,MB 3.3VCC
18:15:21.713,3.400000,MB 3.3VCC
18:15:22.213,3.400000,MB 3.3VCC
18:15:22.713,3.400000,MB 3.3VCC
18:15:23.213,3.400000,MB 3.3VCC
18:15:23.713,3.400000,MB 3.3VCC
18:15:24.213,3.400000,MB 3.3VCC
18:15:24.713,3.400000,MB 3.3VCC
18:15:25.213,3.400000,MB 3.3VCC
18:15:11.147,5.140000,MB 5VSB
18:15:11.647,5.140000,MB 5VSB
18:15:12.147,5.140000,MB 5VSB
18:15:12.647,5.140000,MB 5VSB
18:15:13.147,5.140000,MB 5VSB
18:15:13.647,5.140000,MB 5VSB
18:15:14.147,5.140000,MB 5VSB
18:15:14.647,5.140000,MB 5VSB
18:15:15.147,5.140000,MB 5VSB
18:15:15.647,5.140000,MB 5VSB
18:15:16.147,5.140000,MB 5VSB
18:15:16.647,5.140000,MB 5VSB
18:15:17.147,5.140000,MB 5VSB
18:15:17.647,5.140000,MB 5VSB
18:15:18.147,5.140000,MB 5VSB
18:15:18.647,5.140000,MB 5VSB
18:15:19.147,5.140000,MB 5VSB
18:15:19.647,5.140000,MB 5VSB
18:15:20.147,5.140000,MB 5VSB
18:15:20.647,5.140000,MB 5VSB
18:15:21.147,5.140000,MB 5VSB
18:15:21.647,5.140000,MB 5VSB
18:15:22.147,5.140000,MB 5VSB
18:15:22.647,5.140000,MB 5VSB
18:15:23.147,5.140000,MB 5VSB
18:15:23.647,5.140000,MB 5VSB
18:15:24.147,5.140000,MB 5VSB
18:15:24.647,5.140000,MB 5VSB
18:15:25.147,5.140000,MB 5VSB
18:15:25.647,5.140000,MB 5VSB
18:15:11.147,3.340000,MB 3.3VSB
18:15:11.647,3.340000,MB 3.3VSB
18:15:12.147,3.340000,MB 3.3VSB
18:15:12.647,3.340000,MB 3.3VSB
18:15:13.147,3.340000,MB 3.3VSB
18:15:13.647,3.340000,MB 3.3VSB
18:15:14.147,3.340000,MB 3.3VSB
18:15:14.647,3.340000,MB 3.3VSB
18:15:15.147,3.340000,MB 3.3VSB
18:15:15.647,3.340000,MB 3.3VSB
18:15:16.147,3.340000,MB 3.3VSB
18:15:16.647,3.340000,MB 3.3VSB
18:15:17.147,3.340000,MB 3.3VSB
18:15:17.647,3.340000,MB 3.3VSB
18:15:18.147,3.340000,MB 3.3VSB
18:15:18.647,3.340000,MB 3.3VSB
18:15:19.147,3.340000,MB 3.3VSB
18:15:19.647,3.340000,MB 3.3VSB
18:15:20.147,3.340000,MB 3.3VSB
18:15:20.647,3.340000,MB 3.3VSB
18:15:21.147,3.340000,MB 3.3VSB
18:15:21.647,3.340000,MB 3.3VSB
18:15:22.147,3.340000,MB 3.3VSB
18:15:22.647,3.340000,MB 3.3VSB
18:15:23.147,3.340000,MB 3.3VSB
18:15:23.647,3.340000,MB 3.3VSB
18:15:24.147,3.340000,MB 3.3VSB
18:15:24.647,3.340000,MB 3.3VSB
18:15:25.147,3.340000,MB 3.3VSB
18:15:25.647,3.340000,MB 3.3VSB
18:15:11.147,1.810000,MB 1.8VSB
18:15:11.647,1.810000,MB 1.8VSB
18:15:12.147,1.810000,MB 1.8VSB
18:15:12.647,1.810000,MB 1.8VSB
18:15:13.147,1.810000,MB 1.8VSB
18:15:13.647,1.810000,MB 1.8VSB
18:15:14.147,1.810000,MB 1.8VSB
18:15:14.647,1.810000,MB 1.8VSB
18:15:15.147,1.810000,MB 1.8VSB
18:15:15.647,1.810000,MB 1.8VSB
18:15:16.147,1.810000,MB 1.8VSB
18:15:16.647,1.810000,MB 1.8VSB
18:15:17.147,1.810000,MB 1.8VSB
18:15:17.647,1.810000,MB 1.8VSB
18:15:18.147,1.810000,MB 1.8VSB
18:15:18.647,1.810000,MB 1.8VSB
18:15:19.147,1.810000,MB 1.8VSB
18:15:19.647,1.810000,MB 1.8VSB
18:15:20.147,1.810000,MB 1.8VSB
18:15:20.647,1.810000,MB 1.8VSB
18:15:21.147,1.810000,MB 1.8VSB
18:15:21.647,1.810000,MB 1.8VSB
18:15:22.147,1.810000,MB 1.8VSB
18:15:22.647,1.810000,MB 1.8VSB
18:15:23.147,1.810000,MB 1.8VSB
18:15:23.647,1.810000,MB 1.8VSB
18:15:24.147,1.810000,MB 1.8VSB
18:15:24.647,1.810000,MB 1.8VSB
18:15:25.147,1.810000,MB 1.8VSB
18:15:25.647,1.810000,MB 1.8VSB
18:15:11.147,2.510000,BMC 2.5V
18:15:11.647,2.510000,BMC 2.5V
18:15:12.147,2.510000,BMC 2.5V
18:15:12.647,2.510000,BMC 2.5V
18:15:13.147,2.510000,BMC 2.5V
18:15:13.647,2.510000,BMC 2.5V
18:15:14.147,2.510000,BMC 2.5V
18:15:14.647,2.510000,BMC 2.5V
18:15:15.147,2.510000,BMC 2.5V
18:15:15.647,2.510000,BMC 2.5V
18:15:16.147,2.510000,BMC 2.5V
18:15:16.647,2.510000,BMC 2.5V
18:15:17.147,2.510000,BMC 2.5V
18:15:17.647,2.510000,BMC 2.5V
18:15:18.147,2.510000,BMC 2.5V
18:15:18.647,2.510000,BMC 2.5V
18:15:19.147,2.510000,BMC 2.5V
18:15:19.647,2.510000,BMC 2.5V
18:15:20.147,2.510000,BMC 2.5V
18:15:20.647,2.510000,BMC 2.5V
18:15:21.147,2.510000,BMC 2.5V
18:15:21.647,2.510000,BMC 2.5V
18:15:22.147,2.510000,BMC 2.5V
18:15:22.647,2.510000,BMC 2.5V
18:15:23.147,2.510000,BMC 2.5V
18:15:23.647,2.510000,BMC 2.5V
18:15:24.147,2.510000,BMC 2.5V
18:15:24.647,2.510000,BMC 2.5V
18:15:25.147,2.510000,BMC 2.5V
18:15:25.647,2.510000,BMC 2.5V
18:15:11.147,1.810000,BMC 1.8V
18:15:11.647,1.810000,BMC 1.8V
18:15:12.147,1.810000,BMC 1.8V
18:15:12.647,1.810000,BMC 1.8V
18:15:13.147,1.810000,BMC 1.8V
18:15:13.647,1.810000,BMC 1.8V
18:15:14.147,1.810000,BMC 1.8V
18:15:14.647,1.810000,BMC 1.8V
18:15:15.147,1.810000,BMC 1.8V
18:15:15.647,1.810000,BMC 1.8V
18:15:16.147,1.810000,BMC 1.8V
18:15:16.647,1.810000,BMC 1.8V
18:15:17.147,1.810000,BMC 1.8V
18:15:17.647,1.810000,BMC 1.8V
18:15:18.147,1.810000,BMC 1.8V
18:15:18.647,1.810000,BMC 1.8V
18:15:19.147,1.810000,BMC 1.8V
18:15:19.647,1.810000,BMC 1.8V
18:15:20.147,1.810000,BMC 1.8V
18:15:20.647,1.810000,BMC 1.8V
18:15:21.147,1.810000,BMC 1.8V
18:15:21.647,1.810000,BMC 1.8V
18:15:22.147,1.810000,BMC 1.8V
18:15:22.647,1.810000,BMC 1.8V
18:15:23.147,1.810000,BMC 1.8V
18:15:23.647,1.810000,BMC 1.8V
18:15:24.147,1.810000,BMC 1.8V
18:15:24.647,1.810000,BMC 1.8V
18:15:25.147,1.810000,BMC 1.8V
18:15:25.647,1.810000,BMC 1.8V
18:15:11.147,1.210000,BMC 1.2V
18:15:11.647,1.210000,BMC 1.2V
18:15:12.147,1.210000,BMC 1.2V
18:15:12.647,1.210000,BMC 1.2V
18:15:13.147,1.210000,BMC 1.2V
18:15:13.647,1.210000,BMC 1.2V
18:15:14.147,1.210000,BMC 1.2V
18:15:14.647,1.210000,BMC 1.2V
18:15:15.147,1.210000,BMC 1.2V
18:15:15.647,1.210000,BMC 1.2V
18:15:16.147,1.210000,BMC 1.2V
18:15:16.647,1.210000,BMC 1.2V
18:15:17.147,1.210000,BMC 1.2V
18:15:17.647,1.210000,BMC 1.2V
18:15:18.147,1.210000,BMC 1.2V
18:15:18.647,1.210000,BMC 1.2V
18:15:19.147,1.210000,BMC 1.2V
18:15:19.647,1.210000,BMC 1.2V
18:15:20.147,1.210000,BMC 1.2V
18:15:20.647,1.210000,BMC 1.2V
18:15:21.147,1.210000,BMC 1.2V
18:15:21.647,1.210000,BMC 1.2V
18:15:22.147,1.210000,BMC 1.2V
18:15:22.647,1.210000,BMC 1.2V
18:15:23.147,1.210000,BMC 1.2V
18:15:23.647,1.210000,BMC 1.2V
18:15:24.147,1.210000,BMC 1.2V
18:15:24.647,1.210000,BMC 1.2V
18:15:25.147,1.210000,BMC 1.2V
18:15:25.647,1.210000,BMC 1.2V
18:15:11.147,1.010000,BMC 1.0V
18:15:11.647,1.010000,BMC 1.0V
18:15:12.147,1.010000,BMC 1.0V
18:15:12.647,1.010000,BMC 1.0V
18:15:13.147,1.010000,BMC 1.0V
18:15:13.647,1.010000,BMC 1.0V
18:15:14.147,1.010000,BMC 1.0V
18:15:14.647,1.010000,BMC 1.0V
18:15:15.147,1.010000,BMC 1.0V
18:15:15.647,1.010000,BMC 1.0V
18:15:16.147,1.010000,BMC 1.0V
18:15:16.647,1.010000,BMC 1.0V
18:15:17.147,1.010000,BMC 1.0V
18:15:17.647,1.010000,BMC 1.0V
18:15:18.147,1.010000,BMC 1.0V
18:15:18.647,1.010000,BMC 1.0V
18:15:19.147,1.010000,BMC 1.0V
18:15:19.647,1.010000,BMC 1.0V
18:15:20.147,1.010000,BMC 1.0V
18:15:20.647,1.010000,BMC 1.0V
18:15:21.147,1.010000,BMC 1.0V
18:15:21.647,1.010000,BMC 1.0V
18:15:22.147,1.010000,BMC 1.0V
18:15:22.647,1.010000,BMC 1.0V
18:15:23.147,1.010000,BMC 1.0V
18:15:23.647,1.010000,BMC 1.0V
18:15:24.147,1.010000,BMC 1.0V
18:15:24.647,1.010000,BMC 1.0V
18:15:25.147,1.010000,BMC 1.0V
18:15:25.647,1.010000,BMC 1.0V
18:15:11.147,1.050000,CPU_VDDCR0
18:15:11.647,1.050000,CPU_VDDCR0
18:15:12.147,1.050000,CPU_VDDCR0
18:15:12.647,1.050000,CPU_VDDCR0
18:15:13.147,1.060000,CPU_VDDCR0
18:15:13.647,1.060000,CPU_VDDCR0
18:15:14.147,1.060000,CPU_VDDCR0
18:15:14.647,1.060000,CPU_VDDCR0
18:15:15.147,1.060000,CPU_VDDCR0
18:15:15.647,1.060000,CPU_VDDCR0
18:15:16.147,1.060000,CPU_VDDCR0
18:15:16.647,1.060000,CPU_VDDCR0
18:15:17.147,1.060000,CPU_VDDCR0
18:15:17.647,1.060000,CPU_VDDCR0
18:15:18.147,1.060000,CPU_VDDCR0
18:15:18.647,1.060000,CPU_VDDCR0
18:15:19.147,1.060000,CPU_VDDCR0
18:15:19.647,1.060000,CPU_VDDCR0
18:15:20.147,1.060000,CPU_VDDCR0
18:15:20.647,1.060000,CPU_VDDCR0
18:15:21.147,1.060000,CPU_VDDCR0
18:15:21.647,1.060000,CPU_VDDCR0
18:15:22.147,1.060000,CPU_VDDCR0
18:15:22.647,1.060000,CPU_VDDCR0
18:15:23.147,1.060000,CPU_VDDCR0
18:15:23.647,1.060000,CPU_VDDCR0
18:15:24.147,1.060000,CPU_VDDCR0
18:15:24.647,1.060000,CPU_VDDCR0
18:15:25.147,1.060000,CPU_VDDCR0
18:15:25.647,1.060000,CPU_VDDCR0
18:15:11.147,0.970000,CPU_SOC
18:15:11.647,0.970000,CPU_SOC
18:15:12.147,0.970000,CPU_SOC
18:15:12.647,0.970000,CPU_SOC
18:15:13.147,0.970000,CPU_SOC
18:15:13.647,0.970000,CPU_SOC
18:15:14.147,0.970000,CPU_SOC
18:15:14.647,0.970000,CPU_SOC
18:15:15.147,0.970000,CPU_SOC
18:15:15.647,0.970000,CPU_SOC
18:15:16.147,0.970000,CPU_SOC
18:15:16.647,0.970000,CPU_SOC
18:15:17.147,0.970000,CPU_SOC
18:15:17.647,0.970000,CPU_SOC
18:15:18.147,0.970000,CPU_SOC
18:15:18.647,0.970000,CPU_SOC
18:15:19.147,0.970000,CPU_SOC
18:15:19.647,0.970000,CPU_SOC
18:15:20.147,0.970000,CPU_SOC
18:15:20.647,0.970000,CPU_SOC
18:15:21.147,0.970000,CPU_SOC
18:15:21.647,0.970000,CPU_SOC
18:15:22.147,0.970000,CPU_SOC
18:15:22.647,0.970000,CPU_SOC
18:15:23.147,0.970000,CPU_SOC
18:15:23.647,0.970000,CPU_SOC
18:15:24.147,0.970000,CPU_SOC
18:15:24.647,0.970000,CPU_SOC
18:15:25.147,0.970000,CPU_SOC
18:15:25.647,0.970000,CPU_SOC
18:15:11.147,1.050000,CPU_VDDCR1
18:15:11.647,1.050000,CPU_VDDCR1
18:15:12.147,1.050000,CPU_VDDCR1
18:15:12.647,1.050000,CPU_VDDCR1
18:15:13.147,1.060000,CPU_VDDCR1
18:15:13.647,1.060000,CPU_VDDCR1
18:15:14.147,1.060000,CPU_VDDCR1
18:15:14.647,1.060000,CPU_VDDCR1
18:15:15.147,1.060000,CPU_VDDCR1
18:15:15.647,1.060000,CPU_VDDCR1
18:15:16.147,1.060000,CPU_VDDCR1
18:15:16.647,1.060000,CPU_VDDCR1
18:15:17.147,1.060000,CPU_VDDCR1
18:15:17.647,1.060000,CPU_VDDCR1
18:15:18.147,1.060000,CPU_VDDCR1
18:15:18.647,1.060000,CPU_VDDCR1
18:15:19.147,1.060000,CPU_VDDCR1
18:15:19.647,1.060000,CPU_VDDCR1
18:15:20.147,1.060000,CPU_VDDCR1
18:15:20.647,1.060000,CPU_VDDCR1
18:15:21.147,1.060000,CPU_VDDCR1
18:15:21.647,1.060000,CPU_VDDCR1
18:15:22.147,1.060000,CPU_VDDCR1
18:15:22.647,1.060000,CPU_VDDCR1
18:15:23.147,1.060000,CPU_VDDCR1
18:15:23.647,1.060000,CPU_VDDCR1
18:15:24.147,1.060000,CPU_VDDCR1
18:15:24.647,1.060000,CPU_VDDCR1
18:15:25.147,1.060000,CPU_VDDCR1
18:15:25.647,1.060000,CPU_VDDCR1
18:15:11.147,1.050000,CPU_VDDIO
18:15:11.647,1.050000,CPU_VDDIO
18:15:12.147,1.050000,CPU_VDDIO
18:15:12.647,1.050000,CPU_VDDIO
18:15:13.147,1.090000,CPU_VDDIO
18:15:13.647,1.090000,CPU_VDDIO
18:15:14.147,1.090000,CPU_VDDIO
18:15:14.647,1.090000,CPU_VDDIO
18:15:15.147,1.090000,CPU_VDDIO
18:15:15.647,1.090000,CPU_VDDIO
18:15:16.147,1.090000,CPU_VDDIO
18:15:16.647,1.090000,CPU_VDDIO
18:15:17.147,1.090000,CPU_VDDIO
18:15:17.647,1.090000,CPU_VDDIO
18:15:18.147,1.090000,CPU_VDDIO
18:15:18.647,1.090000,CPU_VDDIO
18:15:19.147,1.090000,CPU_VDDIO
18:15:19.647,1.090000,CPU_VDDIO
18:15:20.147,1.090000,CPU_VDDIO
18:15:20.647,1.090000,CPU_VDDIO
18:15:21.147,1.090000,CPU_VDDIO
18:15:21.647,1.090000,CPU_VDDIO
18:15:22.147,1.090000,CPU_VDDIO
18:15:22.647,1.090000,CPU_VDDIO
18:15:23.147,1.090000,CPU_VDDIO
18:15:23.647,1.090000,CPU_VDDIO
18:15:24.147,1.090000,CPU_VDDIO
18:15:24.647,1.090000,CPU_VDDIO
18:15:25.147,1.090000,CPU_VDDIO
18:15:25.647,1.090000,CPU_VDDIO
18:15:11.147,12.080000,MB 12V
18:15:11.647,12.080000,MB 12V
18:15:12.147,12.080000,MB 12V
18:15:12.647,12.080000,MB 12V
18:15:13.147,12.080000,MB 12V
18:15:13.647,12.080000,MB 12V
18:15:14.147,12.080000,MB 12V
18:15:14.647,12.080000,MB 12V
18:15:15.147,12.080000,MB 12V
18:15:15.647,12.080000,MB 12V
18:15:16.147,12.080000,MB 12V
18:15:16.647,12.080000,MB 12V
18:15:17.147,12.080000,MB 12V
18:15:17.647,12.080000,MB 12V
18:15:18.147,12.080000,MB 12V
18:15:18.647,12.080000,MB 12V
18:15:19.147,12.080000,MB 12V
18:15:19.647,12.080000,MB 12V
18:15:20.147,12.080000,MB 12V
18:15:20.647,12.080000,MB 12V
18:15:21.147,12.080000,MB 12V
18:15:21.647,12.080000,MB 12V
18:15:22.147,12.080000,MB 12V
18:15:22.647,12.080000,MB 12V
18:15:23.147,12.080000,MB 12V
18:15:23.647,12.080000,MB 12V
18:15:24.147,12.080000,MB 12V
18:15:24.647,12.080000,MB 12V
18:15:25.147,12.080000,MB 12V
18:15:25.647,12.080000,MB 12V
18:15:11.147,5.180000,MB 5VCC
18:15:11.647,5.180000,MB 5VCC
18:15:12.147,5.180000,MB 5VCC
18:15:12.647,5.180000,MB 5VCC
18:15:13.147,5.180000,MB 5VCC
18:15:13.647,5.180000,MB 5VCC
18:15:14.147,5.180000,MB 5VCC
18:15:14.647,5.180000,MB 5VCC
18:15:15.147,5.180000,MB 5VCC
18:15:15.647,5.180000,MB 5VCC
18:15:16.147,5.180000,MB 5VCC
18:15:16.647,5.180000,MB 5VCC
18:15:17.147,5.180000,MB 5VCC
18:15:17.647,5.180000,MB 5VCC
18:15:18.147,5.180000,MB 5VCC
18:15:18.647,5.180000,MB 5VCC
18:15:19.147,5.180000,MB 5VCC
18:15:19.647,5.180000,MB 5VCC
18:15:20.147,5.180000,MB 5VCC
18:15:20.647,5.180000,MB 5VCC
18:15:21.147,5.180000,MB 5VCC
18:15:21.647,5.180000,MB 5VCC
18:15:22.147,5.180000,MB 5VCC
18:15:22.647,5.180000,MB 5VCC
18:15:23.147,5.180000,MB 5VCC
18:15:23.647,5.180000,MB 5VCC
18:15:24.147,5.180000,MB 5VCC
18:15:24.647,5.180000,MB 5VCC
18:15:25.147,5.180000,MB 5VCC
18:15:25.647,5.180000,MB 5VCC
18:15:11.147,3.400000,MB 3.3VCC
18:15:11.647,3.400000,MB 3.3VCC
18:15:12.147,3.400000,MB 3.3VCC
18:15:12.647,3.400000,MB 3.3VCC
18:15:13.147,3.400000,MB 3.3VCC
18:15:13.647,3.400000,MB 3.3VCC
18:15:14.147,3.400000,MB 3.3VCC
18:15:14.647,3.400000,MB 3.3VCC
18:15:15.147,3.400000,MB 3.3VCC
18:15:15.647,3.400000,MB 3.3VCC
18:15:16.147,3.400000,MB 3.3VCC
18:15:16.647,3.400000,MB 3.3VCC
18:15:17.147,3.400000,MB 3.3VCC
18:15:17.647,3.400000,MB 3.3VCC
18:15:18.147,3.400000,MB 3.3VCC
18:15:18.647,3.400000,MB 3.3VCC
18:15:19.147,3.400000,MB 3.3VCC
18:15:19.647,3.400000,MB 3.3VCC
18:15:20.147,3.400000,MB 3.3VCC
18:15:20.647,3.400000,MB 3.3VCC
18:15:21.147,3.400000,MB 3.3VCC
18:15:21.647,3.400000,MB 3.3VCC
18:15:22.147,3.400000,MB 3.3VCC
18:15:22.647,3.400000,MB 3.3VCC
18:15:23.147,3.400000,MB 3.3VCC
18:15:23.647,3.400000,MB 3.3VCC
18:15:24.147,3.400000,MB 3.3VCC
18:15:24.647,3.400000,MB 3.3VCC
18:15:25.147,3.400000,MB 3.3VCC
18:15:25.647,3.400000,MB 3.3VCC
18:15:11.218,5.140000,MB 5VSB
18:15:11.718,5.140000,MB 5VSB
18:15:12.218,5.140000,MB 5VSB
18:15:12.718,5.140000,MB 5VSB
18:15:13.218,5.140000,MB 5VSB
18:15:13.718,5.140000,MB 5VSB
18:15:14.218,5.140000,MB 5VSB
18:15:14.718,5.140000,MB 5VSB
18:15:15.218,5.140000,MB 5VSB
18:15:15.718,5.140000,MB 5VSB
18:15:16.218,5.140000,MB 5VSB
18:15:16.718,5.140000,MB 5VSB
18:15:17.218,5.140000,MB 5VSB
18:15:17.718,5.140000,MB 5VSB
18:15:18.218,5.140000,MB 5VSB
18:15:18.718,5.140000,MB 5VSB
18:15:19.218,5.140000,MB 5VSB
18:15:19.718,5.140000,MB 5VSB
18:15:20.218,5.140000,MB 5VSB
18:15:20.718,5.140000,MB 5VSB
18:15:21.218,5.140000,MB 5VSB
18:15:21.718,5.140000,MB 5VSB
18:15:22.218,5.140000,MB 5VSB
18:15:22.718,5.140000,MB 5VSB
18:15:23.218,5.140000,MB 5VSB
18:15:23.718,5.140000,MB 5VSB
18:15:24.218,5.140000,MB 5VSB
18:15:24.718,5.140000,MB 5VSB
18:15:25.218,5.140000,MB 5VSB
18:15:25.718,5.140000,MB 5VSB
18:15:26.218,5.140000,MB 5VSB
18:15:26.718,5.140000,MB 5VSB
18:15:11.218,3.340000,MB 3.3VSB
18:15:11.718,3.340000,MB 3.3VSB
18:15:12.218,3.340000,MB 3.3VSB
18:15:12.718,3.340000,MB 3.3VSB
18:15:13.218,3.340000,MB 3.3VSB
18:15:13.718,3.340000,MB 3.3VSB
18:15:14.218,3.340000,MB 3.3VSB
18:15:14.718,3.340000,MB 3.3VSB
18:15:15.218,3.340000,MB 3.3VSB
18:15:15.718,3.340000,MB 3.3VSB
18:15:16.218,3.340000,MB 3.3VSB
18:15:16.718,3.340000,MB 3.3VSB
18:15:17.218,3.340000,MB 3.3VSB
18:15:17.718,3.340000,MB 3.3VSB
18:15:18.218,3.340000,MB 3.3VSB
18:15:18.718,3.340000,MB 3.3VSB
18:15:19.218,3.340000,MB 3.3VSB
18:15:19.718,3.340000,MB 3.3VSB
18:15:20.218,3.340000,MB 3.3VSB
18:15:20.718,3.340000,MB 3.3VSB
18:15:21.218,3.340000,MB 3.3VSB
18:15:21.718,3.340000,MB 3.3VSB
18:15:22.218,3.340000,MB 3.3VSB
18:15:22.718,3.340000,MB 3.3VSB
18:15:23.218,3.340000,MB 3.3VSB
18:15:23.718,3.340000,MB 3.3VSB
18:15:24.218,3.340000,MB 3.3VSB
18:15:24.718,3.340000,MB 3.3VSB
18:15:25.218,3.340000,MB 3.3VSB
18:15:25.718,3.340000,MB 3.3VSB
18:15:26.218,3.340000,MB 3.3VSB
18:15:26.718,3.340000,MB 3.3VSB
18:15:11.218,1.810000,MB 1.8VSB
18:15:11.718,1.810000,MB 1.8VSB
18:15:12.218,1.810000,MB 1.8VSB
18:15:12.718,1.810000,MB 1.8VSB
18:15:13.218,1.810000,MB 1.8VSB
18:15:13.718,1.810000,MB 1.8VSB
18:15:14.218,1.810000,MB 1.8VSB
18:15:14.718,1.810000,MB 1.8VSB
18:15:15.218,1.810000,MB 1.8VSB
18:15:15.718,1.810000,MB 1.8VSB
18:15:16.218,1.810000,MB 1.8VSB
18:15:16.718,1.810000,MB 1.8VSB
18:15:17.218,1.810000,MB 1.8VSB
18:15:17.718,1.810000,MB 1.8VSB
18:15:18.218,1.810000,MB 1.8VSB
18:15:18.718,1.810000,MB 1.8VSB
18:15:19.218,1.810000,MB 1.8VSB
18:15:19.718,1.810000,MB 1.8VSB
18:15:20.218,1.810000,MB 1.8VSB
18:15:20.718,1.810000,MB 1.8VSB
18:15:21.218,1.810000,MB 1.8VSB
18:15:21.718,1.810000,MB 1.8VSB
18:15:22.218,1.810000,MB 1.8VSB
18:15:22.718,1.810000,MB 1.8VSB
18:15:23.218,1.810000,MB 1.8VSB
18:15:23.718,1.810000,MB 1.8VSB
18:15:24.218,1.810000,MB 1.8VSB
18:15:24.718,1.810000,MB 1.8VSB
18:15:25.218,1.810000,MB 1.8VSB
18:15:25.718,1.810000,MB 1.8VSB
18:15:26.218,1.810000,MB 1.8VSB
18:15:26.718,1.810000,MB 1.8VSB
18:15:11.218,2.510000,BMC 2.5V
18:15:11.718,2.510000,BMC 2.5V
18:15:12.218,2.510000,BMC 2.5V
18:15:12.718,2.510000,BMC 2.5V
18:15:13.218,2.510000,BMC 2.5V
18:15:13.718,2.510000,BMC 2.5V
18:15:14.218,2.510000,BMC 2.5V
18:15:14.718,2.510000,BMC 2.5V
18:15:15.218,2.510000,BMC 2.5V
18:15:15.718,2.510000,BMC 2.5V
18:15:16.218,2.510000,BMC 2.5V
18:15:16.718,2.510000,BMC 2.5V
18:15:17.218,2.510000,BMC 2.5V
18:15:17.718,2.510000,BMC 2.5V
18:15:18.218,2.510000,BMC 2.5V
18:15:18.718,2.510000,BMC 2.5V
18:15:19.218,2.510000,BMC 2.5V
18:15:19.718,2.510000,BMC 2.5V
18:15:20.218,2.510000,BMC 2.5V
18:15:20.718,2.510000,BMC 2.5V
18:15:21.218,2.510000,BMC 2.5V
18:15:21.718,2.510000,BMC 2.5V
18:15:22.218,2.510000,BMC 2.5V
18:15:22.718,2.510000,BMC 2.5V
18:15:23.218,2.510000,BMC 2.5V
18:15:23.718,2.510000,BMC 2.5V
18:15:24.218,2.510000,BMC 2.5V
18:15:24.718,2.510000,BMC 2.5V
18:15:25.218,2.510000,BMC 2.5V
18:15:25.718,2.510000,BMC 2.5V
18:15:26.218,2.510000,BMC 2.5V
18:15:26.718,2.510000,BMC 2.5V
18:15:11.218,1.810000,BMC 1.8V
18:15:11.718,1.810000,BMC 1.8V
18:15:12.218,1.810000,BMC 1.8V
18:15:12.718,1.810000,BMC 1.8V
18:15:13.218,1.810000,BMC 1.8V
18:15:13.718,1.810000,BMC 1.8V
18:15:14.218,1.810000,BMC 1.8V
18:15:14.718,1.810000,BMC 1.8V
18:15:15.218,1.810000,BMC 1.8V
18:15:15.718,1.810000,BMC 1.8V
18:15:16.218,1.810000,BMC 1.8V
18:15:16.718,1.810000,BMC 1.8V
18:15:17.218,1.810000,BMC 1.8V
18:15:17.718,1.810000,BMC 1.8V
18:15:18.218,1.810000,BMC 1.8V
18:15:18.718,1.810000,BMC 1.8V
18:15:19.218,1.810000,BMC 1.8V
18:15:19.718,1.810000,BMC 1.8V
18:15:20.218,1.810000,BMC 1.8V
18:15:20.718,1.810000,BMC 1.8V
18:15:21.218,1.810000,BMC 1.8V
18:15:21.718,1.810000,BMC 1.8V
18:15:22.218,1.810000,BMC 1.8V
18:15:22.718,1.810000,BMC 1.8V
18:15:23.218,1.810000,BMC 1.8V
18:15:23.718,1.810000,BMC 1.8V
18:15:24.218,1.810000,BMC 1.8V
18:15:24.718,1.810000,BMC 1.8V
18:15:25.218,1.810000,BMC 1.8V
18:15:25.718,1.810000,BMC 1.8V
18:15:26.218,1.810000,BMC 1.8V
18:15:26.718,1.810000,BMC 1.8V
18:15:11.218,1.210000,BMC 1.2V
18:15:11.718,1.210000,BMC 1.2V
18:15:12.218,1.210000,BMC 1.2V
18:15:12.718,1.210000,BMC 1.2V
18:15:13.218,1.210000,BMC 1.2V
18:15:13.718,1.210000,BMC 1.2V
18:15:14.218,1.210000,BMC 1.2V
18:15:14.718,1.210000,BMC 1.2V
18:15:15.218,1.210000,BMC 1.2V
18:15:15.718,1.210000,BMC 1.2V
18:15:16.218,1.210000,BMC 1.2V
18:15:16.718,1.210000,BMC 1.2V
18:15:17.218,1.210000,BMC 1.2V
18:15:17.718,1.210000,BMC 1.2V
18:15:18.218,1.210000,BMC 1.2V
18:15:18.718,1.210000,BMC 1.2V
18:15:19.218,1.210000,BMC 1.2V
18:15:19.718,1.210000,BMC 1.2V
18:15:20.218,1.210000,BMC 1.2V
18:15:20.718,1.210000,BMC 1.2V
18:15:21.218,1.210000,BMC 1.2V
18:15:21.718,1.210000,BMC 1.2V
18:15:22.218,1.210000,BMC 1.2V
18:15:22.718,1.210000,BMC 1.2V
18:15:23.218,1.210000,BMC 1.2V
18:15:23.718,1.210000,BMC 1.2V
18:15:24.218,1.210000,BMC 1.2V
18:15:24.718,1.210000,BMC 1.2V
18:15:25.218,1.210000,BMC 1.2V
18:15:25.718,1.210000,BMC 1.2V
18:15:26.218,1.210000,BMC 1.2V
18:15:26.718,1.210000,BMC 1.2V
18:15:11.218,1.010000,BMC 1.0V
18:15:11.718,1.010000,BMC 1.0V
18:15:12.218,1.010000,BMC 1.0V
18:15:12.718,1.010000,BMC 1.0V
18:15:13.218,1.010000,BMC 1.0V
18:15:13.718,1.010000,BMC 1.0V
18:15:14.218,1.010000,BMC 1.0V
18:15:14.718,1.010000,BMC 1.0V
18:15:15.218,1.010000,BMC 1.0V
18:15:15.718,1.010000,BMC 1.0V
18:15:16.218,1.010000,BMC 1.0V
18:15:16.718,1.010000,BMC 1.0V
18:15:17.218,1.010000,BMC 1.0V
18:15:17.718,1.010000,BMC 1.0V
18:15:18.218,1.010000,BMC 1.0V
18:15:18.718,1.010000,BMC 1.0V
18:15:19.218,1.010000,BMC 1.0V
18:15:19.718,1.010000,BMC 1.0V
18:15:20.218,1.010000,BMC 1.0V
18:15:20.718,1.010000,BMC 1.0V
18:15:21.218,1.010000,BMC 1.0V
18:15:21.718,1.010000,BMC 1.0V
18:15:22.218,1.010000,BMC 1.0V
18:15:22.718,1.010000,BMC 1.0V
18:15:23.218,1.010000,BMC 1.0V
18:15:23.718,1.010000,BMC 1.0V
18:15:24.218,1.010000,BMC 1.0V
18:15:24.718,1.010000,BMC 1.0V
18:15:25.218,1.010000,BMC 1.0V
18:15:25.718,1.010000,BMC 1.0V
18:15:26.218,1.010000,BMC 1.0V
18:15:26.718,1.010000,BMC 1.0V
18:15:11.218,1.050000,CPU_VDDCR0
18:15:11.718,1.050000,CPU_VDDCR0
18:15:12.218,1.050000,CPU_VDDCR0
18:15:12.718,1.050000,CPU_VDDCR0
18:15:13.218,1.060000,CPU_VDDCR0
18:15:13.718,1.060000,CPU_VDDCR0
18:15:14.218,1.060000,CPU_VDDCR0
18:15:14.718,1.060000,CPU_VDDCR0
18:15:15.218,1.060000,CPU_VDDCR0
18:15:15.718,1.060000,CPU_VDDCR0
18:15:16.218,1.060000,CPU_VDDCR0
18:15:16.718,1.060000,CPU_VDDCR0
18:15:17.218,1.060000,CPU_VDDCR0
18:15:17.718,1.060000,CPU_VDDCR0
18:15:18.218,1.060000,CPU_VDDCR0
18:15:18.718,1.060000,CPU_VDDCR0
18:15:19.218,1.060000,CPU_VDDCR0
18:15:19.718,1.060000,CPU_VDDCR0
18:15:20.218,1.060000,CPU_VDDCR0
18:15:20.718,1.060000,CPU_VDDCR0
18:15:21.218,1.060000,CPU_VDDCR0
18:15:21.718,1.060000,CPU_VDDCR0
18:15:22.218,1.060000,CPU_VDDCR0
18:15:22.718,1.060000,CPU_VDDCR0
18:15:23.218,1.060000,CPU_VDDCR0
18:15:23.718,1.060000,CPU_VDDCR0
18:15:24.218,1.060000,CPU_VDDCR0
18:15:24.718,1.060000,CPU_VDDCR0
18:15:25.218,1.060000,CPU_VDDCR0
18:15:25.718,1.060000,CPU_VDDCR0
18:15:26.218,1.060000,CPU_VDDCR0
18:15:26.718,1.060000,CPU_VDDCR0
18:15:11.218,0.970000,CPU_SOC
18:15:11.718,0.970000,CPU_SOC
18:15:12.218,0.970000,CPU_SOC
18:15:12.718,0.970000,CPU_SOC
18:15:13.218,0.970000,CPU_SOC
18:15:13.718,0.970000,CPU_SOC
18:15:14.218,0.970000,CPU_SOC
18:15:14.718,0.970000,CPU_SOC
18:15:15.218,0.970000,CPU_SOC
18:15:15.718,0.970000,CPU_SOC
18:15:16.218,0.970000,CPU_SOC
18:15:16.718,0.970000,CPU_SOC
18:15:17.218,0.970000,CPU_SOC
18:15:17.718,0.970000,CPU_SOC
18:15:18.218,0.970000,CPU_SOC
18:15:18.718,0.970000,CPU_SOC
18:15:19.218,0.970000,CPU_SOC
18:15:19.718,0.970000,CPU_SOC
18:15:20.218,0.970000,CPU_SOC
18:15:20.718,0.970000,CPU_SOC
18:15:21.218,0.970000,CPU_SOC
18:15:21.718,0.970000,CPU_SOC
18:15:22.218,0.970000,CPU_SOC
18:15:22.718,0.970000,CPU_SOC
18:15:23.218,0.970000,CPU_SOC
18:15:23.718,0.970000,CPU_SOC
18:15:24.218,0.970000,CPU_SOC
18:15:24.718,0.970000,CPU_SOC
18:15:25.218,0.970000,CPU_SOC
18:15:25.718,0.970000,CPU_SOC
18:15:26.218,0.970000,CPU_SOC
18:15:26.718,0.970000,CPU_SOC
18:15:11.218,1.050000,CPU_VDDCR1
18:15:11.718,1.050000,CPU_VDDCR1
18:15:12.218,1.050000,CPU_VDDCR1
18:15:12.718,1.050000,CPU_VDDCR1
18:15:13.218,1.060000,CPU_VDDCR1
18:15:13.718,1.060000,CPU_VDDCR1
18:15:14.218,1.060000,CPU_VDDCR1
18:15:14.718,1.060000,CPU_VDDCR1
18:15:15.218,1.060000,CPU_VDDCR1
18:15:15.718,1.060000,CPU_VDDCR1
18:15:16.218,1.060000,CPU_VDDCR1
18:15:16.718,1.060000,CPU_VDDCR1
18:15:17.218,1.060000,CPU_VDDCR1
18:15:17.718,1.060000,CPU_VDDCR1
18:15:18.218,1.060000,CPU_VDDCR1
18:15:18.718,1.060000,CPU_VDDCR1
18:15:19.218,1.060000,CPU_VDDCR1
18:15:19.718,1.060000,CPU_VDDCR1
18:15:20.218,1.060000,CPU_VDDCR1
18:15:20.718,1.060000,CPU_VDDCR1
18:15:21.218,1.060000,CPU_VDDCR1
18:15:21.718,1.060000,CPU_VDDCR1
18:15:22.218,1.060000,CPU_VDDCR1
18:15:22.718,1.060000,CPU_VDDCR1
18:15:23.218,1.060000,CPU_VDDCR1
18:15:23.718,1.060000,CPU_VDDCR1
18:15:24.218,1.060000,CPU_VDDCR1
18:15:24.718,1.060000,CPU_VDDCR1
18:15:25.218,1.060000,CPU_VDDCR1
18:15:25.718,1.060000,CPU_VDDCR1
18:15:26.218,1.060000,CPU_VDDCR1
18:15:26.718,1.060000,CPU_VDDCR1
18:15:11.218,1.050000,CPU_VDDIO
18:15:11.718,1.050000,CPU_VDDIO
18:15:12.218,1.050000,CPU_VDDIO
18:15:12.718,1.050000,CPU_VDDIO
18:15:13.218,1.090000,CPU_VDDIO
18:15:13.718,1.090000,CPU_VDDIO
18:15:14.218,1.090000,CPU_VDDIO
18:15:14.718,1.090000,CPU_VDDIO
18:15:15.218,1.090000,CPU_VDDIO
18:15:15.718,1.090000,CPU_VDDIO
18:15:16.218,1.090000,CPU_VDDIO
18:15:16.718,1.090000,CPU_VDDIO
18:15:17.218,1.090000,CPU_VDDIO
18:15:17.718,1.090000,CPU_VDDIO
18:15:18.218,1.090000,CPU_VDDIO
18:15:18.718,1.090000,CPU_VDDIO
18:15:19.218,1.090000,CPU_VDDIO
18:15:19.718,1.090000,CPU_VDDIO
18:15:20.218,1.090000,CPU_VDDIO
18:15:20.718,1.090000,CPU_VDDIO
18:15:21.218,1.090000,CPU_VDDIO
18:15:21.718,1.090000,CPU_VDDIO
18:15:22.218,1.090000,CPU_VDDIO
18:15:22.718,1.090000,CPU_VDDIO
18:15:23.218,1.090000,CPU_VDDIO
18:15:23.718,1.090000,CPU_VDDIO
18:15:24.218,1.090000,CPU_VDDIO
18:15:24.718,1.090000,CPU_VDDIO
18:15:25.218,1.090000,CPU_VDDIO
18:15:25.718,1.090000,CPU_VDDIO
18:15:26.218,1.090000,CPU_VDDIO
18:15:26.718,1.090000,CPU_VDDIO
18:15:11.218,12.080000,MB 12V
18:15:11.718,12.080000,MB 12V
18:15:12.218,12.080000,MB 12V
18:15:12.718,12.080000,MB 12V
18:15:13.218,12.080000,MB 12V
18:15:13.718,12.080000,MB 12V
18:15:14.218,12.080000,MB 12V
18:15:14.718,12.080000,MB 12V
18:15:15.218,12.080000,MB 12V
18:15:15.718,12.080000,MB 12V
18:15:16.218,12.080000,MB 12V
18:15:16.718,12.080000,MB 12V
18:15:17.218,12.080000,MB 12V
18:15:17.718,12.080000,MB 12V
18:15:18.218,12.080000,MB 12V
18:15:18.718,12.080000,MB 12V
18:15:19.218,12.080000,MB 12V
18:15:19.718,12.080000,MB 12V
18:15:20.218,12.080000,MB 12V
18:15:20.718,12.080000,MB 12V
18:15:21.218,12.080000,MB 12V
18:15:21.718,12.080000,MB 12V
18:15:22.218,12.080000,MB 12V
18:15:22.718,12.080000,MB 12V
18:15:23.218,12.080000,MB 12V
18:15:23.718,12.080000,MB 12V
18:15:24.218,12.080000,MB 12V
18:15:24.718,12.080000,MB 12V
18:15:25.218,12.080000,MB 12V
18:15:25.718,12.080000,MB 12V
18:15:26.218,12.080000,MB 12V
18:15:26.718,12.080000,MB 12V
18:15:11.218,5.180000,MB 5VCC
18:15:11.718,5.180000,MB 5VCC
18:15:12.218,5.180000,MB 5VCC
18:15:12.718,5.180000,MB 5VCC
18:15:13.218,5.180000,MB 5VCC
18:15:13.718,5.180000,MB 5VCC
18:15:14.218,5.180000,MB 5VCC
18:15:14.718,5.180000,MB 5VCC
18:15:15.218,5.180000,MB 5VCC
18:15:15.718,5.180000,MB 5VCC
18:15:16.218,5.180000,MB 5VCC
18:15:16.718,5.180000,MB 5VCC
18:15:17.218,5.180000,MB 5VCC
18:15:17.718,5.180000,MB 5VCC
18:15:18.218,5.180000,MB 5VCC
18:15:18.718,5.180000,MB 5VCC
18:15:19.218,5.180000,MB 5VCC
18:15:19.718,5.180000,MB 5VCC
18:15:20.218,5.180000,MB 5VCC
18:15:20.718,5.180000,MB 5VCC
18:15:21.218,5.180000,MB 5VCC
18:15:21.718,5.180000,MB 5VCC
18:15:22.218,5.180000,MB 5VCC
18:15:22.718,5.180000,MB 5VCC
18:15:23.218,5.180000,MB 5VCC
18:15:23.718,5.180000,MB 5VCC
18:15:24.218,5.180000,MB 5VCC
18:15:24.718,5.180000,MB 5VCC
18:15:25.218,5.180000,MB 5VCC
18:15:25.718,5.180000,MB 5VCC
18:15:26.218,5.180000,MB 5VCC
18:15:26.718,5.180000,MB 5VCC
18:15:11.218,3.400000,MB 3.3VCC
18:15:11.718,3.400000,MB 3.3VCC
18:15:12.218,3.400000,MB 3.3VCC
18:15:12.718,3.400000,MB 3.3VCC
18:15:13.218,3.400000,MB 3.3VCC
18:15:13.718,3.400000,MB 3.3VCC
18:15:14.218,3.400000,MB 3.3VCC
18:15:14.718,3.400000,MB 3.3VCC
18:15:15.218,3.400000,MB 3.3VCC
18:15:15.718,3.400000,MB 3.3VCC
18:15:16.218,3.400000,MB 3.3VCC
18:15:16.718,3.400000,MB 3.3VCC
18:15:17.218,3.400000,MB 3.3VCC
18:15:17.718,3.400000,MB 3.3VCC
18:15:18.218,3.400000,MB 3.3VCC
18:15:18.718,3.400000,MB 3.3VCC
18:15:19.218,3.400000,MB 3.3VCC
18:15:19.718,3.400000,MB 3.3VCC
18:15:20.218,3.400000,MB 3.3VCC
18:15:20.718,3.400000,MB 3.3VCC
18:15:21.218,3.400000,MB 3.3VCC
18:15:21.718,3.400000,MB 3.3VCC
18:15:22.218,3.400000,MB 3.3VCC
18:15:22.718,3.400000,MB 3.3VCC
18:15:23.218,3.400000,MB 3.3VCC
18:15:23.718,3.400000,MB 3.3VCC
18:15:24.218,3.400000,MB 3.3VCC
18:15:24.718,3.400000,MB 3.3VCC
18:15:25.218,3.400000,MB 3.3VCC
18:15:25.718,3.400000,MB 3.3VCC
18:15:26.218,3.400000,MB 3.3VCC
18:15:26.718,3.400000,MB 3.3VCC
18:15:23.371,5.140000,MB 5VSB
18:15:23.871,5.140000,MB 5VSB
18:15:24.371,5.140000,MB 5VSB
18:15:24.871,5.140000,MB 5VSB
18:15:25.371,5.140000,MB 5VSB
18:15:25.871,5.140000,MB 5VSB
18:15:26.371,5.140000,MB 5VSB
18:15:26.871,5.140000,MB 5VSB
18:15:27.371,5.140000,MB 5VSB
18:15:27.871,5.140000,MB 5VSB
18:15:28.371,5.140000,MB 5VSB
18:15:28.871,5.140000,MB 5VSB
18:15:29.371,5.140000,MB 5VSB
18:15:29.871,5.140000,MB 5VSB
18:15:30.371,5.140000,MB 5VSB
18:15:30.871,5.140000,MB 5VSB
18:15:31.371,5.140000,MB 5VSB
18:15:31.871,5.140000,MB 5VSB
18:15:32.371,5.140000,MB 5VSB
18:15:32.871,5.140000,MB 5VSB
18:15:33.371,5.140000,MB 5VSB
18:15:33.871,5.140000,MB 5VSB
18:15:34.371,5.140000,MB 5VSB
18:15:34.871,5.140000,MB 5VSB
18:15:35.371,5.140000,MB 5VSB
18:15:35.871,5.140000,MB 5VSB
18:15:36.371,5.140000,MB 5VSB
18:15:36.871,5.140000,MB 5VSB
18:15:37.371,5.140000,MB 5VSB
18:15:37.871,5.140000,MB 5VSB
18:15:38.371,5.140000,MB 5VSB
18:15:38.871,5.140000,MB 5VSB
18:15:39.371,5.140000,MB 5VSB
18:15:39.871,5.140000,MB 5VSB
18:15:40.371,5.140000,MB 5VSB
18:15:40.871,5.140000,MB 5VSB
18:15:41.371,5.140000,MB 5VSB
18:15:41.871,5.140000,MB 5VSB
18:15:42.371,5.140000,MB 5VSB
18:15:42.871,5.140000,MB 5VSB
18:15:43.371,5.140000,MB 5VSB
18:15:43.871,5.140000,MB 5VSB
18:15:44.371,5.140000,MB 5VSB
18:15:44.871,5.140000,MB 5VSB
18:15:45.371,5.140000,MB 5VSB
18:15:45.871,5.140000,MB 5VSB
18:15:46.371,5.140000,MB 5VSB
18:15:46.871,5.140000,MB 5VSB
18:15:47.371,5.140000,MB 5VSB
18:15:47.871,5.140000,MB 5VSB
18:15:48.371,5.140000,MB 5VSB
18:15:48.871,5.140000,MB 5VSB
18:15:49.371,5.140000,MB 5VSB
18:15:49.871,5.140000,MB 5VSB
18:15:50.371,5.140000,MB 5VSB
18:15:50.871,5.140000,MB 5VSB
18:15:51.371,5.140000,MB 5VSB
18:15:23.371,3.340000,MB 3.3VSB
18:15:23.871,3.340000,MB 3.3VSB
18:15:24.371,3.340000,MB 3.3VSB
18:15:24.871,3.340000,MB 3.3VSB
18:15:25.371,3.340000,MB 3.3VSB
18:15:25.871,3.340000,MB 3.3VSB
18:15:26.371,3.340000,MB 3.3VSB
18:15:26.871,3.340000,MB 3.3VSB
18:15:27.371,3.340000,MB 3.3VSB
18:15:27.871,3.340000,MB 3.3VSB
18:15:28.371,3.340000,MB 3.3VSB
18:15:28.871,3.340000,MB 3.3VSB
18:15:29.371,3.340000,MB 3.3VSB
18:15:29.871,3.340000,MB 3.3VSB
18:15:30.371,3.340000,MB 3.3VSB
18:15:30.871,3.340000,MB 3.3VSB
18:15:31.371,3.340000,MB 3.3VSB
18:15:31.871,3.340000,MB 3.3VSB
18:15:32.371,3.340000,MB 3.3VSB
18:15:32.871,3.340000,MB 3.3VSB
18:15:33.371,3.340000,MB 3.3VSB
18:15:33.871,3.340000,MB 3.3VSB
18:15:34.371,3.340000,MB 3.3VSB
18:15:34.871,3.340000,MB 3.3VSB
18:15:35.371,3.340000,MB 3.3VSB
18:15:35.871,3.340000,MB 3.3VSB
18:15:36.371,3.340000,MB 3.3VSB
18:15:36.871,3.340000,MB 3.3VSB
18:15:37.371,3.340000,MB 3.3VSB
18:15:37.871,3.340000,MB 3.3VSB
18:15:38.371,3.340000,MB 3.3VSB
18:15:38.871,3.340000,MB 3.3VSB
18:15:39.371,3.340000,MB 3.3VSB
18:15:39.871,3.340000,MB 3.3VSB
18:15:40.371,3.340000,MB 3.3VSB
18:15:40.871,3.340000,MB 3.3VSB
18:15:41.371,3.340000,MB 3.3VSB
18:15:41.871,3.340000,MB 3.3VSB
18:15:42.371,3.340000,MB 3.3VSB
18:15:42.871,3.340000,MB 3.3VSB
18:15:43.371,3.340000,MB 3.3VSB
18:15:43.871,3.340000,MB 3.3VSB
18:15:44.371,3.340000,MB 3.3VSB
18:15:44.871,3.340000,MB 3.3VSB
18:15:45.371,3.340000,MB 3.3VSB
18:15:45.871,3.340000,MB 3.3VSB
18:15:46.371,3.340000,MB 3.3VSB
18:15:46.871,3.340000,MB 3.3VSB
18:15:47.371,3.340000,MB 3.3VSB
18:15:47.871,3.340000,MB 3.3VSB
18:15:48.371,3.340000,MB 3.3VSB
18:15:48.871,3.340000,MB 3.3VSB
18:15:49.371,3.340000,MB 3.3VSB
18:15:49.871,3.340000,MB 3.3VSB
18:15:50.371,3.340000,MB 3.3VSB
18:15:50.871,3.340000,MB 3.3VSB
18:15:51.371,3.340000,MB 3.3VSB
18:15:23.371,1.810000,MB 1.8VSB
18:15:23.871,1.810000,MB 1.8VSB
18:15:24.371,1.810000,MB 1.8VSB
18:15:24.871,1.810000,MB 1.8VSB
18:15:25.371,1.810000,MB 1.8VSB
18:15:25.871,1.810000,MB 1.8VSB
18:15:26.371,1.810000,MB 1.8VSB
18:15:26.871,1.810000,MB 1.8VSB
18:15:27.371,1.810000,MB 1.8VSB
18:15:27.871,1.810000,MB 1.8VSB
18:15:28.371,1.810000,MB 1.8VSB
18:15:28.871,1.810000,MB 1.8VSB
18:15:29.371,1.810000,MB 1.8VSB
18:15:29.871,1.810000,MB 1.8VSB
18:15:30.371,1.810000,MB 1.8VSB
18:15:30.871,1.810000,MB 1.8VSB
18:15:31.371,1.810000,MB 1.8VSB
18:15:31.871,1.810000,MB 1.8VSB
18:15:32.371,1.810000,MB 1.8VSB
18:15:32.871,1.810000,MB 1.8VSB
18:15:33.371,1.810000,MB 1.8VSB
18:15:33.871,1.810000,MB 1.8VSB
18:15:34.371,1.810000,MB 1.8VSB
18:15:34.871,1.810000,MB 1.8VSB
18:15:35.371,1.810000,MB 1.8VSB
18:15:35.871,1.810000,MB 1.8VSB
18:15:36.371,1.810000,MB 1.8VSB
18:15:36.871,1.810000,MB 1.8VSB
18:15:37.371,1.810000,MB 1.8VSB
18:15:37.871,1.810000,MB 1.8VSB
18:15:38.371,1.810000,MB 1.8VSB
18:15:38.871,1.810000,MB 1.8VSB
18:15:39.371,1.810000,MB 1.8VSB
18:15:39.871,1.810000,MB 1.8VSB
18:15:40.371,1.810000,MB 1.8VSB
18:15:40.871,1.810000,MB 1.8VSB
18:15:41.371,1.810000,MB 1.8VSB
18:15:41.871,1.810000,MB 1.8VSB
18:15:42.371,1.810000,MB 1.8VSB
18:15:42.871,1.810000,MB 1.8VSB
18:15:43.371,1.810000,MB 1.8VSB
18:15:43.871,1.810000,MB 1.8VSB
18:15:44.371,1.810000,MB 1.8VSB
18:15:44.871,1.810000,MB 1.8VSB
18:15:45.371,1.810000,MB 1.8VSB
18:15:45.871,1.810000,MB 1.8VSB
18:15:46.371,1.810000,MB 1.8VSB
18:15:46.871,1.810000,MB 1.8VSB
18:15:47.371,1.810000,MB 1.8VSB
18:15:47.871,1.810000,MB 1.8VSB
18:15:48.371,1.810000,MB 1.8VSB
18:15:48.871,1.810000,MB 1.8VSB
18:15:49.371,1.810000,MB 1.8VSB
18:15:49.871,1.810000,MB 1.8VSB
18:15:50.371,1.810000,MB 1.8VSB
18:15:50.871,1.810000,MB 1.8VSB
18:15:51.371,1.810000,MB 1.8VSB
18:15:23.371,2.510000,BMC 2.5V
18:15:23.871,2.510000,BMC 2.5V
18:15:24.371,2.510000,BMC 2.5V
18:15:24.871,2.510000,BMC 2.5V
18:15:25.371,2.510000,BMC 2.5V
18:15:25.871,2.510000,BMC 2.5V
18:15:26.371,2.510000,BMC 2.5V
18:15:26.871,2.510000,BMC 2.5V
18:15:27.371,2.510000,BMC 2.5V
18:15:27.871,2.510000,BMC 2.5V
18:15:28.371,2.510000,BMC 2.5V
18:15:28.871,2.510000,BMC 2.5V
18:15:29.371,2.510000,BMC 2.5V
18:15:29.871,2.510000,BMC 2.5V
18:15:30.371,2.510000,BMC 2.5V
18:15:30.871,2.510000,BMC 2.5V
18:15:31.371,2.510000,BMC 2.5V
18:15:31.871,2.510000,BMC 2.5V
18:15:32.371,2.510000,BMC 2.5V
18:15:32.871,2.530000,BMC 2.5V
18:15:33.371,2.530000,BMC 2.5V
18:15:33.871,2.530000,BMC 2.5V
18:15:34.371,2.530000,BMC 2.5V
18:15:34.871,2.530000,BMC 2.5V
18:15:35.371,2.530000,BMC 2.5V
18:15:35.871,2.530000,BMC 2.5V
18:15:36.371,2.530000,BMC 2.5V
18:15:36.871,2.530000,BMC 2.5V
18:15:37.371,2.530000,BMC 2.5V
18:15:37.871,2.510000,BMC 2.5V
18:15:38.371,2.510000,BMC 2.5V
18:15:38.871,2.510000,BMC 2.5V
18:15:39.371,2.510000,BMC 2.5V
18:15:39.871,2.510000,BMC 2.5V
18:15:40.371,2.510000,BMC 2.5V
18:15:40.871,2.510000,BMC 2.5V
18:15:41.371,2.510000,BMC 2.5V
18:15:41.871,2.510000,BMC 2.5V
18:15:42.371,2.510000,BMC 2.5V
18:15:42.871,2.510000,BMC 2.5V
18:15:43.371,2.510000,BMC 2.5V
18:15:43.871,2.510000,BMC 2.5V
18:15:44.371,2.510000,BMC 2.5V
18:15:44.871,2.510000,BMC 2.5V
18:15:45.371,2.510000,BMC 2.5V
18:15:45.871,2.510000,BMC 2.5V
18:15:46.371,2.510000,BMC 2.5V
18:15:46.871,2.510000,BMC 2.5V
18:15:47.371,2.510000,BMC 2.5V
18:15:47.871,2.510000,BMC 2.5V
18:15:48.371,2.510000,BMC 2.5V
18:15:48.871,2.510000,BMC 2.5V
18:15:49.371,2.510000,BMC 2.5V
18:15:49.871,2.510000,BMC 2.5V
18:15:50.371,2.510000,BMC 2.5V
18:15:50.871,2.510000,BMC 2.5V
18:15:51.371,2.510000,BMC 2.5V
18:15:23.371,1.810000,BMC 1.8V
18:15:23.871,1.810000,BMC 1.8V
18:15:24.371,1.810000,BMC 1.8V
18:15:24.871,1.810000,BMC 1.8V
18:15:25.371,1.810000,BMC 1.8V
18:15:25.871,1.810000,BMC 1.8V
18:15:26.371,1.810000,BMC 1.8V
18:15:26.871,1.810000,BMC 1.8V
18:15:27.371,1.810000,BMC 1.8V
18:15:27.871,1.810000,BMC 1.8V
18:15:28.371,1.810000,BMC 1.8V
18:15:28.871,1.810000,BMC 1.8V
18:15:29.371,1.810000,BMC 1.8V
18:15:29.871,1.810000,BMC 1.8V
18:15:30.371,1.810000,BMC 1.8V
18:15:30.871,1.810000,BMC 1.8V
18:15:31.371,1.810000,BMC 1.8V
18:15:31.871,1.810000,BMC 1.8V
18:15:32.371,1.810000,BMC 1.8V
18:15:32.871,1.810000,BMC 1.8V
18:15:33.371,1.810000,BMC 1.8V
18:15:33.871,1.810000,BMC 1.8V
18:15:34.371,1.810000,BMC 1.8V
18:15:34.871,1.810000,BMC 1.8V
18:15:35.371,1.810000,BMC 1.8V
18:15:35.871,1.810000,BMC 1.8V
18:15:36.371,1.810000,BMC 1.8V
18:15:36.871,1.810000,BMC 1.8V
18:15:37.371,1.810000,BMC 1.8V
18:15:37.871,1.810000,BMC 1.8V
18:15:38.371,1.810000,BMC 1.8V
18:15:38.871,1.810000,BMC 1.8V
18:15:39.371,1.810000,BMC 1.8V
18:15:39.871,1.810000,BMC 1.8V
18:15:40.371,1.810000,BMC 1.8V
18:15:40.871,1.810000,BMC 1.8V
18:15:41.371,1.810000,BMC 1.8V
18:15:41.871,1.810000,BMC 1.8V
18:15:42.371,1.810000,BMC 1.8V
18:15:42.871,1.810000,BMC 1.8V
18:15:43.371,1.810000,BMC 1.8V
18:15:43.871,1.810000,BMC 1.8V
18:15:44.371,1.810000,BMC 1.8V
18:15:44.871,1.810000,BMC 1.8V
18:15:45.371,1.810000,BMC 1.8V
18:15:45.871,1.810000,BMC 1.8V
18:15:46.371,1.810000,BMC 1.8V
18:15:46.871,1.810000,BMC 1.8V
18:15:47.371,1.810000,BMC 1.8V
18:15:47.871,1.810000,BMC 1.8V
18:15:48.371,1.810000,BMC 1.8V
18:15:48.871,1.810000,BMC 1.8V
18:15:49.371,1.810000,BMC 1.8V
18:15:49.871,1.810000,BMC 1.8V
18:15:50.371,1.810000,BMC 1.8V
18:15:50.871,1.810000,BMC 1.8V
18:15:51.371,1.810000,BMC 1.8V
18:15:23.371,1.210000,BMC 1.2V
18:15:23.871,1.210000,BMC 1.2V
18:15:24.371,1.210000,BMC 1.2V
18:15:24.871,1.210000,BMC 1.2V
18:15:25.371,1.210000,BMC 1.2V
18:15:25.871,1.210000,BMC 1.2V
18:15:26.371,1.210000,BMC 1.2V
18:15:26.871,1.210000,BMC 1.2V
18:15:27.371,1.210000,BMC 1.2V
18:15:27.871,1.210000,BMC 1.2V
18:15:28.371,1.210000,BMC 1.2V
18:15:28.871,1.210000,BMC 1.2V
18:15:29.371,1.210000,BMC 1.2V
18:15:29.871,1.210000,BMC 1.2V
18:15:30.371,1.210000,BMC 1.2V
18:15:30.871,1.210000,BMC 1.2V
18:15:31.371,1.210000,BMC 1.2V
18:15:31.871,1.210000,BMC 1.2V
18:15:32.371,1.210000,BMC 1.2V
18:15:32.871,1.210000,BMC 1.2V
18:15:33.371,1.210000,BMC 1.2V
18:15:33.871,1.210000,BMC 1.2V
18:15:34.371,1.210000,BMC 1.2V
18:15:34.871,1.210000,BMC 1.2V
18:15:35.371,1.210000,BMC 1.2V
18:15:35.871,1.210000,BMC 1.2V
18:15:36.371,1.210000,BMC 1.2V
18:15:36.871,1.210000,BMC 1.2V
18:15:37.371,1.210000,BMC 1.2V
18:15:37.871,1.210000,BMC 1.2V
18:15:38.371,1.210000,BMC 1.2V
18:15:38.871,1.210000,BMC 1.2V
18:15:39.371,1.210000,BMC 1.2V
18:15:39.871,1.210000,BMC 1.2V
18:15:40.371,1.210000,BMC 1.2V
18:15:40.871,1.210000,BMC 1.2V
18:15:41.371,1.210000,BMC 1.2V
18:15:41.871,1.210000,BMC 1.2V
18:15:42.371,1.210000,BMC 1.2V
18:15:42.871,1.210000,BMC 1.2V
18:15:43.371,1.210000,BMC 1.2V
18:15:43.871,1.210000,BMC 1.2V
18:15:44.371,1.210000,BMC 1.2V
18:15:44.871,1.210000,BMC 1.2V
18:15:45.371,1.210000,BMC 1.2V
18:15:45.871,1.210000,BMC 1.2V
18:15:46.371,1.210000,BMC 1.2V
18:15:46.871,1.210000,BMC 1.2V
18:15:47.371,1.210000,BMC 1.2V
18:15:47.871,1.210000,BMC 1.2V
18:15:48.371,1.210000,BMC 1.2V
18:15:48.871,1.210000,BMC 1.2V
18:15:49.371,1.210000,BMC 1.2V
18:15:49.871,1.210000,BMC 1.2V
18:15:50.371,1.210000,BMC 1.2V
18:15:50.871,1.210000,BMC 1.2V
18:15:51.371,1.210000,BMC 1.2V
18:15:23.371,1.010000,BMC 1.0V
18:15:23.871,1.010000,BMC 1.0V
18:15:24.371,1.010000,BMC 1.0V
18:15:24.871,1.010000,BMC 1.0V
18:15:25.371,1.010000,BMC 1.0V
18:15:25.871,1.010000,BMC 1.0V
18:15:26.371,1.010000,BMC 1.0V
18:15:26.871,1.010000,BMC 1.0V
18:15:27.371,1.010000,BMC 1.0V
18:15:27.871,1.010000,BMC 1.0V
18:15:28.371,1.010000,BMC 1.0V
18:15:28.871,1.010000,BMC 1.0V
18:15:29.371,1.010000,BMC 1.0V
18:15:29.871,1.010000,BMC 1.0V
18:15:30.371,1.010000,BMC 1.0V
18:15:30.871,1.010000,BMC 1.0V
18:15:31.371,1.010000,BMC 1.0V
18:15:31.871,1.010000,BMC 1.0V
18:15:32.371,1.010000,BMC 1.0V
18:15:32.871,1.010000,BMC 1.0V
18:15:33.371,1.010000,BMC 1.0V
18:15:33.871,1.010000,BMC 1.0V
18:15:34.371,1.010000,BMC 1.0V
18:15:34.871,1.010000,BMC 1.0V
18:15:35.371,1.010000,BMC 1.0V
18:15:35.871,1.010000,BMC 1.0V
18:15:36.371,1.010000,BMC 1.0V
18:15:36.871,1.010000,BMC 1.0V
18:15:37.371,1.010000,BMC 1.0V
18:15:37.871,1.010000,BMC 1.0V
18:15:38.371,1.010000,BMC 1.0V
18:15:38.871,1.010000,BMC 1.0V
18:15:39.371,1.010000,BMC 1.0V
18:15:39.871,1.010000,BMC 1.0V
18:15:40.371,1.010000,BMC 1.0V
18:15:40.871,1.010000,BMC 1.0V
18:15:41.371,1.010000,BMC 1.0V
18:15:41.871,1.010000,BMC 1.0V
18:15:42.371,1.010000,BMC 1.0V
18:15:42.871,1.010000,BMC 1.0V
18:15:43.371,1.010000,BMC 1.0V
18:15:43.871,1.010000,BMC 1.0V
18:15:44.371,1.010000,BMC 1.0V
18:15:44.871,1.010000,BMC 1.0V
18:15:45.371,1.010000,BMC 1.0V
18:15:45.871,1.010000,BMC 1.0V
18:15:46.371,1.010000,BMC 1.0V
18:15:46.871,1.010000,BMC 1.0V
18:15:47.371,1.010000,BMC 1.0V
18:15:47.871,1.010000,BMC 1.0V
18:15:48.371,1.010000,BMC 1.0V
18:15:48.871,1.010000,BMC 1.0V
18:15:49.371,1.010000,BMC 1.0V
18:15:49.871,1.010000,BMC 1.0V
18:15:50.371,1.010000,BMC 1.0V
18:15:50.871,1.010000,BMC 1.0V
18:15:51.371,1.010000,BMC 1.0V
18:15:23.371,1.060000,CPU_VDDCR0
18:15:23.871,1.060000,CPU_VDDCR0
18:15:24.371,1.060000,CPU_VDDCR0
18:15:24.871,1.060000,CPU_VDDCR0
18:15:25.371,1.060000,CPU_VDDCR0
18:15:25.871,1.060000,CPU_VDDCR0
18:15:26.371,1.060000,CPU_VDDCR0
18:15:26.871,1.060000,CPU_VDDCR0
18:15:27.371,1.060000,CPU_VDDCR0
18:15:27.871,1.050000,CPU_VDDCR0
18:15:28.371,1.050000,CPU_VDDCR0
18:15:28.871,1.050000,CPU_VDDCR0
18:15:29.371,1.050000,CPU_VDDCR0
18:15:29.871,1.050000,CPU_VDDCR0
18:15:30.371,1.050000,CPU_VDDCR0
18:15:30.871,1.050000,CPU_VDDCR0
18:15:31.371,1.050000,CPU_VDDCR0
18:15:31.871,1.050000,CPU_VDDCR0
18:15:32.371,1.050000,CPU_VDDCR0
18:15:32.871,1.050000,CPU_VDDCR0
18:15:33.371,1.050000,CPU_VDDCR0
18:15:33.871,1.050000,CPU_VDDCR0
18:15:34.371,1.050000,CPU_VDDCR0
18:15:34.871,1.050000,CPU_VDDCR0
18:15:35.371,1.050000,CPU_VDDCR0
18:15:35.871,1.050000,CPU_VDDCR0
18:15:36.371,1.050000,CPU_VDDCR0
18:15:36.871,1.050000,CPU_VDDCR0
18:15:37.371,1.050000,CPU_VDDCR0
18:15:37.871,1.050000,CPU_VDDCR0
18:15:38.371,1.050000,CPU_VDDCR0
18:15:38.871,1.050000,CPU_VDDCR0
18:15:39.371,1.050000,CPU_VDDCR0
18:15:39.871,1.050000,CPU_VDDCR0
18:15:40.371,1.050000,CPU_VDDCR0
18:15:40.871,1.050000,CPU_VDDCR0
18:15:41.371,1.050000,CPU_VDDCR0
18:15:41.871,1.050000,CPU_VDDCR0
18:15:42.371,1.050000,CPU_VDDCR0
18:15:42.871,1.050000,CPU_VDDCR0
18:15:43.371,1.050000,CPU_VDDCR0
18:15:43.871,1.050000,CPU_VDDCR0
18:15:44.371,1.050000,CPU_VDDCR0
18:15:44.871,1.050000,CPU_VDDCR0
18:15:45.371,1.050000,CPU_VDDCR0
18:15:45.871,1.050000,CPU_VDDCR0
18:15:46.371,1.050000,CPU_VDDCR0
18:15:46.871,1.050000,CPU_VDDCR0
18:15:47.371,1.050000,CPU_VDDCR0
18:15:47.871,1.050000,CPU_VDDCR0
18:15:48.371,1.050000,CPU_VDDCR0
18:15:48.871,1.050000,CPU_VDDCR0
18:15:49.371,1.050000,CPU_VDDCR0
18:15:49.871,1.050000,CPU_VDDCR0
18:15:50.371,1.050000,CPU_VDDCR0
18:15:50.871,1.050000,CPU_VDDCR0
18:15:51.371,1.050000,CPU_VDDCR0
18:15:23.371,0.970000,CPU_SOC
18:15:23.871,0.970000,CPU_SOC
18:15:24.371,0.970000,CPU_SOC
18:15:24.871,0.970000,CPU_SOC
18:15:25.371,0.970000,CPU_SOC
18:15:25.871,0.970000,CPU_SOC
18:15:26.371,0.970000,CPU_SOC
18:15:26.871,0.970000,CPU_SOC
18:15:27.371,0.970000,CPU_SOC
18:15:27.871,0.970000,CPU_SOC
18:15:28.371,0.970000,CPU_SOC
18:15:28.871,0.970000,CPU_SOC
18:15:29.371,0.970000,CPU_SOC
18:15:29.871,0.970000,CPU_SOC
18:15:30.371,0.970000,CPU_SOC
18:15:30.871,0.970000,CPU_SOC
18:15:31.371,0.970000,CPU_SOC
18:15:31.871,0.970000,CPU_SOC
18:15:32.371,0.970000,CPU_SOC
18:15:32.871,0.970000,CPU_SOC
18:15:33.371,0.970000,CPU_SOC
18:15:33.871,0.970000,CPU_SOC
18:15:34.371,0.970000,CPU_SOC
18:15:34.871,0.970000,CPU_SOC
18:15:35.371,0.970000,CPU_SOC
18:15:35.871,0.970000,CPU_SOC
18:15:36.371,0.970000,CPU_SOC
18:15:36.871,0.970000,CPU_SOC
18:15:37.371,0.970000,CPU_SOC
18:15:37.871,0.970000,CPU_SOC
18:15:38.371,0.970000,CPU_SOC
18:15:38.871,0.970000,CPU_SOC
18:15:39.371,0.970000,CPU_SOC
18:15:39.871,0.970000,CPU_SOC
18:15:40.371,0.970000,CPU_SOC
18:15:40.871,0.970000,CPU_SOC
18:15:41.371,0.970000,CPU_SOC
18:15:41.871,0.970000,CPU_SOC
18:15:42.371,0.970000,CPU_SOC
18:15:42.871,0.970000,CPU_SOC
18:15:43.371,0.970000,CPU_SOC
18:15:43.871,0.970000,CPU_SOC
18:15:44.371,0.970000,CPU_SOC
18:15:44.871,0.970000,CPU_SOC
18:15:45.371,0.970000,CPU_SOC
18:15:45.871,0.970000,CPU_SOC
18:15:46.371,0.970000,CPU_SOC
18:15:46.871,0.970000,CPU_SOC
18:15:47.371,0.970000,CPU_SOC
18:15:47.871,0.970000,CPU_SOC
18:15:48.371,0.970000,CPU_SOC
18:15:48.871,0.970000,CPU_SOC
18:15:49.371,0.970000,CPU_SOC
18:15:49.871,0.970000,CPU_SOC
18:15:50.371,0.970000,CPU_SOC
18:15:50.871,0.970000,CPU_SOC
18:15:51.371,0.970000,CPU_SOC
18:15:23.371,0.830000,CPU_VDDCR1
18:15:23.871,0.830000,CPU_VDDCR1
18:15:24.371,0.830000,CPU_VDDCR1
18:15:24.871,0.830000,CPU_VDDCR1
18:15:25.371,0.830000,CPU_VDDCR1
18:15:25.871,0.830000,CPU_VDDCR1
18:15:26.371,0.830000,CPU_VDDCR1
18:15:26.871,0.830000,CPU_VDDCR1
18:15:27.371,0.830000,CPU_VDDCR1
18:15:27.871,1.060000,CPU_VDDCR1
18:15:28.371,1.060000,CPU_VDDCR1
18:15:28.871,1.060000,CPU_VDDCR1
18:15:29.371,1.060000,CPU_VDDCR1
18:15:29.871,1.060000,CPU_VDDCR1
18:15:30.371,1.060000,CPU_VDDCR1
18:15:30.871,1.060000,CPU_VDDCR1
18:15:31.371,1.060000,CPU_VDDCR1
18:15:31.871,1.060000,CPU_VDDCR1
18:15:32.371,1.060000,CPU_VDDCR1
18:15:32.871,1.060000,CPU_VDDCR1
18:15:33.371,1.060000,CPU_VDDCR1
18:15:33.871,1.060000,CPU_VDDCR1
18:15:34.371,1.060000,CPU_VDDCR1
18:15:34.871,1.060000,CPU_VDDCR1
18:15:35.371,1.060000,CPU_VDDCR1
18:15:35.871,1.060000,CPU_VDDCR1
18:15:36.371,1.060000,CPU_VDDCR1
18:15:36.871,1.060000,CPU_VDDCR1
18:15:37.371,1.060000,CPU_VDDCR1
18:15:37.871,1.060000,CPU_VDDCR1
18:15:38.371,1.060000,CPU_VDDCR1
18:15:38.871,1.060000,CPU_VDDCR1
18:15:39.371,1.060000,CPU_VDDCR1
18:15:39.871,1.060000,CPU_VDDCR1
18:15:40.371,1.060000,CPU_VDDCR1
18:15:40.871,1.060000,CPU_VDDCR1
18:15:41.371,1.060000,CPU_VDDCR1
18:15:41.871,1.060000,CPU_VDDCR1
18:15:42.371,1.060000,CPU_VDDCR1
18:15:42.871,1.060000,CPU_VDDCR1
18:15:43.371,1.060000,CPU_VDDCR1
18:15:43.871,1.060000,CPU_VDDCR1
18:15:44.371,1.060000,CPU_VDDCR1
18:15:44.871,1.060000,CPU_VDDCR1
18:15:45.371,1.060000,CPU_VDDCR1
18:15:45.871,1.060000,CPU_VDDCR1
18:15:46.371,1.060000,CPU_VDDCR1
18:15:46.871,1.060000,CPU_VDDCR1
18:15:47.371,1.060000,CPU_VDDCR1
18:15:47.871,1.060000,CPU_VDDCR1
18:15:48.371,1.060000,CPU_VDDCR1
18:15:48.871,1.060000,CPU_VDDCR1
18:15:49.371,1.060000,CPU_VDDCR1
18:15:49.871,1.060000,CPU_VDDCR1
18:15:50.371,1.060000,CPU_VDDCR1
18:15:50.871,1.060000,CPU_VDDCR1
18:15:51.371,1.060000,CPU_VDDCR1
18:15:23.371,1.090000,CPU_VDDIO
18:15:23.871,1.090000,CPU_VDDIO
18:15:24.371,1.090000,CPU_VDDIO
18:15:24.871,1.090000,CPU_VDDIO
18:15:25.371,1.090000,CPU_VDDIO
18:15:25.871,1.090000,CPU_VDDIO
18:15:26.371,1.090000,CPU_VDDIO
18:15:26.871,1.090000,CPU_VDDIO
18:15:27.371,1.090000,CPU_VDDIO
18:15:27.871,1.090000,CPU_VDDIO
18:15:28.371,1.090000,CPU_VDDIO
18:15:28.871,1.090000,CPU_VDDIO
18:15:29.371,1.090000,CPU_VDDIO
18:15:29.871,1.090000,CPU_VDDIO
18:15:30.371,1.090000,CPU_VDDIO
18:15:30.871,1.090000,CPU_VDDIO
18:15:31.371,1.090000,CPU_VDDIO
18:15:31.871,1.090000,CPU_VDDIO
18:15:32.371,1.090000,CPU_VDDIO
18:15:32.871,1.090000,CPU_VDDIO
18:15:33.371,1.090000,CPU_VDDIO
18:15:33.871,1.090000,CPU_VDDIO
18:15:34.371,1.090000,CPU_VDDIO
18:15:34.871,1.090000,CPU_VDDIO
18:15:35.371,1.090000,CPU_VDDIO
18:15:35.871,1.090000,CPU_VDDIO
18:15:36.371,1.090000,CPU_VDDIO
18:15:36.871,1.090000,CPU_VDDIO
18:15:37.371,1.090000,CPU_VDDIO
18:15:37.871,1.090000,CPU_VDDIO
18:15:38.371,1.090000,CPU_VDDIO
18:15:38.871,1.090000,CPU_VDDIO
18:15:39.371,1.090000,CPU_VDDIO
18:15:39.871,1.090000,CPU_VDDIO
18:15:40.371,1.090000,CPU_VDDIO
18:15:40.871,1.090000,CPU_VDDIO
18:15:41.371,1.090000,CPU_VDDIO
18:15:41.871,1.090000,CPU_VDDIO
18:15:42.371,1.090000,CPU_VDDIO
18:15:42.871,1.090000,CPU_VDDIO
18:15:43.371,1.090000,CPU_VDDIO
18:15:43.871,1.090000,CPU_VDDIO
18:15:44.371,1.090000,CPU_VDDIO
18:15:44.871,1.090000,CPU_VDDIO
18:15:45.371,1.090000,CPU_VDDIO
18:15:45.871,1.090000,CPU_VDDIO
18:15:46.371,1.090000,CPU_VDDIO
18:15:46.871,1.090000,CPU_VDDIO
18:15:47.371,1.090000,CPU_VDDIO
18:15:47.871,1.090000,CPU_VDDIO
18:15:48.371,1.090000,CPU_VDDIO
18:15:48.871,1.090000,CPU_VDDIO
18:15:49.371,1.090000,CPU_VDDIO
18:15:49.871,1.090000,CPU_VDDIO
18:15:50.371,1.090000,CPU_VDDIO
18:15:50.871,1.090000,CPU_VDDIO
18:15:51.371,1.090000,CPU_VDDIO
18:15:23.371,12.080000,MB 12V
18:15:23.871,12.080000,MB 12V
18:15:24.371,12.080000,MB 12V
18:15:24.871,12.080000,MB 12V
18:15:25.371,12.080000,MB 12V
18:15:25.871,12.080000,MB 12V
18:15:26.371,12.080000,MB 12V
18:15:26.871,12.080000,MB 12V
18:15:27.371,12.080000,MB 12V
18:15:27.871,12.080000,MB 12V
18:15:28.371,12.080000,MB 12V
18:15:28.871,12.080000,MB 12V
18:15:29.371,12.080000,MB 12V
18:15:29.871,12.080000,MB 12V
18:15:30.371,12.080000,MB 12V
18:15:30.871,12.080000,MB 12V
18:15:31.371,12.080000,MB 12V
18:15:31.871,12.080000,MB 12V
18:15:32.371,12.080000,MB 12V
18:15:32.871,12.080000,MB 12V
18:15:33.371,12.080000,MB 12V
18:15:33.871,12.080000,MB 12V
18:15:34.371,12.080000,MB 12V
18:15:34.871,12.080000,MB 12V
18:15:35.371,12.080000,MB 12V
18:15:35.871,12.080000,MB 12V
18:15:36.371,12.080000,MB 12V
18:15:36.871,12.080000,MB 12V
18:15:37.371,12.080000,MB 12V
18:15:37.871,12.080000,MB 12V
18:15:38.371,12.080000,MB 12V
18:15:38.871,12.080000,MB 12V
18:15:39.371,12.080000,MB 12V
18:15:39.871,12.080000,MB 12V
18:15:40.371,12.080000,MB 12V
18:15:40.871,12.080000,MB 12V
18:15:41.371,12.080000,MB 12V
18:15:41.871,12.080000,MB 12V
18:15:42.371,12.080000,MB 12V
18:15:42.871,12.080000,MB 12V
18:15:43.371,12.080000,MB 12V
18:15:43.871,12.080000,MB 12V
18:15:44.371,12.080000,MB 12V
18:15:44.871,12.080000,MB 12V
18:15:45.371,12.080000,MB 12V
18:15:45.871,12.080000,MB 12V
18:15:46.371,12.080000,MB 12V
18:15:46.871,12.080000,MB 12V
18:15:47.371,12.080000,MB 12V
18:15:47.871,12.080000,MB 12V
18:15:48.371,12.080000,MB 12V
18:15:48.871,12.080000,MB 12V
18:15:49.371,12.080000,MB 12V
18:15:49.871,12.080000,MB 12V
18:15:50.371,12.080000,MB 12V
18:15:50.871,12.080000,MB 12V
18:15:51.371,12.080000,MB 12V
18:15:23.371,5.180000,MB 5VCC
18:15:23.871,5.180000,MB 5VCC
18:15:24.371,5.180000,MB 5VCC
18:15:24.871,5.180000,MB 5VCC
18:15:25.371,5.180000,MB 5VCC
18:15:25.871,5.180000,MB 5VCC
18:15:26.371,5.180000,MB 5VCC
18:15:26.871,5.180000,MB 5VCC
18:15:27.371,5.180000,MB 5VCC
18:15:27.871,5.180000,MB 5VCC
18:15:28.371,5.180000,MB 5VCC
18:15:28.871,5.180000,MB 5VCC
18:15:29.371,5.180000,MB 5VCC
18:15:29.871,5.180000,MB 5VCC
18:15:30.371,5.180000,MB 5VCC
18:15:30.871,5.180000,MB 5VCC
18:15:31.371,5.180000,MB 5VCC
18:15:31.871,5.180000,MB 5VCC
18:15:32.371,5.180000,MB 5VCC
18:15:32.871,5.180000,MB 5VCC
18:15:33.371,5.180000,MB 5VCC
18:15:33.871,5.180000,MB 5VCC
18:15:34.371,5.180000,MB 5VCC
18:15:34.871,5.180000,MB 5VCC
18:15:35.371,5.180000,MB 5VCC
18:15:35.871,5.180000,MB 5VCC
18:15:36.371,5.180000,MB 5VCC
18:15:36.871,5.180000,MB 5VCC
18:15:37.371,5.180000,MB 5VCC
18:15:37.871,5.180000,MB 5VCC
18:15:38.371,5.180000,MB 5VCC
18:15:38.871,5.180000,MB 5VCC
18:15:39.371,5.180000,MB 5VCC
18:15:39.871,5.180000,MB 5VCC
18:15:40.371,5.180000,MB 5VCC
18:15:40.871,5.180000,MB 5VCC
18:15:41.371,5.180000,MB 5VCC
18:15:41.871,5.180000,MB 5VCC
18:15:42.371,5.180000,MB 5VCC
18:15:42.871,5.180000,MB 5VCC
18:15:43.371,5.180000,MB 5VCC
18:15:43.871,5.180000,MB 5VCC
18:15:44.371,5.180000,MB 5VCC
18:15:44.871,5.180000,MB 5VCC
18:15:45.371,5.180000,MB 5VCC
18:15:45.871,5.180000,MB 5VCC
18:15:46.371,5.180000,MB 5VCC
18:15:46.871,5.180000,MB 5VCC
18:15:47.371,5.180000,MB 5VCC
18:15:47.871,5.180000,MB 5VCC
18:15:48.371,5.180000,MB 5VCC
18:15:48.871,5.180000,MB 5VCC
18:15:49.371,5.180000,MB 5VCC
18:15:49.871,5.180000,MB 5VCC
18:15:50.371,5.180000,MB 5VCC
18:15:50.871,5.180000,MB 5VCC
18:15:51.371,5.180000,MB 5VCC
18:15:23.371,3.400000,MB 3.3VCC
18:15:23.871,3.400000,MB 3.3VCC
18:15:24.371,3.400000,MB 3.3VCC
18:15:24.871,3.400000,MB 3.3VCC
18:15:25.371,3.400000,MB 3.3VCC
18:15:25.871,3.400000,MB 3.3VCC
18:15:26.371,3.400000,MB 3.3VCC
18:15:26.871,3.400000,MB 3.3VCC
18:15:27.371,3.400000,MB 3.3VCC
18:15:27.871,3.400000,MB 3.3VCC
18:15:28.371,3.400000,MB 3.3VCC
18:15:28.871,3.400000,MB 3.3VCC
18:15:29.371,3.400000,MB 3.3VCC
18:15:29.871,3.400000,MB 3.3VCC
18:15:30.371,3.400000,MB 3.3VCC
18:15:30.871,3.400000,MB 3.3VCC
18:15:31.371,3.400000,MB 3.3VCC
18:15:31.871,3.400000,MB 3.3VCC
18:15:32.371,3.400000,MB 3.3VCC
18:15:32.871,3.400000,MB 3.3VCC
18:15:33.371,3.400000,MB 3.3VCC
18:15:33.871,3.400000,MB 3.3VCC
18:15:34.371,3.400000,MB 3.3VCC
18:15:34.871,3.400000,MB 3.3VCC
18:15:35.371,3.400000,MB 3.3VCC
18:15:35.871,3.400000,MB 3.3VCC
18:15:36.371,3.400000,MB 3.3VCC
18:15:36.871,3.400000,MB 3.3VCC
18:15:37.371,3.400000,MB 3.3VCC
18:15:37.871,3.400000,MB 3.3VCC
18:15:38.371,3.400000,MB 3.3VCC
18:15:38.871,3.400000,MB 3.3VCC
18:15:39.371,3.400000,MB 3.3VCC
18:15:39.871,3.400000,MB 3.3VCC
18:15:40.371,3.400000,MB 3.3VCC
18:15:40.871,3.400000,MB 3.3VCC
18:15:41.371,3.400000,MB 3.3VCC
18:15:41.871,3.400000,MB 3.3VCC
18:15:42.371,3.400000,MB 3.3VCC
18:15:42.871,3.400000,MB 3.3VCC
18:15:43.371,3.400000,MB 3.3VCC
18:15:43.871,3.400000,MB 3.3VCC
18:15:44.371,3.400000,MB 3.3VCC
18:15:44.871,3.400000,MB 3.3VCC
18:15:45.371,3.400000,MB 3.3VCC
18:15:45.871,3.400000,MB 3.3VCC
18:15:46.371,3.400000,MB 3.3VCC
18:15:46.871,3.400000,MB 3.3VCC
18:15:47.371,3.400000,MB 3.3VCC
18:15:47.871,3.400000,MB 3.3VCC
18:15:48.371,3.400000,MB 3.3VCC
18:15:48.871,3.400000,MB 3.3VCC
18:15:49.371,3.400000,MB 3.3VCC
18:15:49.871,3.400000,MB 3.3VCC
18:15:50.371,3.400000,MB 3.3VCC
18:15:50.871,3.400000,MB 3.3VCC
18:15:51.371,3.400000,MB 3.3VCC
